2025-04-02 15:51:41,970 - INFO - Initializing system...
2025-04-02 15:51:42,008 - INFO - Initializing embedding model...
2025-04-02 15:51:42,008 - INFO - Load pretrained SentenceTransformer: sentence-transformers/all-MiniLM-L6-v2
2025-04-02 15:52:07,970 - INFO - Model initialized in 25.96s
2025-04-02 15:52:07,970 - INFO - Loading embedding cache...
2025-04-02 15:52:07,970 - INFO - Processing documents...
2025-04-02 15:52:12,123 - INFO - Processed 2 new/updated files
2025-04-02 15:52:12,123 - INFO - Indexing 888 chunks...
2025-04-02 15:52:12,123 - INFO - Generating embeddings for 888 new chunks...
2025-04-02 15:53:25,347 - INFO - Upserted 888 vectors
2025-04-02 15:53:25,548 - INFO - Inserted 888 chunks into keyword database
2025-04-02 15:53:25,548 - INFO - Indexed 888 chunks successfully
2025-04-02 15:53:37,419 - ERROR - Search failed: no such column: fts_document_keywords
2025-04-02 15:53:43,948 - ERROR - Search failed: no such column: fts_document_keywords
2025-04-02 16:20:34,478 - INFO - Resources released successfully
2025-04-02 16:20:34,478 - INFO - System shutdown
2025-04-02 16:21:04,529 - INFO - Initializing system...
2025-04-02 16:21:04,577 - INFO - Initializing embedding model...
2025-04-02 16:21:04,577 - INFO - Load pretrained SentenceTransformer: sentence-transformers/all-MiniLM-L6-v2
2025-04-02 16:21:07,854 - INFO - Model initialized in 3.28s
2025-04-02 16:21:08,018 - INFO - Loading embedding cache...
2025-04-02 16:21:08,024 - INFO - Processing documents...
2025-04-02 16:21:12,598 - INFO - Processed 2 new/updated files
2025-04-02 16:21:12,598 - INFO - Indexing 888 chunks...
2025-04-02 16:21:12,598 - INFO - Generating embeddings for 888 new chunks...
2025-04-02 16:22:33,291 - INFO - Upserted 888 vectors
2025-04-02 16:22:33,551 - INFO - Inserted 888 chunks into keyword database
2025-04-02 16:22:33,551 - INFO - Indexed 888 chunks successfully
2025-04-02 16:22:47,377 - ERROR - Search failed: no such column: fts_document_keywords
2025-04-02 17:06:21,989 - INFO - Resources released successfully
2025-04-02 17:06:21,990 - INFO - System shutdown
2025-04-02 17:07:00,828 - INFO - Initializing system...
2025-04-02 17:07:00,957 - INFO - Initializing embedding model...
2025-04-02 17:07:00,959 - INFO - Load pretrained SentenceTransformer: sentence-transformers/all-MiniLM-L6-v2
2025-04-02 17:07:25,835 - INFO - Model initialized in 24.88s
2025-04-02 17:07:25,836 - INFO - Loading embedding cache...
2025-04-02 17:07:25,837 - INFO - Processing documents...
2025-04-02 17:07:29,939 - INFO - Processed 2 new/updated files
2025-04-02 17:07:29,939 - INFO - Indexing 888 chunks...
2025-04-02 17:07:29,940 - INFO - Generating embeddings for 888 new chunks...
2025-04-02 17:08:41,808 - INFO - Upserted 888 vectors
2025-04-02 17:08:42,004 - INFO - Inserted 888 chunks into keyword database
2025-04-02 17:08:42,004 - INFO - Indexed 888 chunks successfully
2025-04-02 17:09:03,089 - ERROR - Search failed: no such column: fts_document_keywords
2025-04-02 17:09:11,160 - INFO - Resources released successfully
2025-04-02 17:09:11,161 - INFO - System shutdown
2025-04-02 17:17:46,994 - INFO - Initializing system...
2025-04-02 17:17:47,103 - INFO - Initializing embedding model...
2025-04-02 17:17:47,104 - INFO - Load pretrained SentenceTransformer: sentence-transformers/all-MiniLM-L6-v2
2025-04-02 17:18:14,669 - INFO - Model initialized in 27.57s
2025-04-02 17:18:14,669 - INFO - Loading embedding cache...
2025-04-02 17:18:14,670 - INFO - Processing documents...
2025-04-02 17:18:18,886 - INFO - Processed 2 new/updated files
2025-04-02 17:18:18,886 - INFO - Indexing 888 chunks...
2025-04-02 17:18:18,887 - INFO - Generating embeddings for 888 new chunks...
2025-04-02 17:19:34,255 - INFO - Upserted 888 vectors
2025-04-02 17:19:34,262 - ERROR - Indexing failed: 'KeywordDatabase' object has no attribute 'insert_chunks'
2025-04-02 17:19:34,262 - ERROR - Fatal error: 'KeywordDatabase' object has no attribute 'insert_chunks'
2025-04-02 17:19:34,263 - INFO - Resources released successfully
2025-04-02 17:19:34,263 - INFO - System shutdown
2025-04-02 17:21:27,777 - INFO - Initializing system...
2025-04-02 17:21:27,900 - INFO - Initializing embedding model...
2025-04-02 17:21:27,901 - INFO - Load pretrained SentenceTransformer: sentence-transformers/all-MiniLM-L6-v2
2025-04-02 17:21:53,226 - INFO - Model initialized in 25.32s
2025-04-02 17:21:53,227 - INFO - Loading embedding cache...
2025-04-02 17:21:53,227 - INFO - Processing documents...
2025-04-02 17:21:57,883 - INFO - Processed 2 new/updated files
2025-04-02 17:21:57,884 - INFO - Indexing 888 chunks...
2025-04-02 17:21:57,884 - INFO - Generating embeddings for 888 new chunks...
2025-04-02 17:23:11,450 - INFO - Upserted 888 vectors
2025-04-02 17:23:11,607 - INFO - Inserted 888 chunks into keyword database
2025-04-02 17:23:11,608 - INFO - Indexed 888 chunks successfully
2025-04-02 17:23:19,320 - ERROR - Search failed: no such column: fts_document_keywords
2025-04-02 17:23:25,945 - ERROR - Search failed: no such column: fts_document_keywords
2025-04-02 17:23:31,716 - ERROR - Search failed: no such column: fts_document_keywords
2025-04-02 17:47:28,830 - INFO - Resources released successfully
2025-04-02 17:47:28,831 - INFO - System shutdown
2025-04-02 17:47:45,574 - INFO - Initializing system...
2025-04-02 17:47:45,709 - INFO - Initializing embedding model...
2025-04-02 17:47:45,710 - INFO - Load pretrained SentenceTransformer: sentence-transformers/all-MiniLM-L6-v2
2025-04-02 17:48:11,936 - INFO - Model initialized in 26.23s
2025-04-02 17:48:11,937 - INFO - Loading embedding cache...
2025-04-02 17:48:11,938 - INFO - Processing documents...
2025-04-02 17:48:16,328 - INFO - Processed 2 new/updated files
2025-04-02 17:48:16,329 - INFO - Indexing 888 chunks...
2025-04-02 17:48:16,332 - INFO - Generating embeddings for 888 new chunks...
2025-04-02 17:49:32,429 - INFO - Upserted 888 vectors
2025-04-02 17:49:32,435 - ERROR - Indexing failed: 'KeywordDatabase' object has no attribute 'insert_chunks'
2025-04-02 17:49:32,436 - ERROR - Fatal error: 'KeywordDatabase' object has no attribute 'insert_chunks'
2025-04-02 17:49:32,436 - INFO - Resources released successfully
2025-04-02 17:49:32,438 - INFO - System shutdown
2025-04-02 17:52:18,859 - INFO - Initializing system...
2025-04-02 17:52:19,054 - INFO - Initializing embedding model...
2025-04-02 17:52:19,054 - INFO - Load pretrained SentenceTransformer: sentence-transformers/all-MiniLM-L6-v2
2025-04-02 17:52:45,900 - INFO - Model initialized in 26.85s
2025-04-02 17:52:45,901 - INFO - Loading embedding cache...
2025-04-02 17:52:45,902 - INFO - Processing documents...
2025-04-02 17:52:50,052 - INFO - Processed 2 new/updated files
2025-04-02 17:52:50,052 - INFO - Indexing 888 chunks...
2025-04-02 17:52:50,053 - INFO - Generating embeddings for 888 new chunks...
2025-04-02 17:54:04,979 - INFO - Upserted 888 vectors
2025-04-02 17:54:05,167 - INFO - Inserted 888 chunks into keyword database
2025-04-02 17:54:05,168 - INFO - Indexed 888 chunks successfully
2025-04-02 17:54:16,956 - ERROR - Search failed: no such column: fts_document_keywords
2025-04-02 17:54:41,463 - ERROR - Search failed: no such column: fts_document_keywords
2025-04-02 17:54:48,794 - ERROR - Search failed: no such column: fts_document_keywords
2025-04-02 17:58:41,244 - INFO - Resources released successfully
2025-04-02 17:58:41,244 - INFO - System shutdown
2025-04-02 18:39:30,223 - INFO - Initializing system...
2025-04-02 18:39:30,343 - INFO - Initializing embedding model...
2025-04-02 18:39:30,343 - INFO - Load pretrained SentenceTransformer: sentence-transformers/all-MiniLM-L6-v2
2025-04-02 18:39:57,100 - INFO - Model initialized in 26.76s
2025-04-02 18:39:57,100 - INFO - Loading embedding cache...
2025-04-02 18:39:57,101 - INFO - Processing documents...
2025-04-02 18:40:01,565 - INFO - Processed 2 new/updated files
2025-04-02 18:40:01,565 - INFO - Indexing 888 chunks...
2025-04-02 18:40:01,565 - INFO - Generating embeddings for 888 new chunks...
2025-04-02 18:41:16,304 - INFO - Upserted 888 vectors
2025-04-02 18:41:17,180 - INFO - Inserted 888 chunks into keyword database
2025-04-02 18:41:17,181 - INFO - Indexed 888 chunks successfully
2025-04-02 18:41:28,006 - ERROR - Search failed: no such column: fts_document_keywords
2025-04-02 18:41:35,161 - INFO - Resources released successfully
2025-04-02 18:41:35,161 - INFO - System shutdown
2025-04-02 18:46:41,982 - INFO - Initializing system...
2025-04-02 18:46:42,200 - INFO - Initializing embedding model...
2025-04-02 18:46:42,200 - INFO - Load pretrained SentenceTransformer: sentence-transformers/all-MiniLM-L6-v2
2025-04-02 18:47:13,061 - INFO - Model initialized in 30.86s
2025-04-02 18:47:13,063 - INFO - Loading embedding cache...
2025-04-02 18:47:13,064 - INFO - Processing documents...
2025-04-02 18:47:17,037 - INFO - Processed 2 new/updated files
2025-04-02 18:47:17,039 - INFO - Indexing 888 chunks...
2025-04-02 18:47:17,040 - INFO - Generating embeddings for 888 new chunks...
2025-04-02 18:48:28,704 - INFO - Upserted 888 vectors
2025-04-02 18:48:29,453 - INFO - Inserted 888 chunks into keyword database
2025-04-02 18:48:29,454 - INFO - Indexed 888 chunks successfully
2025-04-02 18:48:34,463 - INFO - Searching with keywords: ['what', 'numpy']
2025-04-02 18:48:34,494 - ERROR - Hybrid search error: no such column: fts_document_keywords
2025-04-02 18:48:34,495 - INFO - Found 0 results
2025-04-02 18:48:43,480 - INFO - Searching with keywords: []
2025-04-02 18:48:43,507 - INFO - Found 5 results
2025-04-02 18:48:43,508 - INFO - Result 1: Score=1.0, PDF=data1.pdf
2025-04-02 18:48:43,508 - INFO - Result 2: Score=0.5, PDF=data1.pdf
2025-04-02 18:48:43,508 - INFO - Result 3: Score=0.3333333333333333, PDF=data1.pdf
2025-04-02 18:48:48,734 - INFO - Resources released successfully
2025-04-02 18:48:48,735 - INFO - System shutdown
2025-04-02 18:50:29,278 - INFO - Initializing system...
2025-04-02 18:50:29,447 - INFO - Initializing embedding model...
2025-04-02 18:50:29,448 - INFO - Load pretrained SentenceTransformer: sentence-transformers/all-MiniLM-L6-v2
2025-04-02 18:50:32,424 - INFO - Model initialized in 2.98s
2025-04-02 18:50:32,424 - INFO - Loading embedding cache...
2025-04-02 18:50:32,763 - INFO - Processing documents...
2025-04-02 18:50:32,784 - INFO - No new documents to process
2025-04-02 18:50:43,788 - INFO - Searching with keywords: ['what', 'numpy']
2025-04-02 18:50:43,820 - ERROR - Hybrid search error: no such column: fts_document_keywords
2025-04-02 18:50:43,820 - INFO - Found 0 results
2025-04-02 18:51:06,394 - INFO - Searching with keywords: []
2025-04-02 18:51:06,432 - INFO - Found 5 results
2025-04-02 18:51:06,432 - INFO - Result 1: Score=1.0, PDF=data1.pdf
2025-04-02 18:51:06,432 - INFO - Result 2: Score=0.5, PDF=data1.pdf
2025-04-02 18:51:06,432 - INFO - Result 3: Score=0.3333333333333333, PDF=data1.pdf
2025-04-02 19:02:07,810 - INFO - Initializing system...
2025-04-02 19:02:07,819 - ERROR - Fatal error: Storage folder C:\Users\siddh\OneDrive\Desktop\Semantic_search with Qdrant\qdrant_db is already accessed by another instance of Qdrant client. If you require concurrent access, use Qdrant server instead.
2025-04-02 19:02:07,820 - INFO - System shutdown
2025-04-02 19:07:08,920 - INFO - No valid PDFs found. Exiting.
2025-04-02 19:07:08,920 - INFO - System shutdown
2025-04-02 20:18:34,543 - INFO - No valid PDFs found. Exiting.
2025-04-02 20:18:34,543 - INFO - System shutdown
2025-04-02 20:24:14,717 - INFO - Initializing system...
2025-04-02 20:24:14,815 - INFO - Initializing embedding model...
2025-04-02 20:24:14,815 - INFO - Load pretrained SentenceTransformer: sentence-transformers/all-MiniLM-L6-v2
2025-04-02 20:24:41,012 - INFO - Model initialized in 26.20s
2025-04-02 20:24:41,012 - INFO - Loading embedding cache...
2025-04-02 20:24:41,014 - INFO - Processing documents...
2025-04-02 20:24:45,332 - INFO - Processed 2 files
2025-04-02 20:24:45,332 - INFO - Indexing 888 chunks...
2025-04-02 20:24:45,333 - INFO - Generating embeddings for 888 new chunks...
2025-04-02 20:26:00,825 - INFO - Upserted 888 vectors
2025-04-02 20:26:01,813 - INFO - Indexed 888 chunks successfully
2025-04-02 20:26:18,302 - INFO - Processing query: 'what is numpy'
2025-04-02 20:26:18,532 - INFO - Total results before filtering: 0
2025-04-02 20:26:29,543 - INFO - Resources released successfully
2025-04-02 20:26:29,544 - INFO - System shutdown
2025-04-02 20:35:43,999 - INFO - System shutdown
2025-04-02 20:36:31,548 - INFO - System shutdown
2025-04-02 20:37:38,762 - INFO - System shutdown
2025-04-02 20:58:44,704 - INFO - Initializing system...
2025-04-02 20:58:44,991 - INFO - Initializing embedding model...
2025-04-02 20:58:44,991 - INFO - Load pretrained SentenceTransformer: sentence-transformers/all-MiniLM-L6-v2
2025-04-02 20:58:48,163 - INFO - Model initialized in 3.17s
2025-04-02 20:58:48,164 - INFO - Loading embedding cache...
2025-04-02 20:58:48,529 - INFO - Processing documents...
2025-04-02 20:58:56,098 - INFO - Indexing 2756 chunks...
2025-04-02 20:58:56,099 - INFO - Generating embeddings for 1858 new chunks...
2025-04-02 21:00:57,625 - INFO - Upserted 2756 vectors
2025-04-02 21:00:57,644 - ERROR - Indexing failed: 'access_level'
2025-04-02 21:00:57,645 - ERROR - Fatal error: 'access_level'
2025-04-02 21:00:57,646 - INFO - Resources released successfully
2025-04-02 21:00:57,650 - INFO - System shutdown
2025-04-02 21:06:14,261 - INFO - Initializing system...
2025-04-02 21:06:14,699 - INFO - Initializing embedding model...
2025-04-02 21:06:14,699 - INFO - Load pretrained SentenceTransformer: sentence-transformers/all-MiniLM-L6-v2
2025-04-02 21:06:18,661 - INFO - Model initialized in 3.96s
2025-04-02 21:06:18,662 - INFO - Loading embedding cache...
2025-04-02 21:06:20,379 - INFO - Processing documents...
2025-04-02 21:06:20,418 - INFO - No new documents to process
2025-04-02 21:06:34,235 - INFO - Resources released successfully
2025-04-02 21:06:34,236 - INFO - System shutdown
2025-04-02 21:06:45,378 - INFO - Initializing system...
2025-04-02 21:06:45,700 - INFO - Initializing embedding model...
2025-04-02 21:06:45,700 - INFO - Load pretrained SentenceTransformer: sentence-transformers/all-MiniLM-L6-v2
2025-04-02 21:06:49,096 - INFO - Model initialized in 3.40s
2025-04-02 21:06:49,096 - INFO - Loading embedding cache...
2025-04-02 21:06:49,721 - INFO - Processing documents...
2025-04-02 21:06:49,752 - INFO - No new documents to process
2025-04-02 21:07:01,052 - INFO - Resources released successfully
2025-04-02 21:07:01,053 - INFO - System shutdown
2025-07-30 09:15:18,281 - INFO - Initializing system...
2025-07-30 09:15:18,357 - INFO - Initializing embedding model...
2025-07-30 09:15:18,357 - INFO - Load pretrained SentenceTransformer: sentence-transformers/all-MiniLM-L6-v2
2025-07-30 09:15:22,902 - INFO - Model initialized in 4.55s
2025-07-30 09:15:22,902 - INFO - Loading embedding cache...
2025-07-30 09:15:23,226 - INFO - Processing documents...
2025-07-30 09:15:23,237 - INFO - No new documents to process
2025-07-30 09:16:17,716 - INFO - Resources released successfully
2025-07-30 09:16:17,717 - INFO - System shutdown
2025-07-30 09:36:58,948 - INFO - Initializing VectorStore...
2025-07-30 09:36:58,952 - ERROR - Initialization failed: type object 'Config' has no attribute 'KEYWORD_INDEX'
Traceback (most recent call last):
  File "/Users/siddharthkumbharkar/Documents/Code/hybrid search/Semantic-Search/app.py", line 114, in main
    vector_store = get_vector_store()
                   ^^^^^^^^^^^^^^^^^^
  File "/Library/Frameworks/Python.framework/Versions/3.12/lib/python3.12/site-packages/streamlit/runtime/caching/cache_utils.py", line 225, in __call__
    return self._get_or_create_cached_value(args, kwargs, spinner_message)
           ^^^^^^^^^^^^^^^^^^^^^^^^^^^^^^^^^^^^^^^^^^^^^^^^^^^^^^^^^^^^^^^
  File "/Library/Frameworks/Python.framework/Versions/3.12/lib/python3.12/site-packages/streamlit/runtime/caching/cache_utils.py", line 267, in _get_or_create_cached_value
    return self._handle_cache_miss(cache, value_key, func_args, func_kwargs)
           ^^^^^^^^^^^^^^^^^^^^^^^^^^^^^^^^^^^^^^^^^^^^^^^^^^^^^^^^^^^^^^^^^
  File "/Library/Frameworks/Python.framework/Versions/3.12/lib/python3.12/site-packages/streamlit/runtime/caching/cache_utils.py", line 326, in _handle_cache_miss
    computed_value = self._info.func(*func_args, **func_kwargs)
                     ^^^^^^^^^^^^^^^^^^^^^^^^^^^^^^^^^^^^^^^^^^
  File "/Users/siddharthkumbharkar/Documents/Code/hybrid search/Semantic-Search/app.py", line 27, in get_vector_store
    return VectorStore()
           ^^^^^^^^^^^^^
  File "/Users/siddharthkumbharkar/Documents/Code/hybrid search/Semantic-Search/vector_store.py", line 18, in __init__
    self.keyword_db = KeywordDatabase()
                      ^^^^^^^^^^^^^^^^^
  File "/Users/siddharthkumbharkar/Documents/Code/hybrid search/Semantic-Search/keyword_db.py", line 15, in __init__
    self._init_db()
  File "/Users/siddharthkumbharkar/Documents/Code/hybrid search/Semantic-Search/keyword_db.py", line 19, in _init_db
    cur.execute(f"DROP TABLE IF EXISTS {Config.KEYWORD_INDEX}")
                                        ^^^^^^^^^^^^^^^^^^^^
AttributeError: type object 'Config' has no attribute 'KEYWORD_INDEX'. Did you mean: 'KEYWORD_DB'?
2025-07-30 09:38:53,081 - INFO - Initializing VectorStore...
2025-07-30 09:38:53,083 - INFO - Creating new database schema for table: keyword_index
2025-07-30 09:38:53,085 - INFO - Initializing embedding model...
2025-07-30 09:38:53,085 - INFO - Load pretrained SentenceTransformer: all-MiniLM-L6-v2
2025-07-30 09:38:58,400 - INFO - Loading embedding cache...
2025-07-30 09:38:58,407 - INFO - Initializing Chatbot...
2025-07-30 09:38:58,478 - INFO - HTTP Request: POST http://127.0.0.1:11434/api/show "HTTP/1.1 200 OK"
2025-07-30 09:38:58,479 - INFO - Successfully connected to Ollama model: llama3.2:latest
2025-07-30 09:38:58,480 - WARNING - No PDF files found in /Users/siddharthkumbharkar/Documents/Code/hybrid search/Semantic-Search/data
2025-07-30 09:38:58,480 - INFO - No new documents to process.
2025-07-30 09:39:11,788 - WARNING - No PDF files found in /Users/siddharthkumbharkar/Documents/Code/hybrid search/Semantic-Search/data
2025-07-30 09:39:11,788 - INFO - No new documents to process.
2025-07-30 09:39:20,916 - WARNING - No PDF files found in /Users/siddharthkumbharkar/Documents/Code/hybrid search/Semantic-Search/data
2025-07-30 09:39:20,916 - INFO - No new documents to process.
2025-07-30 09:39:25,821 - WARNING - No PDF files found in /Users/siddharthkumbharkar/Documents/Code/hybrid search/Semantic-Search/data
2025-07-30 09:39:25,821 - INFO - No new documents to process.
2025-07-30 09:39:26,831 - INFO - Retrieving context for query: 'what is numpy?'
2025-07-30 09:39:30,975 - WARNING - No PDF files found in /Users/siddharthkumbharkar/Documents/Code/hybrid search/Semantic-Search/data
2025-07-30 09:39:30,975 - INFO - No new documents to process.
2025-07-30 09:42:30,412 - INFO - Initializing VectorStore...
2025-07-30 09:42:30,417 - INFO - Table 'keyword_index' already exists. Skipping creation.
2025-07-30 09:42:30,417 - INFO - Initializing embedding model...
2025-07-30 09:42:30,417 - INFO - Load pretrained SentenceTransformer: all-MiniLM-L6-v2
2025-07-30 09:42:35,907 - INFO - Loading embedding cache...
2025-07-30 09:42:35,912 - INFO - Initializing Chatbot...
2025-07-30 09:42:35,984 - INFO - HTTP Request: POST http://127.0.0.1:11434/api/show "HTTP/1.1 200 OK"
2025-07-30 09:42:35,986 - INFO - Successfully connected to Ollama model: llama3.2:latest
2025-07-30 09:42:36,012 - INFO - No new documents to process.
2025-07-30 09:42:42,917 - INFO - No new documents to process.
2025-07-30 09:42:47,364 - INFO - No new documents to process.
2025-07-30 09:42:54,601 - INFO - No new documents to process.
2025-07-30 09:42:55,609 - INFO - Retrieving context for query: 'what is numpy?'
2025-07-30 09:50:28,090 - INFO - Initializing VectorStore...
2025-07-30 09:50:28,093 - INFO - Recreating keyword database schema for table: keyword_index
2025-07-30 09:50:28,095 - INFO - Initializing embedding model...
2025-07-30 09:50:28,095 - INFO - Load pretrained SentenceTransformer: all-MiniLM-L6-v2
2025-07-30 09:50:32,369 - INFO - Loading embedding cache...
2025-07-30 09:50:32,374 - INFO - Initializing Chatbot...
2025-07-30 09:50:32,448 - INFO - HTTP Request: POST http://127.0.0.1:11434/api/show "HTTP/1.1 200 OK"
2025-07-30 09:50:32,449 - INFO - Successfully connected to Ollama model: llama3.2:latest
2025-07-30 09:50:33,558 - INFO - Indexing 888 new chunks...
2025-07-30 09:50:33,558 - INFO - Generating embeddings for 888 new chunks...
2025-07-30 09:50:41,906 - INFO - Upserted 888 vectors
2025-07-30 09:50:42,126 - INFO - Indexed 888 chunks successfully
2025-07-30 09:50:50,457 - INFO - Indexing 888 new chunks...
2025-07-30 09:50:51,009 - INFO - Upserted 888 vectors
2025-07-30 09:50:51,011 - ERROR - DB insert error: UNIQUE constraint failed: keyword_index.id
2025-07-30 09:50:51,011 - ERROR - DB insert error: UNIQUE constraint failed: keyword_index.id
2025-07-30 09:50:51,011 - ERROR - DB insert error: UNIQUE constraint failed: keyword_index.id
2025-07-30 09:50:51,012 - ERROR - DB insert error: UNIQUE constraint failed: keyword_index.id
2025-07-30 09:50:51,012 - ERROR - DB insert error: UNIQUE constraint failed: keyword_index.id
2025-07-30 09:50:51,013 - ERROR - DB insert error: UNIQUE constraint failed: keyword_index.id
2025-07-30 09:50:51,013 - ERROR - DB insert error: UNIQUE constraint failed: keyword_index.id
2025-07-30 09:50:51,014 - ERROR - DB insert error: UNIQUE constraint failed: keyword_index.id
2025-07-30 09:50:51,014 - ERROR - DB insert error: UNIQUE constraint failed: keyword_index.id
2025-07-30 09:50:51,015 - ERROR - DB insert error: UNIQUE constraint failed: keyword_index.id
2025-07-30 09:50:51,015 - ERROR - DB insert error: UNIQUE constraint failed: keyword_index.id
2025-07-30 09:50:51,015 - ERROR - DB insert error: UNIQUE constraint failed: keyword_index.id
2025-07-30 09:50:51,015 - ERROR - DB insert error: UNIQUE constraint failed: keyword_index.id
2025-07-30 09:50:51,016 - ERROR - DB insert error: UNIQUE constraint failed: keyword_index.id
2025-07-30 09:50:51,016 - ERROR - DB insert error: UNIQUE constraint failed: keyword_index.id
2025-07-30 09:50:51,016 - ERROR - DB insert error: UNIQUE constraint failed: keyword_index.id
2025-07-30 09:50:51,016 - ERROR - DB insert error: UNIQUE constraint failed: keyword_index.id
2025-07-30 09:50:51,016 - ERROR - DB insert error: UNIQUE constraint failed: keyword_index.id
2025-07-30 09:50:51,016 - ERROR - DB insert error: UNIQUE constraint failed: keyword_index.id
2025-07-30 09:50:51,017 - ERROR - DB insert error: UNIQUE constraint failed: keyword_index.id
2025-07-30 09:50:51,017 - ERROR - DB insert error: UNIQUE constraint failed: keyword_index.id
2025-07-30 09:50:51,017 - ERROR - DB insert error: UNIQUE constraint failed: keyword_index.id
2025-07-30 09:50:51,017 - ERROR - DB insert error: UNIQUE constraint failed: keyword_index.id
2025-07-30 09:50:51,018 - ERROR - DB insert error: UNIQUE constraint failed: keyword_index.id
2025-07-30 09:50:51,018 - ERROR - DB insert error: UNIQUE constraint failed: keyword_index.id
2025-07-30 09:50:51,018 - ERROR - DB insert error: UNIQUE constraint failed: keyword_index.id
2025-07-30 09:50:51,019 - ERROR - DB insert error: UNIQUE constraint failed: keyword_index.id
2025-07-30 09:50:51,019 - ERROR - DB insert error: UNIQUE constraint failed: keyword_index.id
2025-07-30 09:50:51,019 - ERROR - DB insert error: UNIQUE constraint failed: keyword_index.id
2025-07-30 09:50:51,019 - ERROR - DB insert error: UNIQUE constraint failed: keyword_index.id
2025-07-30 09:50:51,019 - ERROR - DB insert error: UNIQUE constraint failed: keyword_index.id
2025-07-30 09:50:51,020 - ERROR - DB insert error: UNIQUE constraint failed: keyword_index.id
2025-07-30 09:50:51,020 - ERROR - DB insert error: UNIQUE constraint failed: keyword_index.id
2025-07-30 09:50:51,020 - ERROR - DB insert error: UNIQUE constraint failed: keyword_index.id
2025-07-30 09:50:51,020 - ERROR - DB insert error: UNIQUE constraint failed: keyword_index.id
2025-07-30 09:50:51,021 - ERROR - DB insert error: UNIQUE constraint failed: keyword_index.id
2025-07-30 09:50:51,021 - ERROR - DB insert error: UNIQUE constraint failed: keyword_index.id
2025-07-30 09:50:51,021 - ERROR - DB insert error: UNIQUE constraint failed: keyword_index.id
2025-07-30 09:50:51,021 - ERROR - DB insert error: UNIQUE constraint failed: keyword_index.id
2025-07-30 09:50:51,021 - ERROR - DB insert error: UNIQUE constraint failed: keyword_index.id
2025-07-30 09:50:51,022 - ERROR - DB insert error: UNIQUE constraint failed: keyword_index.id
2025-07-30 09:50:51,022 - ERROR - DB insert error: UNIQUE constraint failed: keyword_index.id
2025-07-30 09:50:51,022 - ERROR - DB insert error: UNIQUE constraint failed: keyword_index.id
2025-07-30 09:50:51,022 - ERROR - DB insert error: UNIQUE constraint failed: keyword_index.id
2025-07-30 09:50:51,023 - ERROR - DB insert error: UNIQUE constraint failed: keyword_index.id
2025-07-30 09:50:51,023 - ERROR - DB insert error: UNIQUE constraint failed: keyword_index.id
2025-07-30 09:50:51,023 - ERROR - DB insert error: UNIQUE constraint failed: keyword_index.id
2025-07-30 09:50:51,023 - ERROR - DB insert error: UNIQUE constraint failed: keyword_index.id
2025-07-30 09:50:51,024 - ERROR - DB insert error: UNIQUE constraint failed: keyword_index.id
2025-07-30 09:50:51,024 - ERROR - DB insert error: UNIQUE constraint failed: keyword_index.id
2025-07-30 09:50:51,024 - ERROR - DB insert error: UNIQUE constraint failed: keyword_index.id
2025-07-30 09:50:51,024 - ERROR - DB insert error: UNIQUE constraint failed: keyword_index.id
2025-07-30 09:50:51,024 - ERROR - DB insert error: UNIQUE constraint failed: keyword_index.id
2025-07-30 09:50:51,025 - ERROR - DB insert error: UNIQUE constraint failed: keyword_index.id
2025-07-30 09:50:51,025 - ERROR - DB insert error: UNIQUE constraint failed: keyword_index.id
2025-07-30 09:50:51,025 - ERROR - DB insert error: UNIQUE constraint failed: keyword_index.id
2025-07-30 09:50:51,025 - ERROR - DB insert error: UNIQUE constraint failed: keyword_index.id
2025-07-30 09:50:51,025 - ERROR - DB insert error: UNIQUE constraint failed: keyword_index.id
2025-07-30 09:50:51,026 - ERROR - DB insert error: UNIQUE constraint failed: keyword_index.id
2025-07-30 09:50:51,026 - ERROR - DB insert error: UNIQUE constraint failed: keyword_index.id
2025-07-30 09:50:51,026 - ERROR - DB insert error: UNIQUE constraint failed: keyword_index.id
2025-07-30 09:50:51,027 - ERROR - DB insert error: UNIQUE constraint failed: keyword_index.id
2025-07-30 09:50:51,027 - ERROR - DB insert error: UNIQUE constraint failed: keyword_index.id
2025-07-30 09:50:51,027 - ERROR - DB insert error: UNIQUE constraint failed: keyword_index.id
2025-07-30 09:50:51,027 - ERROR - DB insert error: UNIQUE constraint failed: keyword_index.id
2025-07-30 09:50:51,028 - ERROR - DB insert error: UNIQUE constraint failed: keyword_index.id
2025-07-30 09:50:51,028 - ERROR - DB insert error: UNIQUE constraint failed: keyword_index.id
2025-07-30 09:50:51,028 - ERROR - DB insert error: UNIQUE constraint failed: keyword_index.id
2025-07-30 09:50:51,028 - ERROR - DB insert error: UNIQUE constraint failed: keyword_index.id
2025-07-30 09:50:51,029 - ERROR - DB insert error: UNIQUE constraint failed: keyword_index.id
2025-07-30 09:50:51,029 - ERROR - DB insert error: UNIQUE constraint failed: keyword_index.id
2025-07-30 09:50:51,029 - ERROR - DB insert error: UNIQUE constraint failed: keyword_index.id
2025-07-30 09:50:51,029 - ERROR - DB insert error: UNIQUE constraint failed: keyword_index.id
2025-07-30 09:50:51,030 - ERROR - DB insert error: UNIQUE constraint failed: keyword_index.id
2025-07-30 09:50:51,030 - ERROR - DB insert error: UNIQUE constraint failed: keyword_index.id
2025-07-30 09:50:51,030 - ERROR - DB insert error: UNIQUE constraint failed: keyword_index.id
2025-07-30 09:50:51,030 - ERROR - DB insert error: UNIQUE constraint failed: keyword_index.id
2025-07-30 09:50:51,031 - ERROR - DB insert error: UNIQUE constraint failed: keyword_index.id
2025-07-30 09:50:51,031 - ERROR - DB insert error: UNIQUE constraint failed: keyword_index.id
2025-07-30 09:50:51,031 - ERROR - DB insert error: UNIQUE constraint failed: keyword_index.id
2025-07-30 09:50:51,031 - ERROR - DB insert error: UNIQUE constraint failed: keyword_index.id
2025-07-30 09:50:51,032 - ERROR - DB insert error: UNIQUE constraint failed: keyword_index.id
2025-07-30 09:50:51,032 - ERROR - DB insert error: UNIQUE constraint failed: keyword_index.id
2025-07-30 09:50:51,032 - ERROR - DB insert error: UNIQUE constraint failed: keyword_index.id
2025-07-30 09:50:51,032 - ERROR - DB insert error: UNIQUE constraint failed: keyword_index.id
2025-07-30 09:50:51,033 - ERROR - DB insert error: UNIQUE constraint failed: keyword_index.id
2025-07-30 09:50:51,033 - ERROR - DB insert error: UNIQUE constraint failed: keyword_index.id
2025-07-30 09:50:51,033 - ERROR - DB insert error: UNIQUE constraint failed: keyword_index.id
2025-07-30 09:50:51,034 - ERROR - DB insert error: UNIQUE constraint failed: keyword_index.id
2025-07-30 09:50:51,034 - ERROR - DB insert error: UNIQUE constraint failed: keyword_index.id
2025-07-30 09:50:51,034 - ERROR - DB insert error: UNIQUE constraint failed: keyword_index.id
2025-07-30 09:50:51,034 - ERROR - DB insert error: UNIQUE constraint failed: keyword_index.id
2025-07-30 09:50:51,034 - ERROR - DB insert error: UNIQUE constraint failed: keyword_index.id
2025-07-30 09:50:51,035 - ERROR - DB insert error: UNIQUE constraint failed: keyword_index.id
2025-07-30 09:50:51,035 - ERROR - DB insert error: UNIQUE constraint failed: keyword_index.id
2025-07-30 09:50:51,035 - ERROR - DB insert error: UNIQUE constraint failed: keyword_index.id
2025-07-30 09:50:51,035 - ERROR - DB insert error: UNIQUE constraint failed: keyword_index.id
2025-07-30 09:50:51,036 - ERROR - DB insert error: UNIQUE constraint failed: keyword_index.id
2025-07-30 09:50:51,036 - ERROR - DB insert error: UNIQUE constraint failed: keyword_index.id
2025-07-30 09:50:51,036 - ERROR - DB insert error: UNIQUE constraint failed: keyword_index.id
2025-07-30 09:50:51,036 - ERROR - DB insert error: UNIQUE constraint failed: keyword_index.id
2025-07-30 09:50:51,037 - ERROR - DB insert error: UNIQUE constraint failed: keyword_index.id
2025-07-30 09:50:51,037 - ERROR - DB insert error: UNIQUE constraint failed: keyword_index.id
2025-07-30 09:50:51,037 - ERROR - DB insert error: UNIQUE constraint failed: keyword_index.id
2025-07-30 09:50:51,037 - ERROR - DB insert error: UNIQUE constraint failed: keyword_index.id
2025-07-30 09:50:51,038 - ERROR - DB insert error: UNIQUE constraint failed: keyword_index.id
2025-07-30 09:50:51,038 - ERROR - DB insert error: UNIQUE constraint failed: keyword_index.id
2025-07-30 09:50:51,038 - ERROR - DB insert error: UNIQUE constraint failed: keyword_index.id
2025-07-30 09:50:51,038 - ERROR - DB insert error: UNIQUE constraint failed: keyword_index.id
2025-07-30 09:50:51,038 - ERROR - DB insert error: UNIQUE constraint failed: keyword_index.id
2025-07-30 09:50:51,039 - ERROR - DB insert error: UNIQUE constraint failed: keyword_index.id
2025-07-30 09:50:51,039 - ERROR - DB insert error: UNIQUE constraint failed: keyword_index.id
2025-07-30 09:50:51,039 - ERROR - DB insert error: UNIQUE constraint failed: keyword_index.id
2025-07-30 09:50:51,040 - ERROR - DB insert error: UNIQUE constraint failed: keyword_index.id
2025-07-30 09:50:51,040 - ERROR - DB insert error: UNIQUE constraint failed: keyword_index.id
2025-07-30 09:50:51,040 - ERROR - DB insert error: UNIQUE constraint failed: keyword_index.id
2025-07-30 09:50:51,040 - ERROR - DB insert error: UNIQUE constraint failed: keyword_index.id
2025-07-30 09:50:51,041 - ERROR - DB insert error: UNIQUE constraint failed: keyword_index.id
2025-07-30 09:50:51,041 - ERROR - DB insert error: UNIQUE constraint failed: keyword_index.id
2025-07-30 09:50:51,041 - ERROR - DB insert error: UNIQUE constraint failed: keyword_index.id
2025-07-30 09:50:51,041 - ERROR - DB insert error: UNIQUE constraint failed: keyword_index.id
2025-07-30 09:50:51,042 - ERROR - DB insert error: UNIQUE constraint failed: keyword_index.id
2025-07-30 09:50:51,042 - ERROR - DB insert error: UNIQUE constraint failed: keyword_index.id
2025-07-30 09:50:51,042 - ERROR - DB insert error: UNIQUE constraint failed: keyword_index.id
2025-07-30 09:50:51,043 - ERROR - DB insert error: UNIQUE constraint failed: keyword_index.id
2025-07-30 09:50:51,043 - ERROR - DB insert error: UNIQUE constraint failed: keyword_index.id
2025-07-30 09:50:51,043 - ERROR - DB insert error: UNIQUE constraint failed: keyword_index.id
2025-07-30 09:50:51,043 - ERROR - DB insert error: UNIQUE constraint failed: keyword_index.id
2025-07-30 09:50:51,043 - ERROR - DB insert error: UNIQUE constraint failed: keyword_index.id
2025-07-30 09:50:51,044 - ERROR - DB insert error: UNIQUE constraint failed: keyword_index.id
2025-07-30 09:50:51,044 - ERROR - DB insert error: UNIQUE constraint failed: keyword_index.id
2025-07-30 09:50:51,044 - ERROR - DB insert error: UNIQUE constraint failed: keyword_index.id
2025-07-30 09:50:51,044 - ERROR - DB insert error: UNIQUE constraint failed: keyword_index.id
2025-07-30 09:50:51,045 - ERROR - DB insert error: UNIQUE constraint failed: keyword_index.id
2025-07-30 09:50:51,045 - ERROR - DB insert error: UNIQUE constraint failed: keyword_index.id
2025-07-30 09:50:51,045 - ERROR - DB insert error: UNIQUE constraint failed: keyword_index.id
2025-07-30 09:50:51,046 - ERROR - DB insert error: UNIQUE constraint failed: keyword_index.id
2025-07-30 09:50:51,046 - ERROR - DB insert error: UNIQUE constraint failed: keyword_index.id
2025-07-30 09:50:51,046 - ERROR - DB insert error: UNIQUE constraint failed: keyword_index.id
2025-07-30 09:50:51,046 - ERROR - DB insert error: UNIQUE constraint failed: keyword_index.id
2025-07-30 09:50:51,046 - ERROR - DB insert error: UNIQUE constraint failed: keyword_index.id
2025-07-30 09:50:51,047 - ERROR - DB insert error: UNIQUE constraint failed: keyword_index.id
2025-07-30 09:50:51,047 - ERROR - DB insert error: UNIQUE constraint failed: keyword_index.id
2025-07-30 09:50:51,047 - ERROR - DB insert error: UNIQUE constraint failed: keyword_index.id
2025-07-30 09:50:51,047 - ERROR - DB insert error: UNIQUE constraint failed: keyword_index.id
2025-07-30 09:50:51,049 - ERROR - DB insert error: UNIQUE constraint failed: keyword_index.id
2025-07-30 09:50:51,050 - ERROR - DB insert error: UNIQUE constraint failed: keyword_index.id
2025-07-30 09:50:51,051 - ERROR - DB insert error: UNIQUE constraint failed: keyword_index.id
2025-07-30 09:50:51,052 - ERROR - DB insert error: UNIQUE constraint failed: keyword_index.id
2025-07-30 09:50:51,052 - ERROR - DB insert error: UNIQUE constraint failed: keyword_index.id
2025-07-30 09:50:51,054 - ERROR - DB insert error: UNIQUE constraint failed: keyword_index.id
2025-07-30 09:50:51,055 - ERROR - DB insert error: UNIQUE constraint failed: keyword_index.id
2025-07-30 09:50:51,055 - ERROR - DB insert error: UNIQUE constraint failed: keyword_index.id
2025-07-30 09:50:51,056 - ERROR - DB insert error: UNIQUE constraint failed: keyword_index.id
2025-07-30 09:50:51,057 - ERROR - DB insert error: UNIQUE constraint failed: keyword_index.id
2025-07-30 09:50:51,057 - ERROR - DB insert error: UNIQUE constraint failed: keyword_index.id
2025-07-30 09:50:51,059 - ERROR - DB insert error: UNIQUE constraint failed: keyword_index.id
2025-07-30 09:50:51,060 - ERROR - DB insert error: UNIQUE constraint failed: keyword_index.id
2025-07-30 09:50:51,060 - ERROR - DB insert error: UNIQUE constraint failed: keyword_index.id
2025-07-30 09:50:51,061 - ERROR - DB insert error: UNIQUE constraint failed: keyword_index.id
2025-07-30 09:50:51,062 - ERROR - DB insert error: UNIQUE constraint failed: keyword_index.id
2025-07-30 09:50:51,063 - ERROR - DB insert error: UNIQUE constraint failed: keyword_index.id
2025-07-30 09:50:51,064 - ERROR - DB insert error: UNIQUE constraint failed: keyword_index.id
2025-07-30 09:50:51,065 - ERROR - DB insert error: UNIQUE constraint failed: keyword_index.id
2025-07-30 09:50:51,066 - ERROR - DB insert error: UNIQUE constraint failed: keyword_index.id
2025-07-30 09:50:51,067 - ERROR - DB insert error: UNIQUE constraint failed: keyword_index.id
2025-07-30 09:50:51,068 - ERROR - DB insert error: UNIQUE constraint failed: keyword_index.id
2025-07-30 09:50:51,068 - ERROR - DB insert error: UNIQUE constraint failed: keyword_index.id
2025-07-30 09:50:51,068 - ERROR - DB insert error: UNIQUE constraint failed: keyword_index.id
2025-07-30 09:50:51,069 - ERROR - DB insert error: UNIQUE constraint failed: keyword_index.id
2025-07-30 09:50:51,069 - ERROR - DB insert error: UNIQUE constraint failed: keyword_index.id
2025-07-30 09:50:51,070 - ERROR - DB insert error: UNIQUE constraint failed: keyword_index.id
2025-07-30 09:50:51,070 - ERROR - DB insert error: UNIQUE constraint failed: keyword_index.id
2025-07-30 09:50:51,070 - ERROR - DB insert error: UNIQUE constraint failed: keyword_index.id
2025-07-30 09:50:51,070 - ERROR - DB insert error: UNIQUE constraint failed: keyword_index.id
2025-07-30 09:50:51,070 - ERROR - DB insert error: UNIQUE constraint failed: keyword_index.id
2025-07-30 09:50:51,071 - ERROR - DB insert error: UNIQUE constraint failed: keyword_index.id
2025-07-30 09:50:51,071 - ERROR - DB insert error: UNIQUE constraint failed: keyword_index.id
2025-07-30 09:50:51,071 - ERROR - DB insert error: UNIQUE constraint failed: keyword_index.id
2025-07-30 09:50:51,072 - ERROR - DB insert error: UNIQUE constraint failed: keyword_index.id
2025-07-30 09:50:51,073 - ERROR - DB insert error: UNIQUE constraint failed: keyword_index.id
2025-07-30 09:50:51,073 - ERROR - DB insert error: UNIQUE constraint failed: keyword_index.id
2025-07-30 09:50:51,074 - ERROR - DB insert error: UNIQUE constraint failed: keyword_index.id
2025-07-30 09:50:51,075 - ERROR - DB insert error: UNIQUE constraint failed: keyword_index.id
2025-07-30 09:50:51,076 - ERROR - DB insert error: UNIQUE constraint failed: keyword_index.id
2025-07-30 09:50:51,076 - ERROR - DB insert error: UNIQUE constraint failed: keyword_index.id
2025-07-30 09:50:51,076 - ERROR - DB insert error: UNIQUE constraint failed: keyword_index.id
2025-07-30 09:50:51,077 - ERROR - DB insert error: UNIQUE constraint failed: keyword_index.id
2025-07-30 09:50:51,077 - ERROR - DB insert error: UNIQUE constraint failed: keyword_index.id
2025-07-30 09:50:51,077 - ERROR - DB insert error: UNIQUE constraint failed: keyword_index.id
2025-07-30 09:50:51,078 - ERROR - DB insert error: UNIQUE constraint failed: keyword_index.id
2025-07-30 09:50:51,078 - ERROR - DB insert error: UNIQUE constraint failed: keyword_index.id
2025-07-30 09:50:51,078 - ERROR - DB insert error: UNIQUE constraint failed: keyword_index.id
2025-07-30 09:50:51,078 - ERROR - DB insert error: UNIQUE constraint failed: keyword_index.id
2025-07-30 09:50:51,079 - ERROR - DB insert error: UNIQUE constraint failed: keyword_index.id
2025-07-30 09:50:51,079 - ERROR - DB insert error: UNIQUE constraint failed: keyword_index.id
2025-07-30 09:50:51,079 - ERROR - DB insert error: UNIQUE constraint failed: keyword_index.id
2025-07-30 09:50:51,079 - ERROR - DB insert error: UNIQUE constraint failed: keyword_index.id
2025-07-30 09:50:51,079 - ERROR - DB insert error: UNIQUE constraint failed: keyword_index.id
2025-07-30 09:50:51,080 - ERROR - DB insert error: UNIQUE constraint failed: keyword_index.id
2025-07-30 09:50:51,080 - ERROR - DB insert error: UNIQUE constraint failed: keyword_index.id
2025-07-30 09:50:51,080 - ERROR - DB insert error: UNIQUE constraint failed: keyword_index.id
2025-07-30 09:50:51,081 - ERROR - DB insert error: UNIQUE constraint failed: keyword_index.id
2025-07-30 09:50:51,081 - ERROR - DB insert error: UNIQUE constraint failed: keyword_index.id
2025-07-30 09:50:51,081 - ERROR - DB insert error: UNIQUE constraint failed: keyword_index.id
2025-07-30 09:50:51,081 - ERROR - DB insert error: UNIQUE constraint failed: keyword_index.id
2025-07-30 09:50:51,082 - ERROR - DB insert error: UNIQUE constraint failed: keyword_index.id
2025-07-30 09:50:51,082 - ERROR - DB insert error: UNIQUE constraint failed: keyword_index.id
2025-07-30 09:50:51,082 - ERROR - DB insert error: UNIQUE constraint failed: keyword_index.id
2025-07-30 09:50:51,082 - ERROR - DB insert error: UNIQUE constraint failed: keyword_index.id
2025-07-30 09:50:51,082 - ERROR - DB insert error: UNIQUE constraint failed: keyword_index.id
2025-07-30 09:50:51,083 - ERROR - DB insert error: UNIQUE constraint failed: keyword_index.id
2025-07-30 09:50:51,083 - ERROR - DB insert error: UNIQUE constraint failed: keyword_index.id
2025-07-30 09:50:51,083 - ERROR - DB insert error: UNIQUE constraint failed: keyword_index.id
2025-07-30 09:50:51,083 - ERROR - DB insert error: UNIQUE constraint failed: keyword_index.id
2025-07-30 09:50:51,083 - ERROR - DB insert error: UNIQUE constraint failed: keyword_index.id
2025-07-30 09:50:51,084 - ERROR - DB insert error: UNIQUE constraint failed: keyword_index.id
2025-07-30 09:50:51,084 - ERROR - DB insert error: UNIQUE constraint failed: keyword_index.id
2025-07-30 09:50:51,084 - ERROR - DB insert error: UNIQUE constraint failed: keyword_index.id
2025-07-30 09:50:51,084 - ERROR - DB insert error: UNIQUE constraint failed: keyword_index.id
2025-07-30 09:50:51,085 - ERROR - DB insert error: UNIQUE constraint failed: keyword_index.id
2025-07-30 09:50:51,085 - ERROR - DB insert error: UNIQUE constraint failed: keyword_index.id
2025-07-30 09:50:51,085 - ERROR - DB insert error: UNIQUE constraint failed: keyword_index.id
2025-07-30 09:50:51,085 - ERROR - DB insert error: UNIQUE constraint failed: keyword_index.id
2025-07-30 09:50:51,086 - ERROR - DB insert error: UNIQUE constraint failed: keyword_index.id
2025-07-30 09:50:51,086 - ERROR - DB insert error: UNIQUE constraint failed: keyword_index.id
2025-07-30 09:50:51,086 - ERROR - DB insert error: UNIQUE constraint failed: keyword_index.id
2025-07-30 09:50:51,086 - ERROR - DB insert error: UNIQUE constraint failed: keyword_index.id
2025-07-30 09:50:51,086 - ERROR - DB insert error: UNIQUE constraint failed: keyword_index.id
2025-07-30 09:50:51,087 - ERROR - DB insert error: UNIQUE constraint failed: keyword_index.id
2025-07-30 09:50:51,087 - ERROR - DB insert error: UNIQUE constraint failed: keyword_index.id
2025-07-30 09:50:51,087 - ERROR - DB insert error: UNIQUE constraint failed: keyword_index.id
2025-07-30 09:50:51,087 - ERROR - DB insert error: UNIQUE constraint failed: keyword_index.id
2025-07-30 09:50:51,088 - ERROR - DB insert error: UNIQUE constraint failed: keyword_index.id
2025-07-30 09:50:51,088 - ERROR - DB insert error: UNIQUE constraint failed: keyword_index.id
2025-07-30 09:50:51,088 - ERROR - DB insert error: UNIQUE constraint failed: keyword_index.id
2025-07-30 09:50:51,089 - ERROR - DB insert error: UNIQUE constraint failed: keyword_index.id
2025-07-30 09:50:51,089 - ERROR - DB insert error: UNIQUE constraint failed: keyword_index.id
2025-07-30 09:50:51,089 - ERROR - DB insert error: UNIQUE constraint failed: keyword_index.id
2025-07-30 09:50:51,089 - ERROR - DB insert error: UNIQUE constraint failed: keyword_index.id
2025-07-30 09:50:51,090 - ERROR - DB insert error: UNIQUE constraint failed: keyword_index.id
2025-07-30 09:50:51,090 - ERROR - DB insert error: UNIQUE constraint failed: keyword_index.id
2025-07-30 09:50:51,090 - ERROR - DB insert error: UNIQUE constraint failed: keyword_index.id
2025-07-30 09:50:51,090 - ERROR - DB insert error: UNIQUE constraint failed: keyword_index.id
2025-07-30 09:50:51,091 - ERROR - DB insert error: UNIQUE constraint failed: keyword_index.id
2025-07-30 09:50:51,091 - ERROR - DB insert error: UNIQUE constraint failed: keyword_index.id
2025-07-30 09:50:51,091 - ERROR - DB insert error: UNIQUE constraint failed: keyword_index.id
2025-07-30 09:50:51,091 - ERROR - DB insert error: UNIQUE constraint failed: keyword_index.id
2025-07-30 09:50:51,092 - ERROR - DB insert error: UNIQUE constraint failed: keyword_index.id
2025-07-30 09:50:51,092 - ERROR - DB insert error: UNIQUE constraint failed: keyword_index.id
2025-07-30 09:50:51,092 - ERROR - DB insert error: UNIQUE constraint failed: keyword_index.id
2025-07-30 09:50:51,092 - ERROR - DB insert error: UNIQUE constraint failed: keyword_index.id
2025-07-30 09:50:51,092 - ERROR - DB insert error: UNIQUE constraint failed: keyword_index.id
2025-07-30 09:50:51,093 - ERROR - DB insert error: UNIQUE constraint failed: keyword_index.id
2025-07-30 09:50:51,093 - ERROR - DB insert error: UNIQUE constraint failed: keyword_index.id
2025-07-30 09:50:51,093 - ERROR - DB insert error: UNIQUE constraint failed: keyword_index.id
2025-07-30 09:50:51,093 - ERROR - DB insert error: UNIQUE constraint failed: keyword_index.id
2025-07-30 09:50:51,094 - ERROR - DB insert error: UNIQUE constraint failed: keyword_index.id
2025-07-30 09:50:51,094 - ERROR - DB insert error: UNIQUE constraint failed: keyword_index.id
2025-07-30 09:50:51,094 - ERROR - DB insert error: UNIQUE constraint failed: keyword_index.id
2025-07-30 09:50:51,094 - ERROR - DB insert error: UNIQUE constraint failed: keyword_index.id
2025-07-30 09:50:51,095 - ERROR - DB insert error: UNIQUE constraint failed: keyword_index.id
2025-07-30 09:50:51,095 - ERROR - DB insert error: UNIQUE constraint failed: keyword_index.id
2025-07-30 09:50:51,095 - ERROR - DB insert error: UNIQUE constraint failed: keyword_index.id
2025-07-30 09:50:51,095 - ERROR - DB insert error: UNIQUE constraint failed: keyword_index.id
2025-07-30 09:50:51,096 - ERROR - DB insert error: UNIQUE constraint failed: keyword_index.id
2025-07-30 09:50:51,096 - ERROR - DB insert error: UNIQUE constraint failed: keyword_index.id
2025-07-30 09:50:51,096 - ERROR - DB insert error: UNIQUE constraint failed: keyword_index.id
2025-07-30 09:50:51,097 - ERROR - DB insert error: UNIQUE constraint failed: keyword_index.id
2025-07-30 09:50:51,097 - ERROR - DB insert error: UNIQUE constraint failed: keyword_index.id
2025-07-30 09:50:51,097 - ERROR - DB insert error: UNIQUE constraint failed: keyword_index.id
2025-07-30 09:50:51,098 - ERROR - DB insert error: UNIQUE constraint failed: keyword_index.id
2025-07-30 09:50:51,098 - ERROR - DB insert error: UNIQUE constraint failed: keyword_index.id
2025-07-30 09:50:51,098 - ERROR - DB insert error: UNIQUE constraint failed: keyword_index.id
2025-07-30 09:50:51,099 - ERROR - DB insert error: UNIQUE constraint failed: keyword_index.id
2025-07-30 09:50:51,099 - ERROR - DB insert error: UNIQUE constraint failed: keyword_index.id
2025-07-30 09:50:51,099 - ERROR - DB insert error: UNIQUE constraint failed: keyword_index.id
2025-07-30 09:50:51,099 - ERROR - DB insert error: UNIQUE constraint failed: keyword_index.id
2025-07-30 09:50:51,100 - ERROR - DB insert error: UNIQUE constraint failed: keyword_index.id
2025-07-30 09:50:51,100 - ERROR - DB insert error: UNIQUE constraint failed: keyword_index.id
2025-07-30 09:50:51,100 - ERROR - DB insert error: UNIQUE constraint failed: keyword_index.id
2025-07-30 09:50:51,100 - ERROR - DB insert error: UNIQUE constraint failed: keyword_index.id
2025-07-30 09:50:51,101 - ERROR - DB insert error: UNIQUE constraint failed: keyword_index.id
2025-07-30 09:50:51,101 - ERROR - DB insert error: UNIQUE constraint failed: keyword_index.id
2025-07-30 09:50:51,101 - ERROR - DB insert error: UNIQUE constraint failed: keyword_index.id
2025-07-30 09:50:51,101 - ERROR - DB insert error: UNIQUE constraint failed: keyword_index.id
2025-07-30 09:50:51,102 - ERROR - DB insert error: UNIQUE constraint failed: keyword_index.id
2025-07-30 09:50:51,102 - ERROR - DB insert error: UNIQUE constraint failed: keyword_index.id
2025-07-30 09:50:51,102 - ERROR - DB insert error: UNIQUE constraint failed: keyword_index.id
2025-07-30 09:50:51,102 - ERROR - DB insert error: UNIQUE constraint failed: keyword_index.id
2025-07-30 09:50:51,103 - ERROR - DB insert error: UNIQUE constraint failed: keyword_index.id
2025-07-30 09:50:51,103 - ERROR - DB insert error: UNIQUE constraint failed: keyword_index.id
2025-07-30 09:50:51,103 - ERROR - DB insert error: UNIQUE constraint failed: keyword_index.id
2025-07-30 09:50:51,104 - ERROR - DB insert error: UNIQUE constraint failed: keyword_index.id
2025-07-30 09:50:51,104 - ERROR - DB insert error: UNIQUE constraint failed: keyword_index.id
2025-07-30 09:50:51,104 - ERROR - DB insert error: UNIQUE constraint failed: keyword_index.id
2025-07-30 09:50:51,104 - ERROR - DB insert error: UNIQUE constraint failed: keyword_index.id
2025-07-30 09:50:51,105 - ERROR - DB insert error: UNIQUE constraint failed: keyword_index.id
2025-07-30 09:50:51,105 - ERROR - DB insert error: UNIQUE constraint failed: keyword_index.id
2025-07-30 09:50:51,105 - ERROR - DB insert error: UNIQUE constraint failed: keyword_index.id
2025-07-30 09:50:51,106 - ERROR - DB insert error: UNIQUE constraint failed: keyword_index.id
2025-07-30 09:50:51,106 - ERROR - DB insert error: UNIQUE constraint failed: keyword_index.id
2025-07-30 09:50:51,107 - ERROR - DB insert error: UNIQUE constraint failed: keyword_index.id
2025-07-30 09:50:51,107 - ERROR - DB insert error: UNIQUE constraint failed: keyword_index.id
2025-07-30 09:50:51,107 - ERROR - DB insert error: UNIQUE constraint failed: keyword_index.id
2025-07-30 09:50:51,107 - ERROR - DB insert error: UNIQUE constraint failed: keyword_index.id
2025-07-30 09:50:51,108 - ERROR - DB insert error: UNIQUE constraint failed: keyword_index.id
2025-07-30 09:50:51,108 - ERROR - DB insert error: UNIQUE constraint failed: keyword_index.id
2025-07-30 09:50:51,108 - ERROR - DB insert error: UNIQUE constraint failed: keyword_index.id
2025-07-30 09:50:51,108 - ERROR - DB insert error: UNIQUE constraint failed: keyword_index.id
2025-07-30 09:50:51,109 - ERROR - DB insert error: UNIQUE constraint failed: keyword_index.id
2025-07-30 09:50:51,109 - ERROR - DB insert error: UNIQUE constraint failed: keyword_index.id
2025-07-30 09:50:51,109 - ERROR - DB insert error: UNIQUE constraint failed: keyword_index.id
2025-07-30 09:50:51,109 - ERROR - DB insert error: UNIQUE constraint failed: keyword_index.id
2025-07-30 09:50:51,110 - ERROR - DB insert error: UNIQUE constraint failed: keyword_index.id
2025-07-30 09:50:51,110 - ERROR - DB insert error: UNIQUE constraint failed: keyword_index.id
2025-07-30 09:50:51,111 - ERROR - DB insert error: UNIQUE constraint failed: keyword_index.id
2025-07-30 09:50:51,111 - ERROR - DB insert error: UNIQUE constraint failed: keyword_index.id
2025-07-30 09:50:51,111 - ERROR - DB insert error: UNIQUE constraint failed: keyword_index.id
2025-07-30 09:50:51,112 - ERROR - DB insert error: UNIQUE constraint failed: keyword_index.id
2025-07-30 09:50:51,112 - ERROR - DB insert error: UNIQUE constraint failed: keyword_index.id
2025-07-30 09:50:51,112 - ERROR - DB insert error: UNIQUE constraint failed: keyword_index.id
2025-07-30 09:50:51,112 - ERROR - DB insert error: UNIQUE constraint failed: keyword_index.id
2025-07-30 09:50:51,113 - ERROR - DB insert error: UNIQUE constraint failed: keyword_index.id
2025-07-30 09:50:51,113 - ERROR - DB insert error: UNIQUE constraint failed: keyword_index.id
2025-07-30 09:50:51,114 - ERROR - DB insert error: UNIQUE constraint failed: keyword_index.id
2025-07-30 09:50:51,114 - ERROR - DB insert error: UNIQUE constraint failed: keyword_index.id
2025-07-30 09:50:51,114 - ERROR - DB insert error: UNIQUE constraint failed: keyword_index.id
2025-07-30 09:50:51,114 - ERROR - DB insert error: UNIQUE constraint failed: keyword_index.id
2025-07-30 09:50:51,114 - ERROR - DB insert error: UNIQUE constraint failed: keyword_index.id
2025-07-30 09:50:51,115 - ERROR - DB insert error: UNIQUE constraint failed: keyword_index.id
2025-07-30 09:50:51,115 - ERROR - DB insert error: UNIQUE constraint failed: keyword_index.id
2025-07-30 09:50:51,115 - ERROR - DB insert error: UNIQUE constraint failed: keyword_index.id
2025-07-30 09:50:51,115 - ERROR - DB insert error: UNIQUE constraint failed: keyword_index.id
2025-07-30 09:50:51,116 - ERROR - DB insert error: UNIQUE constraint failed: keyword_index.id
2025-07-30 09:50:51,116 - ERROR - DB insert error: UNIQUE constraint failed: keyword_index.id
2025-07-30 09:50:51,116 - ERROR - DB insert error: UNIQUE constraint failed: keyword_index.id
2025-07-30 09:50:51,116 - ERROR - DB insert error: UNIQUE constraint failed: keyword_index.id
2025-07-30 09:50:51,116 - ERROR - DB insert error: UNIQUE constraint failed: keyword_index.id
2025-07-30 09:50:51,117 - ERROR - DB insert error: UNIQUE constraint failed: keyword_index.id
2025-07-30 09:50:51,117 - ERROR - DB insert error: UNIQUE constraint failed: keyword_index.id
2025-07-30 09:50:51,117 - ERROR - DB insert error: UNIQUE constraint failed: keyword_index.id
2025-07-30 09:50:51,117 - ERROR - DB insert error: UNIQUE constraint failed: keyword_index.id
2025-07-30 09:50:51,117 - ERROR - DB insert error: UNIQUE constraint failed: keyword_index.id
2025-07-30 09:50:51,118 - ERROR - DB insert error: UNIQUE constraint failed: keyword_index.id
2025-07-30 09:50:51,118 - ERROR - DB insert error: UNIQUE constraint failed: keyword_index.id
2025-07-30 09:50:51,118 - ERROR - DB insert error: UNIQUE constraint failed: keyword_index.id
2025-07-30 09:50:51,119 - ERROR - DB insert error: UNIQUE constraint failed: keyword_index.id
2025-07-30 09:50:51,119 - ERROR - DB insert error: UNIQUE constraint failed: keyword_index.id
2025-07-30 09:50:51,119 - ERROR - DB insert error: UNIQUE constraint failed: keyword_index.id
2025-07-30 09:50:51,119 - ERROR - DB insert error: UNIQUE constraint failed: keyword_index.id
2025-07-30 09:50:51,120 - ERROR - DB insert error: UNIQUE constraint failed: keyword_index.id
2025-07-30 09:50:51,120 - ERROR - DB insert error: UNIQUE constraint failed: keyword_index.id
2025-07-30 09:50:51,120 - ERROR - DB insert error: UNIQUE constraint failed: keyword_index.id
2025-07-30 09:50:51,120 - ERROR - DB insert error: UNIQUE constraint failed: keyword_index.id
2025-07-30 09:50:51,121 - ERROR - DB insert error: UNIQUE constraint failed: keyword_index.id
2025-07-30 09:50:51,121 - ERROR - DB insert error: UNIQUE constraint failed: keyword_index.id
2025-07-30 09:50:51,121 - ERROR - DB insert error: UNIQUE constraint failed: keyword_index.id
2025-07-30 09:50:51,122 - ERROR - DB insert error: UNIQUE constraint failed: keyword_index.id
2025-07-30 09:50:51,122 - ERROR - DB insert error: UNIQUE constraint failed: keyword_index.id
2025-07-30 09:50:51,122 - ERROR - DB insert error: UNIQUE constraint failed: keyword_index.id
2025-07-30 09:50:51,122 - ERROR - DB insert error: UNIQUE constraint failed: keyword_index.id
2025-07-30 09:50:51,123 - ERROR - DB insert error: UNIQUE constraint failed: keyword_index.id
2025-07-30 09:50:51,123 - ERROR - DB insert error: UNIQUE constraint failed: keyword_index.id
2025-07-30 09:50:51,123 - ERROR - DB insert error: UNIQUE constraint failed: keyword_index.id
2025-07-30 09:50:51,123 - ERROR - DB insert error: UNIQUE constraint failed: keyword_index.id
2025-07-30 09:50:51,124 - ERROR - DB insert error: UNIQUE constraint failed: keyword_index.id
2025-07-30 09:50:51,124 - ERROR - DB insert error: UNIQUE constraint failed: keyword_index.id
2025-07-30 09:50:51,124 - ERROR - DB insert error: UNIQUE constraint failed: keyword_index.id
2025-07-30 09:50:51,125 - ERROR - DB insert error: UNIQUE constraint failed: keyword_index.id
2025-07-30 09:50:51,125 - ERROR - DB insert error: UNIQUE constraint failed: keyword_index.id
2025-07-30 09:50:51,125 - ERROR - DB insert error: UNIQUE constraint failed: keyword_index.id
2025-07-30 09:50:51,125 - ERROR - DB insert error: UNIQUE constraint failed: keyword_index.id
2025-07-30 09:50:51,126 - ERROR - DB insert error: UNIQUE constraint failed: keyword_index.id
2025-07-30 09:50:51,126 - ERROR - DB insert error: UNIQUE constraint failed: keyword_index.id
2025-07-30 09:50:51,127 - ERROR - DB insert error: UNIQUE constraint failed: keyword_index.id
2025-07-30 09:50:51,127 - ERROR - DB insert error: UNIQUE constraint failed: keyword_index.id
2025-07-30 09:50:51,127 - ERROR - DB insert error: UNIQUE constraint failed: keyword_index.id
2025-07-30 09:50:51,127 - ERROR - DB insert error: UNIQUE constraint failed: keyword_index.id
2025-07-30 09:50:51,128 - ERROR - DB insert error: UNIQUE constraint failed: keyword_index.id
2025-07-30 09:50:51,128 - ERROR - DB insert error: UNIQUE constraint failed: keyword_index.id
2025-07-30 09:50:51,128 - ERROR - DB insert error: UNIQUE constraint failed: keyword_index.id
2025-07-30 09:50:51,129 - ERROR - DB insert error: UNIQUE constraint failed: keyword_index.id
2025-07-30 09:50:51,129 - ERROR - DB insert error: UNIQUE constraint failed: keyword_index.id
2025-07-30 09:50:51,129 - ERROR - DB insert error: UNIQUE constraint failed: keyword_index.id
2025-07-30 09:50:51,129 - ERROR - DB insert error: UNIQUE constraint failed: keyword_index.id
2025-07-30 09:50:51,129 - ERROR - DB insert error: UNIQUE constraint failed: keyword_index.id
2025-07-30 09:50:51,130 - ERROR - DB insert error: UNIQUE constraint failed: keyword_index.id
2025-07-30 09:50:51,130 - ERROR - DB insert error: UNIQUE constraint failed: keyword_index.id
2025-07-30 09:50:51,130 - ERROR - DB insert error: UNIQUE constraint failed: keyword_index.id
2025-07-30 09:50:51,130 - ERROR - DB insert error: UNIQUE constraint failed: keyword_index.id
2025-07-30 09:50:51,130 - ERROR - DB insert error: UNIQUE constraint failed: keyword_index.id
2025-07-30 09:50:51,131 - ERROR - DB insert error: UNIQUE constraint failed: keyword_index.id
2025-07-30 09:50:51,131 - ERROR - DB insert error: UNIQUE constraint failed: keyword_index.id
2025-07-30 09:50:51,131 - ERROR - DB insert error: UNIQUE constraint failed: keyword_index.id
2025-07-30 09:50:51,131 - ERROR - DB insert error: UNIQUE constraint failed: keyword_index.id
2025-07-30 09:50:51,132 - ERROR - DB insert error: UNIQUE constraint failed: keyword_index.id
2025-07-30 09:50:51,132 - ERROR - DB insert error: UNIQUE constraint failed: keyword_index.id
2025-07-30 09:50:51,132 - ERROR - DB insert error: UNIQUE constraint failed: keyword_index.id
2025-07-30 09:50:51,133 - ERROR - DB insert error: UNIQUE constraint failed: keyword_index.id
2025-07-30 09:50:51,133 - ERROR - DB insert error: UNIQUE constraint failed: keyword_index.id
2025-07-30 09:50:51,133 - ERROR - DB insert error: UNIQUE constraint failed: keyword_index.id
2025-07-30 09:50:51,133 - ERROR - DB insert error: UNIQUE constraint failed: keyword_index.id
2025-07-30 09:50:51,134 - ERROR - DB insert error: UNIQUE constraint failed: keyword_index.id
2025-07-30 09:50:51,134 - ERROR - DB insert error: UNIQUE constraint failed: keyword_index.id
2025-07-30 09:50:51,134 - ERROR - DB insert error: UNIQUE constraint failed: keyword_index.id
2025-07-30 09:50:51,135 - ERROR - DB insert error: UNIQUE constraint failed: keyword_index.id
2025-07-30 09:50:51,135 - ERROR - DB insert error: UNIQUE constraint failed: keyword_index.id
2025-07-30 09:50:51,135 - ERROR - DB insert error: UNIQUE constraint failed: keyword_index.id
2025-07-30 09:50:51,135 - ERROR - DB insert error: UNIQUE constraint failed: keyword_index.id
2025-07-30 09:50:51,135 - ERROR - DB insert error: UNIQUE constraint failed: keyword_index.id
2025-07-30 09:50:51,136 - ERROR - DB insert error: UNIQUE constraint failed: keyword_index.id
2025-07-30 09:50:51,136 - ERROR - DB insert error: UNIQUE constraint failed: keyword_index.id
2025-07-30 09:50:51,136 - ERROR - DB insert error: UNIQUE constraint failed: keyword_index.id
2025-07-30 09:50:51,136 - ERROR - DB insert error: UNIQUE constraint failed: keyword_index.id
2025-07-30 09:50:51,137 - ERROR - DB insert error: UNIQUE constraint failed: keyword_index.id
2025-07-30 09:50:51,137 - ERROR - DB insert error: UNIQUE constraint failed: keyword_index.id
2025-07-30 09:50:51,137 - ERROR - DB insert error: UNIQUE constraint failed: keyword_index.id
2025-07-30 09:50:51,137 - ERROR - DB insert error: UNIQUE constraint failed: keyword_index.id
2025-07-30 09:50:51,138 - ERROR - DB insert error: UNIQUE constraint failed: keyword_index.id
2025-07-30 09:50:51,138 - ERROR - DB insert error: UNIQUE constraint failed: keyword_index.id
2025-07-30 09:50:51,138 - ERROR - DB insert error: UNIQUE constraint failed: keyword_index.id
2025-07-30 09:50:51,138 - ERROR - DB insert error: UNIQUE constraint failed: keyword_index.id
2025-07-30 09:50:51,139 - ERROR - DB insert error: UNIQUE constraint failed: keyword_index.id
2025-07-30 09:50:51,139 - ERROR - DB insert error: UNIQUE constraint failed: keyword_index.id
2025-07-30 09:50:51,139 - ERROR - DB insert error: UNIQUE constraint failed: keyword_index.id
2025-07-30 09:50:51,139 - ERROR - DB insert error: UNIQUE constraint failed: keyword_index.id
2025-07-30 09:50:51,140 - ERROR - DB insert error: UNIQUE constraint failed: keyword_index.id
2025-07-30 09:50:51,140 - ERROR - DB insert error: UNIQUE constraint failed: keyword_index.id
2025-07-30 09:50:51,140 - ERROR - DB insert error: UNIQUE constraint failed: keyword_index.id
2025-07-30 09:50:51,141 - ERROR - DB insert error: UNIQUE constraint failed: keyword_index.id
2025-07-30 09:50:51,141 - ERROR - DB insert error: UNIQUE constraint failed: keyword_index.id
2025-07-30 09:50:51,141 - ERROR - DB insert error: UNIQUE constraint failed: keyword_index.id
2025-07-30 09:50:51,141 - ERROR - DB insert error: UNIQUE constraint failed: keyword_index.id
2025-07-30 09:50:51,141 - ERROR - DB insert error: UNIQUE constraint failed: keyword_index.id
2025-07-30 09:50:51,142 - ERROR - DB insert error: UNIQUE constraint failed: keyword_index.id
2025-07-30 09:50:51,142 - ERROR - DB insert error: UNIQUE constraint failed: keyword_index.id
2025-07-30 09:50:51,142 - ERROR - DB insert error: UNIQUE constraint failed: keyword_index.id
2025-07-30 09:50:51,142 - ERROR - DB insert error: UNIQUE constraint failed: keyword_index.id
2025-07-30 09:50:51,143 - ERROR - DB insert error: UNIQUE constraint failed: keyword_index.id
2025-07-30 09:50:51,143 - ERROR - DB insert error: UNIQUE constraint failed: keyword_index.id
2025-07-30 09:50:51,143 - ERROR - DB insert error: UNIQUE constraint failed: keyword_index.id
2025-07-30 09:50:51,143 - ERROR - DB insert error: UNIQUE constraint failed: keyword_index.id
2025-07-30 09:50:51,143 - ERROR - DB insert error: UNIQUE constraint failed: keyword_index.id
2025-07-30 09:50:51,144 - ERROR - DB insert error: UNIQUE constraint failed: keyword_index.id
2025-07-30 09:50:51,144 - ERROR - DB insert error: UNIQUE constraint failed: keyword_index.id
2025-07-30 09:50:51,144 - ERROR - DB insert error: UNIQUE constraint failed: keyword_index.id
2025-07-30 09:50:51,144 - ERROR - DB insert error: UNIQUE constraint failed: keyword_index.id
2025-07-30 09:50:51,145 - ERROR - DB insert error: UNIQUE constraint failed: keyword_index.id
2025-07-30 09:50:51,145 - ERROR - DB insert error: UNIQUE constraint failed: keyword_index.id
2025-07-30 09:50:51,145 - ERROR - DB insert error: UNIQUE constraint failed: keyword_index.id
2025-07-30 09:50:51,146 - ERROR - DB insert error: UNIQUE constraint failed: keyword_index.id
2025-07-30 09:50:51,146 - ERROR - DB insert error: UNIQUE constraint failed: keyword_index.id
2025-07-30 09:50:51,146 - ERROR - DB insert error: UNIQUE constraint failed: keyword_index.id
2025-07-30 09:50:51,146 - ERROR - DB insert error: UNIQUE constraint failed: keyword_index.id
2025-07-30 09:50:51,147 - ERROR - DB insert error: UNIQUE constraint failed: keyword_index.id
2025-07-30 09:50:51,147 - ERROR - DB insert error: UNIQUE constraint failed: keyword_index.id
2025-07-30 09:50:51,148 - ERROR - DB insert error: UNIQUE constraint failed: keyword_index.id
2025-07-30 09:50:51,148 - ERROR - DB insert error: UNIQUE constraint failed: keyword_index.id
2025-07-30 09:50:51,148 - ERROR - DB insert error: UNIQUE constraint failed: keyword_index.id
2025-07-30 09:50:51,149 - ERROR - DB insert error: UNIQUE constraint failed: keyword_index.id
2025-07-30 09:50:51,149 - ERROR - DB insert error: UNIQUE constraint failed: keyword_index.id
2025-07-30 09:50:51,149 - ERROR - DB insert error: UNIQUE constraint failed: keyword_index.id
2025-07-30 09:50:51,149 - ERROR - DB insert error: UNIQUE constraint failed: keyword_index.id
2025-07-30 09:50:51,150 - ERROR - DB insert error: UNIQUE constraint failed: keyword_index.id
2025-07-30 09:50:51,150 - ERROR - DB insert error: UNIQUE constraint failed: keyword_index.id
2025-07-30 09:50:51,150 - ERROR - DB insert error: UNIQUE constraint failed: keyword_index.id
2025-07-30 09:50:51,151 - ERROR - DB insert error: UNIQUE constraint failed: keyword_index.id
2025-07-30 09:50:51,151 - ERROR - DB insert error: UNIQUE constraint failed: keyword_index.id
2025-07-30 09:50:51,151 - ERROR - DB insert error: UNIQUE constraint failed: keyword_index.id
2025-07-30 09:50:51,151 - ERROR - DB insert error: UNIQUE constraint failed: keyword_index.id
2025-07-30 09:50:51,152 - ERROR - DB insert error: UNIQUE constraint failed: keyword_index.id
2025-07-30 09:50:51,152 - ERROR - DB insert error: UNIQUE constraint failed: keyword_index.id
2025-07-30 09:50:51,152 - ERROR - DB insert error: UNIQUE constraint failed: keyword_index.id
2025-07-30 09:50:51,152 - ERROR - DB insert error: UNIQUE constraint failed: keyword_index.id
2025-07-30 09:50:51,153 - ERROR - DB insert error: UNIQUE constraint failed: keyword_index.id
2025-07-30 09:50:51,153 - ERROR - DB insert error: UNIQUE constraint failed: keyword_index.id
2025-07-30 09:50:51,153 - ERROR - DB insert error: UNIQUE constraint failed: keyword_index.id
2025-07-30 09:50:51,153 - ERROR - DB insert error: UNIQUE constraint failed: keyword_index.id
2025-07-30 09:50:51,154 - ERROR - DB insert error: UNIQUE constraint failed: keyword_index.id
2025-07-30 09:50:51,154 - ERROR - DB insert error: UNIQUE constraint failed: keyword_index.id
2025-07-30 09:50:51,154 - ERROR - DB insert error: UNIQUE constraint failed: keyword_index.id
2025-07-30 09:50:51,154 - ERROR - DB insert error: UNIQUE constraint failed: keyword_index.id
2025-07-30 09:50:51,155 - ERROR - DB insert error: UNIQUE constraint failed: keyword_index.id
2025-07-30 09:50:51,155 - ERROR - DB insert error: UNIQUE constraint failed: keyword_index.id
2025-07-30 09:50:51,155 - ERROR - DB insert error: UNIQUE constraint failed: keyword_index.id
2025-07-30 09:50:51,155 - ERROR - DB insert error: UNIQUE constraint failed: keyword_index.id
2025-07-30 09:50:51,156 - ERROR - DB insert error: UNIQUE constraint failed: keyword_index.id
2025-07-30 09:50:51,156 - ERROR - DB insert error: UNIQUE constraint failed: keyword_index.id
2025-07-30 09:50:51,156 - ERROR - DB insert error: UNIQUE constraint failed: keyword_index.id
2025-07-30 09:50:51,156 - ERROR - DB insert error: UNIQUE constraint failed: keyword_index.id
2025-07-30 09:50:51,157 - ERROR - DB insert error: UNIQUE constraint failed: keyword_index.id
2025-07-30 09:50:51,157 - ERROR - DB insert error: UNIQUE constraint failed: keyword_index.id
2025-07-30 09:50:51,157 - ERROR - DB insert error: UNIQUE constraint failed: keyword_index.id
2025-07-30 09:50:51,157 - ERROR - DB insert error: UNIQUE constraint failed: keyword_index.id
2025-07-30 09:50:51,158 - ERROR - DB insert error: UNIQUE constraint failed: keyword_index.id
2025-07-30 09:50:51,158 - ERROR - DB insert error: UNIQUE constraint failed: keyword_index.id
2025-07-30 09:50:51,158 - ERROR - DB insert error: UNIQUE constraint failed: keyword_index.id
2025-07-30 09:50:51,158 - ERROR - DB insert error: UNIQUE constraint failed: keyword_index.id
2025-07-30 09:50:51,159 - ERROR - DB insert error: UNIQUE constraint failed: keyword_index.id
2025-07-30 09:50:51,159 - ERROR - DB insert error: UNIQUE constraint failed: keyword_index.id
2025-07-30 09:50:51,159 - ERROR - DB insert error: UNIQUE constraint failed: keyword_index.id
2025-07-30 09:50:51,159 - ERROR - DB insert error: UNIQUE constraint failed: keyword_index.id
2025-07-30 09:50:51,160 - ERROR - DB insert error: UNIQUE constraint failed: keyword_index.id
2025-07-30 09:50:51,160 - ERROR - DB insert error: UNIQUE constraint failed: keyword_index.id
2025-07-30 09:50:51,160 - ERROR - DB insert error: UNIQUE constraint failed: keyword_index.id
2025-07-30 09:50:51,161 - ERROR - DB insert error: UNIQUE constraint failed: keyword_index.id
2025-07-30 09:50:51,161 - ERROR - DB insert error: UNIQUE constraint failed: keyword_index.id
2025-07-30 09:50:51,161 - ERROR - DB insert error: UNIQUE constraint failed: keyword_index.id
2025-07-30 09:50:51,162 - ERROR - DB insert error: UNIQUE constraint failed: keyword_index.id
2025-07-30 09:50:51,162 - ERROR - DB insert error: UNIQUE constraint failed: keyword_index.id
2025-07-30 09:50:51,162 - ERROR - DB insert error: UNIQUE constraint failed: keyword_index.id
2025-07-30 09:50:51,163 - ERROR - DB insert error: UNIQUE constraint failed: keyword_index.id
2025-07-30 09:50:51,163 - ERROR - DB insert error: UNIQUE constraint failed: keyword_index.id
2025-07-30 09:50:51,163 - ERROR - DB insert error: UNIQUE constraint failed: keyword_index.id
2025-07-30 09:50:51,163 - ERROR - DB insert error: UNIQUE constraint failed: keyword_index.id
2025-07-30 09:50:51,164 - ERROR - DB insert error: UNIQUE constraint failed: keyword_index.id
2025-07-30 09:50:51,164 - ERROR - DB insert error: UNIQUE constraint failed: keyword_index.id
2025-07-30 09:50:51,164 - ERROR - DB insert error: UNIQUE constraint failed: keyword_index.id
2025-07-30 09:50:51,165 - ERROR - DB insert error: UNIQUE constraint failed: keyword_index.id
2025-07-30 09:50:51,165 - ERROR - DB insert error: UNIQUE constraint failed: keyword_index.id
2025-07-30 09:50:51,165 - ERROR - DB insert error: UNIQUE constraint failed: keyword_index.id
2025-07-30 09:50:51,165 - ERROR - DB insert error: UNIQUE constraint failed: keyword_index.id
2025-07-30 09:50:51,165 - ERROR - DB insert error: UNIQUE constraint failed: keyword_index.id
2025-07-30 09:50:51,166 - ERROR - DB insert error: UNIQUE constraint failed: keyword_index.id
2025-07-30 09:50:51,166 - ERROR - DB insert error: UNIQUE constraint failed: keyword_index.id
2025-07-30 09:50:51,166 - ERROR - DB insert error: UNIQUE constraint failed: keyword_index.id
2025-07-30 09:50:51,167 - ERROR - DB insert error: UNIQUE constraint failed: keyword_index.id
2025-07-30 09:50:51,167 - ERROR - DB insert error: UNIQUE constraint failed: keyword_index.id
2025-07-30 09:50:51,167 - ERROR - DB insert error: UNIQUE constraint failed: keyword_index.id
2025-07-30 09:50:51,168 - ERROR - DB insert error: UNIQUE constraint failed: keyword_index.id
2025-07-30 09:50:51,168 - ERROR - DB insert error: UNIQUE constraint failed: keyword_index.id
2025-07-30 09:50:51,169 - ERROR - DB insert error: UNIQUE constraint failed: keyword_index.id
2025-07-30 09:50:51,169 - ERROR - DB insert error: UNIQUE constraint failed: keyword_index.id
2025-07-30 09:50:51,169 - ERROR - DB insert error: UNIQUE constraint failed: keyword_index.id
2025-07-30 09:50:51,169 - ERROR - DB insert error: UNIQUE constraint failed: keyword_index.id
2025-07-30 09:50:51,170 - ERROR - DB insert error: UNIQUE constraint failed: keyword_index.id
2025-07-30 09:50:51,170 - ERROR - DB insert error: UNIQUE constraint failed: keyword_index.id
2025-07-30 09:50:51,170 - ERROR - DB insert error: UNIQUE constraint failed: keyword_index.id
2025-07-30 09:50:51,170 - ERROR - DB insert error: UNIQUE constraint failed: keyword_index.id
2025-07-30 09:50:51,171 - ERROR - DB insert error: UNIQUE constraint failed: keyword_index.id
2025-07-30 09:50:51,171 - ERROR - DB insert error: UNIQUE constraint failed: keyword_index.id
2025-07-30 09:50:51,171 - ERROR - DB insert error: UNIQUE constraint failed: keyword_index.id
2025-07-30 09:50:51,171 - ERROR - DB insert error: UNIQUE constraint failed: keyword_index.id
2025-07-30 09:50:51,172 - ERROR - DB insert error: UNIQUE constraint failed: keyword_index.id
2025-07-30 09:50:51,172 - ERROR - DB insert error: UNIQUE constraint failed: keyword_index.id
2025-07-30 09:50:51,173 - ERROR - DB insert error: UNIQUE constraint failed: keyword_index.id
2025-07-30 09:50:51,173 - ERROR - DB insert error: UNIQUE constraint failed: keyword_index.id
2025-07-30 09:50:51,173 - ERROR - DB insert error: UNIQUE constraint failed: keyword_index.id
2025-07-30 09:50:51,173 - ERROR - DB insert error: UNIQUE constraint failed: keyword_index.id
2025-07-30 09:50:51,174 - ERROR - DB insert error: UNIQUE constraint failed: keyword_index.id
2025-07-30 09:50:51,174 - ERROR - DB insert error: UNIQUE constraint failed: keyword_index.id
2025-07-30 09:50:51,174 - ERROR - DB insert error: UNIQUE constraint failed: keyword_index.id
2025-07-30 09:50:51,174 - ERROR - DB insert error: UNIQUE constraint failed: keyword_index.id
2025-07-30 09:50:51,175 - ERROR - DB insert error: UNIQUE constraint failed: keyword_index.id
2025-07-30 09:50:51,175 - ERROR - DB insert error: UNIQUE constraint failed: keyword_index.id
2025-07-30 09:50:51,175 - ERROR - DB insert error: UNIQUE constraint failed: keyword_index.id
2025-07-30 09:50:51,175 - ERROR - DB insert error: UNIQUE constraint failed: keyword_index.id
2025-07-30 09:50:51,176 - ERROR - DB insert error: UNIQUE constraint failed: keyword_index.id
2025-07-30 09:50:51,176 - ERROR - DB insert error: UNIQUE constraint failed: keyword_index.id
2025-07-30 09:50:51,176 - ERROR - DB insert error: UNIQUE constraint failed: keyword_index.id
2025-07-30 09:50:51,176 - ERROR - DB insert error: UNIQUE constraint failed: keyword_index.id
2025-07-30 09:50:51,177 - ERROR - DB insert error: UNIQUE constraint failed: keyword_index.id
2025-07-30 09:50:51,177 - ERROR - DB insert error: UNIQUE constraint failed: keyword_index.id
2025-07-30 09:50:51,178 - ERROR - DB insert error: UNIQUE constraint failed: keyword_index.id
2025-07-30 09:50:51,178 - ERROR - DB insert error: UNIQUE constraint failed: keyword_index.id
2025-07-30 09:50:51,178 - ERROR - DB insert error: UNIQUE constraint failed: keyword_index.id
2025-07-30 09:50:51,178 - ERROR - DB insert error: UNIQUE constraint failed: keyword_index.id
2025-07-30 09:50:51,178 - ERROR - DB insert error: UNIQUE constraint failed: keyword_index.id
2025-07-30 09:50:51,179 - ERROR - DB insert error: UNIQUE constraint failed: keyword_index.id
2025-07-30 09:50:51,179 - ERROR - DB insert error: UNIQUE constraint failed: keyword_index.id
2025-07-30 09:50:51,179 - ERROR - DB insert error: UNIQUE constraint failed: keyword_index.id
2025-07-30 09:50:51,180 - ERROR - DB insert error: UNIQUE constraint failed: keyword_index.id
2025-07-30 09:50:51,180 - ERROR - DB insert error: UNIQUE constraint failed: keyword_index.id
2025-07-30 09:50:51,180 - ERROR - DB insert error: UNIQUE constraint failed: keyword_index.id
2025-07-30 09:50:51,180 - ERROR - DB insert error: UNIQUE constraint failed: keyword_index.id
2025-07-30 09:50:51,181 - ERROR - DB insert error: UNIQUE constraint failed: keyword_index.id
2025-07-30 09:50:51,181 - ERROR - DB insert error: UNIQUE constraint failed: keyword_index.id
2025-07-30 09:50:51,181 - ERROR - DB insert error: UNIQUE constraint failed: keyword_index.id
2025-07-30 09:50:51,182 - ERROR - DB insert error: UNIQUE constraint failed: keyword_index.id
2025-07-30 09:50:51,182 - ERROR - DB insert error: UNIQUE constraint failed: keyword_index.id
2025-07-30 09:50:51,182 - ERROR - DB insert error: UNIQUE constraint failed: keyword_index.id
2025-07-30 09:50:51,183 - ERROR - DB insert error: UNIQUE constraint failed: keyword_index.id
2025-07-30 09:50:51,183 - ERROR - DB insert error: UNIQUE constraint failed: keyword_index.id
2025-07-30 09:50:51,183 - ERROR - DB insert error: UNIQUE constraint failed: keyword_index.id
2025-07-30 09:50:51,183 - ERROR - DB insert error: UNIQUE constraint failed: keyword_index.id
2025-07-30 09:50:51,183 - ERROR - DB insert error: UNIQUE constraint failed: keyword_index.id
2025-07-30 09:50:51,184 - ERROR - DB insert error: UNIQUE constraint failed: keyword_index.id
2025-07-30 09:50:51,184 - ERROR - DB insert error: UNIQUE constraint failed: keyword_index.id
2025-07-30 09:50:51,184 - ERROR - DB insert error: UNIQUE constraint failed: keyword_index.id
2025-07-30 09:50:51,184 - ERROR - DB insert error: UNIQUE constraint failed: keyword_index.id
2025-07-30 09:50:51,185 - ERROR - DB insert error: UNIQUE constraint failed: keyword_index.id
2025-07-30 09:50:51,185 - ERROR - DB insert error: UNIQUE constraint failed: keyword_index.id
2025-07-30 09:50:51,185 - ERROR - DB insert error: UNIQUE constraint failed: keyword_index.id
2025-07-30 09:50:51,186 - ERROR - DB insert error: UNIQUE constraint failed: keyword_index.id
2025-07-30 09:50:51,186 - ERROR - DB insert error: UNIQUE constraint failed: keyword_index.id
2025-07-30 09:50:51,186 - ERROR - DB insert error: UNIQUE constraint failed: keyword_index.id
2025-07-30 09:50:51,187 - ERROR - DB insert error: UNIQUE constraint failed: keyword_index.id
2025-07-30 09:50:51,187 - ERROR - DB insert error: UNIQUE constraint failed: keyword_index.id
2025-07-30 09:50:51,187 - ERROR - DB insert error: UNIQUE constraint failed: keyword_index.id
2025-07-30 09:50:51,188 - ERROR - DB insert error: UNIQUE constraint failed: keyword_index.id
2025-07-30 09:50:51,188 - ERROR - DB insert error: UNIQUE constraint failed: keyword_index.id
2025-07-30 09:50:51,188 - ERROR - DB insert error: UNIQUE constraint failed: keyword_index.id
2025-07-30 09:50:51,189 - ERROR - DB insert error: UNIQUE constraint failed: keyword_index.id
2025-07-30 09:50:51,189 - ERROR - DB insert error: UNIQUE constraint failed: keyword_index.id
2025-07-30 09:50:51,189 - ERROR - DB insert error: UNIQUE constraint failed: keyword_index.id
2025-07-30 09:50:51,190 - ERROR - DB insert error: UNIQUE constraint failed: keyword_index.id
2025-07-30 09:50:51,190 - ERROR - DB insert error: UNIQUE constraint failed: keyword_index.id
2025-07-30 09:50:51,190 - ERROR - DB insert error: UNIQUE constraint failed: keyword_index.id
2025-07-30 09:50:51,190 - ERROR - DB insert error: UNIQUE constraint failed: keyword_index.id
2025-07-30 09:50:51,191 - ERROR - DB insert error: UNIQUE constraint failed: keyword_index.id
2025-07-30 09:50:51,191 - ERROR - DB insert error: UNIQUE constraint failed: keyword_index.id
2025-07-30 09:50:51,191 - ERROR - DB insert error: UNIQUE constraint failed: keyword_index.id
2025-07-30 09:50:51,192 - ERROR - DB insert error: UNIQUE constraint failed: keyword_index.id
2025-07-30 09:50:51,192 - ERROR - DB insert error: UNIQUE constraint failed: keyword_index.id
2025-07-30 09:50:51,192 - ERROR - DB insert error: UNIQUE constraint failed: keyword_index.id
2025-07-30 09:50:51,193 - ERROR - DB insert error: UNIQUE constraint failed: keyword_index.id
2025-07-30 09:50:51,193 - ERROR - DB insert error: UNIQUE constraint failed: keyword_index.id
2025-07-30 09:50:51,193 - ERROR - DB insert error: UNIQUE constraint failed: keyword_index.id
2025-07-30 09:50:51,193 - ERROR - DB insert error: UNIQUE constraint failed: keyword_index.id
2025-07-30 09:50:51,193 - ERROR - DB insert error: UNIQUE constraint failed: keyword_index.id
2025-07-30 09:50:51,194 - ERROR - DB insert error: UNIQUE constraint failed: keyword_index.id
2025-07-30 09:50:51,194 - ERROR - DB insert error: UNIQUE constraint failed: keyword_index.id
2025-07-30 09:50:51,194 - ERROR - DB insert error: UNIQUE constraint failed: keyword_index.id
2025-07-30 09:50:51,195 - ERROR - DB insert error: UNIQUE constraint failed: keyword_index.id
2025-07-30 09:50:51,195 - ERROR - DB insert error: UNIQUE constraint failed: keyword_index.id
2025-07-30 09:50:51,195 - ERROR - DB insert error: UNIQUE constraint failed: keyword_index.id
2025-07-30 09:50:51,195 - ERROR - DB insert error: UNIQUE constraint failed: keyword_index.id
2025-07-30 09:50:51,196 - ERROR - DB insert error: UNIQUE constraint failed: keyword_index.id
2025-07-30 09:50:51,196 - ERROR - DB insert error: UNIQUE constraint failed: keyword_index.id
2025-07-30 09:50:51,196 - ERROR - DB insert error: UNIQUE constraint failed: keyword_index.id
2025-07-30 09:50:51,196 - ERROR - DB insert error: UNIQUE constraint failed: keyword_index.id
2025-07-30 09:50:51,197 - ERROR - DB insert error: UNIQUE constraint failed: keyword_index.id
2025-07-30 09:50:51,197 - ERROR - DB insert error: UNIQUE constraint failed: keyword_index.id
2025-07-30 09:50:51,197 - ERROR - DB insert error: UNIQUE constraint failed: keyword_index.id
2025-07-30 09:50:51,198 - ERROR - DB insert error: UNIQUE constraint failed: keyword_index.id
2025-07-30 09:50:51,198 - ERROR - DB insert error: UNIQUE constraint failed: keyword_index.id
2025-07-30 09:50:51,198 - ERROR - DB insert error: UNIQUE constraint failed: keyword_index.id
2025-07-30 09:50:51,198 - ERROR - DB insert error: UNIQUE constraint failed: keyword_index.id
2025-07-30 09:50:51,199 - ERROR - DB insert error: UNIQUE constraint failed: keyword_index.id
2025-07-30 09:50:51,199 - ERROR - DB insert error: UNIQUE constraint failed: keyword_index.id
2025-07-30 09:50:51,199 - ERROR - DB insert error: UNIQUE constraint failed: keyword_index.id
2025-07-30 09:50:51,199 - ERROR - DB insert error: UNIQUE constraint failed: keyword_index.id
2025-07-30 09:50:51,200 - ERROR - DB insert error: UNIQUE constraint failed: keyword_index.id
2025-07-30 09:50:51,200 - ERROR - DB insert error: UNIQUE constraint failed: keyword_index.id
2025-07-30 09:50:51,200 - ERROR - DB insert error: UNIQUE constraint failed: keyword_index.id
2025-07-30 09:50:51,200 - ERROR - DB insert error: UNIQUE constraint failed: keyword_index.id
2025-07-30 09:50:51,201 - ERROR - DB insert error: UNIQUE constraint failed: keyword_index.id
2025-07-30 09:50:51,201 - ERROR - DB insert error: UNIQUE constraint failed: keyword_index.id
2025-07-30 09:50:51,201 - ERROR - DB insert error: UNIQUE constraint failed: keyword_index.id
2025-07-30 09:50:51,201 - ERROR - DB insert error: UNIQUE constraint failed: keyword_index.id
2025-07-30 09:50:51,202 - ERROR - DB insert error: UNIQUE constraint failed: keyword_index.id
2025-07-30 09:50:51,202 - ERROR - DB insert error: UNIQUE constraint failed: keyword_index.id
2025-07-30 09:50:51,202 - ERROR - DB insert error: UNIQUE constraint failed: keyword_index.id
2025-07-30 09:50:51,203 - ERROR - DB insert error: UNIQUE constraint failed: keyword_index.id
2025-07-30 09:50:51,203 - ERROR - DB insert error: UNIQUE constraint failed: keyword_index.id
2025-07-30 09:50:51,203 - ERROR - DB insert error: UNIQUE constraint failed: keyword_index.id
2025-07-30 09:50:51,203 - ERROR - DB insert error: UNIQUE constraint failed: keyword_index.id
2025-07-30 09:50:51,204 - ERROR - DB insert error: UNIQUE constraint failed: keyword_index.id
2025-07-30 09:50:51,204 - ERROR - DB insert error: UNIQUE constraint failed: keyword_index.id
2025-07-30 09:50:51,204 - ERROR - DB insert error: UNIQUE constraint failed: keyword_index.id
2025-07-30 09:50:51,205 - ERROR - DB insert error: UNIQUE constraint failed: keyword_index.id
2025-07-30 09:50:51,205 - ERROR - DB insert error: UNIQUE constraint failed: keyword_index.id
2025-07-30 09:50:51,205 - ERROR - DB insert error: UNIQUE constraint failed: keyword_index.id
2025-07-30 09:50:51,205 - ERROR - DB insert error: UNIQUE constraint failed: keyword_index.id
2025-07-30 09:50:51,206 - ERROR - DB insert error: UNIQUE constraint failed: keyword_index.id
2025-07-30 09:50:51,206 - ERROR - DB insert error: UNIQUE constraint failed: keyword_index.id
2025-07-30 09:50:51,206 - ERROR - DB insert error: UNIQUE constraint failed: keyword_index.id
2025-07-30 09:50:51,206 - ERROR - DB insert error: UNIQUE constraint failed: keyword_index.id
2025-07-30 09:50:51,207 - ERROR - DB insert error: UNIQUE constraint failed: keyword_index.id
2025-07-30 09:50:51,207 - ERROR - DB insert error: UNIQUE constraint failed: keyword_index.id
2025-07-30 09:50:51,207 - ERROR - DB insert error: UNIQUE constraint failed: keyword_index.id
2025-07-30 09:50:51,208 - ERROR - DB insert error: UNIQUE constraint failed: keyword_index.id
2025-07-30 09:50:51,208 - ERROR - DB insert error: UNIQUE constraint failed: keyword_index.id
2025-07-30 09:50:51,208 - ERROR - DB insert error: UNIQUE constraint failed: keyword_index.id
2025-07-30 09:50:51,208 - ERROR - DB insert error: UNIQUE constraint failed: keyword_index.id
2025-07-30 09:50:51,208 - ERROR - DB insert error: UNIQUE constraint failed: keyword_index.id
2025-07-30 09:50:51,209 - ERROR - DB insert error: UNIQUE constraint failed: keyword_index.id
2025-07-30 09:50:51,209 - ERROR - DB insert error: UNIQUE constraint failed: keyword_index.id
2025-07-30 09:50:51,210 - ERROR - DB insert error: UNIQUE constraint failed: keyword_index.id
2025-07-30 09:50:51,210 - ERROR - DB insert error: UNIQUE constraint failed: keyword_index.id
2025-07-30 09:50:51,210 - ERROR - DB insert error: UNIQUE constraint failed: keyword_index.id
2025-07-30 09:50:51,210 - ERROR - DB insert error: UNIQUE constraint failed: keyword_index.id
2025-07-30 09:50:51,211 - ERROR - DB insert error: UNIQUE constraint failed: keyword_index.id
2025-07-30 09:50:51,211 - ERROR - DB insert error: UNIQUE constraint failed: keyword_index.id
2025-07-30 09:50:51,211 - ERROR - DB insert error: UNIQUE constraint failed: keyword_index.id
2025-07-30 09:50:51,212 - ERROR - DB insert error: UNIQUE constraint failed: keyword_index.id
2025-07-30 09:50:51,212 - ERROR - DB insert error: UNIQUE constraint failed: keyword_index.id
2025-07-30 09:50:51,212 - ERROR - DB insert error: UNIQUE constraint failed: keyword_index.id
2025-07-30 09:50:51,212 - ERROR - DB insert error: UNIQUE constraint failed: keyword_index.id
2025-07-30 09:50:51,213 - ERROR - DB insert error: UNIQUE constraint failed: keyword_index.id
2025-07-30 09:50:51,213 - ERROR - DB insert error: UNIQUE constraint failed: keyword_index.id
2025-07-30 09:50:51,213 - ERROR - DB insert error: UNIQUE constraint failed: keyword_index.id
2025-07-30 09:50:51,213 - ERROR - DB insert error: UNIQUE constraint failed: keyword_index.id
2025-07-30 09:50:51,214 - ERROR - DB insert error: UNIQUE constraint failed: keyword_index.id
2025-07-30 09:50:51,214 - ERROR - DB insert error: UNIQUE constraint failed: keyword_index.id
2025-07-30 09:50:51,214 - ERROR - DB insert error: UNIQUE constraint failed: keyword_index.id
2025-07-30 09:50:51,215 - ERROR - DB insert error: UNIQUE constraint failed: keyword_index.id
2025-07-30 09:50:51,215 - ERROR - DB insert error: UNIQUE constraint failed: keyword_index.id
2025-07-30 09:50:51,216 - ERROR - DB insert error: UNIQUE constraint failed: keyword_index.id
2025-07-30 09:50:51,216 - ERROR - DB insert error: UNIQUE constraint failed: keyword_index.id
2025-07-30 09:50:51,216 - ERROR - DB insert error: UNIQUE constraint failed: keyword_index.id
2025-07-30 09:50:51,216 - ERROR - DB insert error: UNIQUE constraint failed: keyword_index.id
2025-07-30 09:50:51,217 - ERROR - DB insert error: UNIQUE constraint failed: keyword_index.id
2025-07-30 09:50:51,217 - ERROR - DB insert error: UNIQUE constraint failed: keyword_index.id
2025-07-30 09:50:51,217 - ERROR - DB insert error: UNIQUE constraint failed: keyword_index.id
2025-07-30 09:50:51,217 - ERROR - DB insert error: UNIQUE constraint failed: keyword_index.id
2025-07-30 09:50:51,218 - ERROR - DB insert error: UNIQUE constraint failed: keyword_index.id
2025-07-30 09:50:51,218 - ERROR - DB insert error: UNIQUE constraint failed: keyword_index.id
2025-07-30 09:50:51,218 - ERROR - DB insert error: UNIQUE constraint failed: keyword_index.id
2025-07-30 09:50:51,218 - ERROR - DB insert error: UNIQUE constraint failed: keyword_index.id
2025-07-30 09:50:51,218 - ERROR - DB insert error: UNIQUE constraint failed: keyword_index.id
2025-07-30 09:50:51,219 - ERROR - DB insert error: UNIQUE constraint failed: keyword_index.id
2025-07-30 09:50:51,219 - ERROR - DB insert error: UNIQUE constraint failed: keyword_index.id
2025-07-30 09:50:51,219 - ERROR - DB insert error: UNIQUE constraint failed: keyword_index.id
2025-07-30 09:50:51,220 - ERROR - DB insert error: UNIQUE constraint failed: keyword_index.id
2025-07-30 09:50:51,220 - ERROR - DB insert error: UNIQUE constraint failed: keyword_index.id
2025-07-30 09:50:51,220 - ERROR - DB insert error: UNIQUE constraint failed: keyword_index.id
2025-07-30 09:50:51,220 - ERROR - DB insert error: UNIQUE constraint failed: keyword_index.id
2025-07-30 09:50:51,221 - ERROR - DB insert error: UNIQUE constraint failed: keyword_index.id
2025-07-30 09:50:51,221 - ERROR - DB insert error: UNIQUE constraint failed: keyword_index.id
2025-07-30 09:50:51,221 - ERROR - DB insert error: UNIQUE constraint failed: keyword_index.id
2025-07-30 09:50:51,221 - ERROR - DB insert error: UNIQUE constraint failed: keyword_index.id
2025-07-30 09:50:51,222 - ERROR - DB insert error: UNIQUE constraint failed: keyword_index.id
2025-07-30 09:50:51,222 - ERROR - DB insert error: UNIQUE constraint failed: keyword_index.id
2025-07-30 09:50:51,222 - ERROR - DB insert error: UNIQUE constraint failed: keyword_index.id
2025-07-30 09:50:51,222 - ERROR - DB insert error: UNIQUE constraint failed: keyword_index.id
2025-07-30 09:50:51,223 - ERROR - DB insert error: UNIQUE constraint failed: keyword_index.id
2025-07-30 09:50:51,223 - ERROR - DB insert error: UNIQUE constraint failed: keyword_index.id
2025-07-30 09:50:51,224 - ERROR - DB insert error: UNIQUE constraint failed: keyword_index.id
2025-07-30 09:50:51,224 - ERROR - DB insert error: UNIQUE constraint failed: keyword_index.id
2025-07-30 09:50:51,224 - ERROR - DB insert error: UNIQUE constraint failed: keyword_index.id
2025-07-30 09:50:51,225 - ERROR - DB insert error: UNIQUE constraint failed: keyword_index.id
2025-07-30 09:50:51,225 - ERROR - DB insert error: UNIQUE constraint failed: keyword_index.id
2025-07-30 09:50:51,225 - ERROR - DB insert error: UNIQUE constraint failed: keyword_index.id
2025-07-30 09:50:51,225 - ERROR - DB insert error: UNIQUE constraint failed: keyword_index.id
2025-07-30 09:50:51,226 - ERROR - DB insert error: UNIQUE constraint failed: keyword_index.id
2025-07-30 09:50:51,226 - ERROR - DB insert error: UNIQUE constraint failed: keyword_index.id
2025-07-30 09:50:51,226 - ERROR - DB insert error: UNIQUE constraint failed: keyword_index.id
2025-07-30 09:50:51,226 - ERROR - DB insert error: UNIQUE constraint failed: keyword_index.id
2025-07-30 09:50:51,227 - ERROR - DB insert error: UNIQUE constraint failed: keyword_index.id
2025-07-30 09:50:51,227 - ERROR - DB insert error: UNIQUE constraint failed: keyword_index.id
2025-07-30 09:50:51,227 - ERROR - DB insert error: UNIQUE constraint failed: keyword_index.id
2025-07-30 09:50:51,227 - ERROR - DB insert error: UNIQUE constraint failed: keyword_index.id
2025-07-30 09:50:51,228 - ERROR - DB insert error: UNIQUE constraint failed: keyword_index.id
2025-07-30 09:50:51,228 - ERROR - DB insert error: UNIQUE constraint failed: keyword_index.id
2025-07-30 09:50:51,228 - ERROR - DB insert error: UNIQUE constraint failed: keyword_index.id
2025-07-30 09:50:51,228 - ERROR - DB insert error: UNIQUE constraint failed: keyword_index.id
2025-07-30 09:50:51,229 - ERROR - DB insert error: UNIQUE constraint failed: keyword_index.id
2025-07-30 09:50:51,229 - ERROR - DB insert error: UNIQUE constraint failed: keyword_index.id
2025-07-30 09:50:51,229 - ERROR - DB insert error: UNIQUE constraint failed: keyword_index.id
2025-07-30 09:50:51,229 - ERROR - DB insert error: UNIQUE constraint failed: keyword_index.id
2025-07-30 09:50:51,230 - ERROR - DB insert error: UNIQUE constraint failed: keyword_index.id
2025-07-30 09:50:51,230 - ERROR - DB insert error: UNIQUE constraint failed: keyword_index.id
2025-07-30 09:50:51,230 - ERROR - DB insert error: UNIQUE constraint failed: keyword_index.id
2025-07-30 09:50:51,230 - ERROR - DB insert error: UNIQUE constraint failed: keyword_index.id
2025-07-30 09:50:51,231 - ERROR - DB insert error: UNIQUE constraint failed: keyword_index.id
2025-07-30 09:50:51,231 - ERROR - DB insert error: UNIQUE constraint failed: keyword_index.id
2025-07-30 09:50:51,231 - ERROR - DB insert error: UNIQUE constraint failed: keyword_index.id
2025-07-30 09:50:51,231 - ERROR - DB insert error: UNIQUE constraint failed: keyword_index.id
2025-07-30 09:50:51,232 - ERROR - DB insert error: UNIQUE constraint failed: keyword_index.id
2025-07-30 09:50:51,232 - ERROR - DB insert error: UNIQUE constraint failed: keyword_index.id
2025-07-30 09:50:51,232 - ERROR - DB insert error: UNIQUE constraint failed: keyword_index.id
2025-07-30 09:50:51,233 - ERROR - DB insert error: UNIQUE constraint failed: keyword_index.id
2025-07-30 09:50:51,233 - ERROR - DB insert error: UNIQUE constraint failed: keyword_index.id
2025-07-30 09:50:51,233 - ERROR - DB insert error: UNIQUE constraint failed: keyword_index.id
2025-07-30 09:50:51,234 - ERROR - DB insert error: UNIQUE constraint failed: keyword_index.id
2025-07-30 09:50:51,234 - ERROR - DB insert error: UNIQUE constraint failed: keyword_index.id
2025-07-30 09:50:51,234 - ERROR - DB insert error: UNIQUE constraint failed: keyword_index.id
2025-07-30 09:50:51,234 - ERROR - DB insert error: UNIQUE constraint failed: keyword_index.id
2025-07-30 09:50:51,234 - ERROR - DB insert error: UNIQUE constraint failed: keyword_index.id
2025-07-30 09:50:51,235 - ERROR - DB insert error: UNIQUE constraint failed: keyword_index.id
2025-07-30 09:50:51,235 - ERROR - DB insert error: UNIQUE constraint failed: keyword_index.id
2025-07-30 09:50:51,236 - ERROR - DB insert error: UNIQUE constraint failed: keyword_index.id
2025-07-30 09:50:51,236 - ERROR - DB insert error: UNIQUE constraint failed: keyword_index.id
2025-07-30 09:50:51,236 - ERROR - DB insert error: UNIQUE constraint failed: keyword_index.id
2025-07-30 09:50:51,237 - ERROR - DB insert error: UNIQUE constraint failed: keyword_index.id
2025-07-30 09:50:51,237 - ERROR - DB insert error: UNIQUE constraint failed: keyword_index.id
2025-07-30 09:50:51,237 - ERROR - DB insert error: UNIQUE constraint failed: keyword_index.id
2025-07-30 09:50:51,238 - ERROR - DB insert error: UNIQUE constraint failed: keyword_index.id
2025-07-30 09:50:51,238 - ERROR - DB insert error: UNIQUE constraint failed: keyword_index.id
2025-07-30 09:50:51,239 - ERROR - DB insert error: UNIQUE constraint failed: keyword_index.id
2025-07-30 09:50:51,239 - ERROR - DB insert error: UNIQUE constraint failed: keyword_index.id
2025-07-30 09:50:51,239 - ERROR - DB insert error: UNIQUE constraint failed: keyword_index.id
2025-07-30 09:50:51,239 - ERROR - DB insert error: UNIQUE constraint failed: keyword_index.id
2025-07-30 09:50:51,240 - ERROR - DB insert error: UNIQUE constraint failed: keyword_index.id
2025-07-30 09:50:51,240 - ERROR - DB insert error: UNIQUE constraint failed: keyword_index.id
2025-07-30 09:50:51,240 - ERROR - DB insert error: UNIQUE constraint failed: keyword_index.id
2025-07-30 09:50:51,241 - ERROR - DB insert error: UNIQUE constraint failed: keyword_index.id
2025-07-30 09:50:51,241 - ERROR - DB insert error: UNIQUE constraint failed: keyword_index.id
2025-07-30 09:50:51,241 - ERROR - DB insert error: UNIQUE constraint failed: keyword_index.id
2025-07-30 09:50:51,242 - ERROR - DB insert error: UNIQUE constraint failed: keyword_index.id
2025-07-30 09:50:51,242 - ERROR - DB insert error: UNIQUE constraint failed: keyword_index.id
2025-07-30 09:50:51,242 - ERROR - DB insert error: UNIQUE constraint failed: keyword_index.id
2025-07-30 09:50:51,242 - ERROR - DB insert error: UNIQUE constraint failed: keyword_index.id
2025-07-30 09:50:51,243 - ERROR - DB insert error: UNIQUE constraint failed: keyword_index.id
2025-07-30 09:50:51,243 - ERROR - DB insert error: UNIQUE constraint failed: keyword_index.id
2025-07-30 09:50:51,244 - ERROR - DB insert error: UNIQUE constraint failed: keyword_index.id
2025-07-30 09:50:51,244 - ERROR - DB insert error: UNIQUE constraint failed: keyword_index.id
2025-07-30 09:50:51,244 - ERROR - DB insert error: UNIQUE constraint failed: keyword_index.id
2025-07-30 09:50:51,245 - ERROR - DB insert error: UNIQUE constraint failed: keyword_index.id
2025-07-30 09:50:51,245 - ERROR - DB insert error: UNIQUE constraint failed: keyword_index.id
2025-07-30 09:50:51,245 - ERROR - DB insert error: UNIQUE constraint failed: keyword_index.id
2025-07-30 09:50:51,245 - ERROR - DB insert error: UNIQUE constraint failed: keyword_index.id
2025-07-30 09:50:51,246 - ERROR - DB insert error: UNIQUE constraint failed: keyword_index.id
2025-07-30 09:50:51,246 - ERROR - DB insert error: UNIQUE constraint failed: keyword_index.id
2025-07-30 09:50:51,247 - ERROR - DB insert error: UNIQUE constraint failed: keyword_index.id
2025-07-30 09:50:51,248 - ERROR - DB insert error: UNIQUE constraint failed: keyword_index.id
2025-07-30 09:50:51,248 - ERROR - DB insert error: UNIQUE constraint failed: keyword_index.id
2025-07-30 09:50:51,248 - ERROR - DB insert error: UNIQUE constraint failed: keyword_index.id
2025-07-30 09:50:51,249 - ERROR - DB insert error: UNIQUE constraint failed: keyword_index.id
2025-07-30 09:50:51,249 - ERROR - DB insert error: UNIQUE constraint failed: keyword_index.id
2025-07-30 09:50:51,249 - ERROR - DB insert error: UNIQUE constraint failed: keyword_index.id
2025-07-30 09:50:51,249 - ERROR - DB insert error: UNIQUE constraint failed: keyword_index.id
2025-07-30 09:50:51,250 - ERROR - DB insert error: UNIQUE constraint failed: keyword_index.id
2025-07-30 09:50:51,250 - ERROR - DB insert error: UNIQUE constraint failed: keyword_index.id
2025-07-30 09:50:51,250 - ERROR - DB insert error: UNIQUE constraint failed: keyword_index.id
2025-07-30 09:50:51,250 - ERROR - DB insert error: UNIQUE constraint failed: keyword_index.id
2025-07-30 09:50:51,250 - ERROR - DB insert error: UNIQUE constraint failed: keyword_index.id
2025-07-30 09:50:51,251 - ERROR - DB insert error: UNIQUE constraint failed: keyword_index.id
2025-07-30 09:50:51,251 - ERROR - DB insert error: UNIQUE constraint failed: keyword_index.id
2025-07-30 09:50:51,251 - ERROR - DB insert error: UNIQUE constraint failed: keyword_index.id
2025-07-30 09:50:51,251 - ERROR - DB insert error: UNIQUE constraint failed: keyword_index.id
2025-07-30 09:50:51,252 - ERROR - DB insert error: UNIQUE constraint failed: keyword_index.id
2025-07-30 09:50:51,252 - ERROR - DB insert error: UNIQUE constraint failed: keyword_index.id
2025-07-30 09:50:51,252 - ERROR - DB insert error: UNIQUE constraint failed: keyword_index.id
2025-07-30 09:50:51,252 - ERROR - DB insert error: UNIQUE constraint failed: keyword_index.id
2025-07-30 09:50:51,253 - ERROR - DB insert error: UNIQUE constraint failed: keyword_index.id
2025-07-30 09:50:51,253 - ERROR - DB insert error: UNIQUE constraint failed: keyword_index.id
2025-07-30 09:50:51,253 - ERROR - DB insert error: UNIQUE constraint failed: keyword_index.id
2025-07-30 09:50:51,253 - ERROR - DB insert error: UNIQUE constraint failed: keyword_index.id
2025-07-30 09:50:51,253 - ERROR - DB insert error: UNIQUE constraint failed: keyword_index.id
2025-07-30 09:50:51,254 - ERROR - DB insert error: UNIQUE constraint failed: keyword_index.id
2025-07-30 09:50:51,254 - ERROR - DB insert error: UNIQUE constraint failed: keyword_index.id
2025-07-30 09:50:51,254 - ERROR - DB insert error: UNIQUE constraint failed: keyword_index.id
2025-07-30 09:50:51,254 - ERROR - DB insert error: UNIQUE constraint failed: keyword_index.id
2025-07-30 09:50:51,255 - ERROR - DB insert error: UNIQUE constraint failed: keyword_index.id
2025-07-30 09:50:51,255 - ERROR - DB insert error: UNIQUE constraint failed: keyword_index.id
2025-07-30 09:50:51,255 - ERROR - DB insert error: UNIQUE constraint failed: keyword_index.id
2025-07-30 09:50:51,256 - ERROR - DB insert error: UNIQUE constraint failed: keyword_index.id
2025-07-30 09:50:51,256 - ERROR - DB insert error: UNIQUE constraint failed: keyword_index.id
2025-07-30 09:50:51,256 - ERROR - DB insert error: UNIQUE constraint failed: keyword_index.id
2025-07-30 09:50:51,256 - ERROR - DB insert error: UNIQUE constraint failed: keyword_index.id
2025-07-30 09:50:51,256 - ERROR - DB insert error: UNIQUE constraint failed: keyword_index.id
2025-07-30 09:50:51,257 - ERROR - DB insert error: UNIQUE constraint failed: keyword_index.id
2025-07-30 09:50:51,257 - ERROR - DB insert error: UNIQUE constraint failed: keyword_index.id
2025-07-30 09:50:51,257 - ERROR - DB insert error: UNIQUE constraint failed: keyword_index.id
2025-07-30 09:50:51,258 - ERROR - DB insert error: UNIQUE constraint failed: keyword_index.id
2025-07-30 09:50:51,258 - ERROR - DB insert error: UNIQUE constraint failed: keyword_index.id
2025-07-30 09:50:51,258 - ERROR - DB insert error: UNIQUE constraint failed: keyword_index.id
2025-07-30 09:50:51,258 - ERROR - DB insert error: UNIQUE constraint failed: keyword_index.id
2025-07-30 09:50:51,258 - ERROR - DB insert error: UNIQUE constraint failed: keyword_index.id
2025-07-30 09:50:51,259 - ERROR - DB insert error: UNIQUE constraint failed: keyword_index.id
2025-07-30 09:50:51,259 - ERROR - DB insert error: UNIQUE constraint failed: keyword_index.id
2025-07-30 09:50:51,259 - ERROR - DB insert error: UNIQUE constraint failed: keyword_index.id
2025-07-30 09:50:51,259 - ERROR - DB insert error: UNIQUE constraint failed: keyword_index.id
2025-07-30 09:50:51,259 - ERROR - DB insert error: UNIQUE constraint failed: keyword_index.id
2025-07-30 09:50:51,260 - ERROR - DB insert error: UNIQUE constraint failed: keyword_index.id
2025-07-30 09:50:51,260 - ERROR - DB insert error: UNIQUE constraint failed: keyword_index.id
2025-07-30 09:50:51,261 - ERROR - DB insert error: UNIQUE constraint failed: keyword_index.id
2025-07-30 09:50:51,261 - ERROR - DB insert error: UNIQUE constraint failed: keyword_index.id
2025-07-30 09:50:51,262 - ERROR - DB insert error: UNIQUE constraint failed: keyword_index.id
2025-07-30 09:50:51,263 - ERROR - DB insert error: UNIQUE constraint failed: keyword_index.id
2025-07-30 09:50:51,263 - ERROR - DB insert error: UNIQUE constraint failed: keyword_index.id
2025-07-30 09:50:51,264 - ERROR - DB insert error: UNIQUE constraint failed: keyword_index.id
2025-07-30 09:50:51,265 - ERROR - DB insert error: UNIQUE constraint failed: keyword_index.id
2025-07-30 09:50:51,265 - ERROR - DB insert error: UNIQUE constraint failed: keyword_index.id
2025-07-30 09:50:51,265 - ERROR - DB insert error: UNIQUE constraint failed: keyword_index.id
2025-07-30 09:50:51,265 - ERROR - DB insert error: UNIQUE constraint failed: keyword_index.id
2025-07-30 09:50:51,265 - ERROR - DB insert error: UNIQUE constraint failed: keyword_index.id
2025-07-30 09:50:51,266 - ERROR - DB insert error: UNIQUE constraint failed: keyword_index.id
2025-07-30 09:50:51,266 - ERROR - DB insert error: UNIQUE constraint failed: keyword_index.id
2025-07-30 09:50:51,266 - ERROR - DB insert error: UNIQUE constraint failed: keyword_index.id
2025-07-30 09:50:51,266 - ERROR - DB insert error: UNIQUE constraint failed: keyword_index.id
2025-07-30 09:50:51,266 - ERROR - DB insert error: UNIQUE constraint failed: keyword_index.id
2025-07-30 09:50:51,267 - ERROR - DB insert error: UNIQUE constraint failed: keyword_index.id
2025-07-30 09:50:51,267 - ERROR - DB insert error: UNIQUE constraint failed: keyword_index.id
2025-07-30 09:50:51,267 - ERROR - DB insert error: UNIQUE constraint failed: keyword_index.id
2025-07-30 09:50:51,267 - ERROR - DB insert error: UNIQUE constraint failed: keyword_index.id
2025-07-30 09:50:51,268 - ERROR - DB insert error: UNIQUE constraint failed: keyword_index.id
2025-07-30 09:50:51,268 - ERROR - DB insert error: UNIQUE constraint failed: keyword_index.id
2025-07-30 09:50:51,268 - ERROR - DB insert error: UNIQUE constraint failed: keyword_index.id
2025-07-30 09:50:51,268 - ERROR - DB insert error: UNIQUE constraint failed: keyword_index.id
2025-07-30 09:50:51,268 - ERROR - DB insert error: UNIQUE constraint failed: keyword_index.id
2025-07-30 09:50:51,269 - ERROR - DB insert error: UNIQUE constraint failed: keyword_index.id
2025-07-30 09:50:51,269 - ERROR - DB insert error: UNIQUE constraint failed: keyword_index.id
2025-07-30 09:50:51,269 - ERROR - DB insert error: UNIQUE constraint failed: keyword_index.id
2025-07-30 09:50:51,269 - ERROR - DB insert error: UNIQUE constraint failed: keyword_index.id
2025-07-30 09:50:51,269 - INFO - Indexed 888 chunks successfully
2025-07-30 09:51:15,983 - INFO - Indexing 888 new chunks...
2025-07-30 09:51:16,477 - INFO - Upserted 888 vectors
2025-07-30 09:51:16,479 - ERROR - DB insert error: UNIQUE constraint failed: keyword_index.id
2025-07-30 09:51:16,479 - ERROR - DB insert error: UNIQUE constraint failed: keyword_index.id
2025-07-30 09:51:16,479 - ERROR - DB insert error: UNIQUE constraint failed: keyword_index.id
2025-07-30 09:51:16,480 - ERROR - DB insert error: UNIQUE constraint failed: keyword_index.id
2025-07-30 09:51:16,480 - ERROR - DB insert error: UNIQUE constraint failed: keyword_index.id
2025-07-30 09:51:16,481 - ERROR - DB insert error: UNIQUE constraint failed: keyword_index.id
2025-07-30 09:51:16,481 - ERROR - DB insert error: UNIQUE constraint failed: keyword_index.id
2025-07-30 09:51:16,482 - ERROR - DB insert error: UNIQUE constraint failed: keyword_index.id
2025-07-30 09:51:16,482 - ERROR - DB insert error: UNIQUE constraint failed: keyword_index.id
2025-07-30 09:51:16,482 - ERROR - DB insert error: UNIQUE constraint failed: keyword_index.id
2025-07-30 09:51:16,483 - ERROR - DB insert error: UNIQUE constraint failed: keyword_index.id
2025-07-30 09:51:16,483 - ERROR - DB insert error: UNIQUE constraint failed: keyword_index.id
2025-07-30 09:51:16,483 - ERROR - DB insert error: UNIQUE constraint failed: keyword_index.id
2025-07-30 09:51:16,483 - ERROR - DB insert error: UNIQUE constraint failed: keyword_index.id
2025-07-30 09:51:16,483 - ERROR - DB insert error: UNIQUE constraint failed: keyword_index.id
2025-07-30 09:51:16,484 - ERROR - DB insert error: UNIQUE constraint failed: keyword_index.id
2025-07-30 09:51:16,484 - ERROR - DB insert error: UNIQUE constraint failed: keyword_index.id
2025-07-30 09:51:16,484 - ERROR - DB insert error: UNIQUE constraint failed: keyword_index.id
2025-07-30 09:51:16,484 - ERROR - DB insert error: UNIQUE constraint failed: keyword_index.id
2025-07-30 09:51:16,484 - ERROR - DB insert error: UNIQUE constraint failed: keyword_index.id
2025-07-30 09:51:16,485 - ERROR - DB insert error: UNIQUE constraint failed: keyword_index.id
2025-07-30 09:51:16,485 - ERROR - DB insert error: UNIQUE constraint failed: keyword_index.id
2025-07-30 09:51:16,485 - ERROR - DB insert error: UNIQUE constraint failed: keyword_index.id
2025-07-30 09:51:16,485 - ERROR - DB insert error: UNIQUE constraint failed: keyword_index.id
2025-07-30 09:51:16,486 - ERROR - DB insert error: UNIQUE constraint failed: keyword_index.id
2025-07-30 09:51:16,486 - ERROR - DB insert error: UNIQUE constraint failed: keyword_index.id
2025-07-30 09:51:16,486 - ERROR - DB insert error: UNIQUE constraint failed: keyword_index.id
2025-07-30 09:51:16,487 - ERROR - DB insert error: UNIQUE constraint failed: keyword_index.id
2025-07-30 09:51:16,487 - ERROR - DB insert error: UNIQUE constraint failed: keyword_index.id
2025-07-30 09:51:16,487 - ERROR - DB insert error: UNIQUE constraint failed: keyword_index.id
2025-07-30 09:51:16,487 - ERROR - DB insert error: UNIQUE constraint failed: keyword_index.id
2025-07-30 09:51:16,488 - ERROR - DB insert error: UNIQUE constraint failed: keyword_index.id
2025-07-30 09:51:16,488 - ERROR - DB insert error: UNIQUE constraint failed: keyword_index.id
2025-07-30 09:51:16,488 - ERROR - DB insert error: UNIQUE constraint failed: keyword_index.id
2025-07-30 09:51:16,488 - ERROR - DB insert error: UNIQUE constraint failed: keyword_index.id
2025-07-30 09:51:16,489 - ERROR - DB insert error: UNIQUE constraint failed: keyword_index.id
2025-07-30 09:51:16,489 - ERROR - DB insert error: UNIQUE constraint failed: keyword_index.id
2025-07-30 09:51:16,489 - ERROR - DB insert error: UNIQUE constraint failed: keyword_index.id
2025-07-30 09:51:16,489 - ERROR - DB insert error: UNIQUE constraint failed: keyword_index.id
2025-07-30 09:51:16,490 - ERROR - DB insert error: UNIQUE constraint failed: keyword_index.id
2025-07-30 09:51:16,490 - ERROR - DB insert error: UNIQUE constraint failed: keyword_index.id
2025-07-30 09:51:16,490 - ERROR - DB insert error: UNIQUE constraint failed: keyword_index.id
2025-07-30 09:51:16,490 - ERROR - DB insert error: UNIQUE constraint failed: keyword_index.id
2025-07-30 09:51:16,490 - ERROR - DB insert error: UNIQUE constraint failed: keyword_index.id
2025-07-30 09:51:16,491 - ERROR - DB insert error: UNIQUE constraint failed: keyword_index.id
2025-07-30 09:51:16,491 - ERROR - DB insert error: UNIQUE constraint failed: keyword_index.id
2025-07-30 09:51:16,491 - ERROR - DB insert error: UNIQUE constraint failed: keyword_index.id
2025-07-30 09:51:16,491 - ERROR - DB insert error: UNIQUE constraint failed: keyword_index.id
2025-07-30 09:51:16,492 - ERROR - DB insert error: UNIQUE constraint failed: keyword_index.id
2025-07-30 09:51:16,492 - ERROR - DB insert error: UNIQUE constraint failed: keyword_index.id
2025-07-30 09:51:16,492 - ERROR - DB insert error: UNIQUE constraint failed: keyword_index.id
2025-07-30 09:51:16,492 - ERROR - DB insert error: UNIQUE constraint failed: keyword_index.id
2025-07-30 09:51:16,492 - ERROR - DB insert error: UNIQUE constraint failed: keyword_index.id
2025-07-30 09:51:16,493 - ERROR - DB insert error: UNIQUE constraint failed: keyword_index.id
2025-07-30 09:51:16,493 - ERROR - DB insert error: UNIQUE constraint failed: keyword_index.id
2025-07-30 09:51:16,493 - ERROR - DB insert error: UNIQUE constraint failed: keyword_index.id
2025-07-30 09:51:16,493 - ERROR - DB insert error: UNIQUE constraint failed: keyword_index.id
2025-07-30 09:51:16,493 - ERROR - DB insert error: UNIQUE constraint failed: keyword_index.id
2025-07-30 09:51:16,494 - ERROR - DB insert error: UNIQUE constraint failed: keyword_index.id
2025-07-30 09:51:16,494 - ERROR - DB insert error: UNIQUE constraint failed: keyword_index.id
2025-07-30 09:51:16,494 - ERROR - DB insert error: UNIQUE constraint failed: keyword_index.id
2025-07-30 09:51:16,494 - ERROR - DB insert error: UNIQUE constraint failed: keyword_index.id
2025-07-30 09:51:16,495 - ERROR - DB insert error: UNIQUE constraint failed: keyword_index.id
2025-07-30 09:51:16,495 - ERROR - DB insert error: UNIQUE constraint failed: keyword_index.id
2025-07-30 09:51:16,495 - ERROR - DB insert error: UNIQUE constraint failed: keyword_index.id
2025-07-30 09:51:16,495 - ERROR - DB insert error: UNIQUE constraint failed: keyword_index.id
2025-07-30 09:51:16,496 - ERROR - DB insert error: UNIQUE constraint failed: keyword_index.id
2025-07-30 09:51:16,496 - ERROR - DB insert error: UNIQUE constraint failed: keyword_index.id
2025-07-30 09:51:16,496 - ERROR - DB insert error: UNIQUE constraint failed: keyword_index.id
2025-07-30 09:51:16,496 - ERROR - DB insert error: UNIQUE constraint failed: keyword_index.id
2025-07-30 09:51:16,497 - ERROR - DB insert error: UNIQUE constraint failed: keyword_index.id
2025-07-30 09:51:16,497 - ERROR - DB insert error: UNIQUE constraint failed: keyword_index.id
2025-07-30 09:51:16,497 - ERROR - DB insert error: UNIQUE constraint failed: keyword_index.id
2025-07-30 09:51:16,497 - ERROR - DB insert error: UNIQUE constraint failed: keyword_index.id
2025-07-30 09:51:16,498 - ERROR - DB insert error: UNIQUE constraint failed: keyword_index.id
2025-07-30 09:51:16,498 - ERROR - DB insert error: UNIQUE constraint failed: keyword_index.id
2025-07-30 09:51:16,499 - ERROR - DB insert error: UNIQUE constraint failed: keyword_index.id
2025-07-30 09:51:16,499 - ERROR - DB insert error: UNIQUE constraint failed: keyword_index.id
2025-07-30 09:51:16,499 - ERROR - DB insert error: UNIQUE constraint failed: keyword_index.id
2025-07-30 09:51:16,499 - ERROR - DB insert error: UNIQUE constraint failed: keyword_index.id
2025-07-30 09:51:16,499 - ERROR - DB insert error: UNIQUE constraint failed: keyword_index.id
2025-07-30 09:51:16,500 - ERROR - DB insert error: UNIQUE constraint failed: keyword_index.id
2025-07-30 09:51:16,500 - ERROR - DB insert error: UNIQUE constraint failed: keyword_index.id
2025-07-30 09:51:16,500 - ERROR - DB insert error: UNIQUE constraint failed: keyword_index.id
2025-07-30 09:51:16,500 - ERROR - DB insert error: UNIQUE constraint failed: keyword_index.id
2025-07-30 09:51:16,501 - ERROR - DB insert error: UNIQUE constraint failed: keyword_index.id
2025-07-30 09:51:16,501 - ERROR - DB insert error: UNIQUE constraint failed: keyword_index.id
2025-07-30 09:51:16,501 - ERROR - DB insert error: UNIQUE constraint failed: keyword_index.id
2025-07-30 09:51:16,501 - ERROR - DB insert error: UNIQUE constraint failed: keyword_index.id
2025-07-30 09:51:16,502 - ERROR - DB insert error: UNIQUE constraint failed: keyword_index.id
2025-07-30 09:51:16,502 - ERROR - DB insert error: UNIQUE constraint failed: keyword_index.id
2025-07-30 09:51:16,502 - ERROR - DB insert error: UNIQUE constraint failed: keyword_index.id
2025-07-30 09:51:16,502 - ERROR - DB insert error: UNIQUE constraint failed: keyword_index.id
2025-07-30 09:51:16,503 - ERROR - DB insert error: UNIQUE constraint failed: keyword_index.id
2025-07-30 09:51:16,503 - ERROR - DB insert error: UNIQUE constraint failed: keyword_index.id
2025-07-30 09:51:16,503 - ERROR - DB insert error: UNIQUE constraint failed: keyword_index.id
2025-07-30 09:51:16,503 - ERROR - DB insert error: UNIQUE constraint failed: keyword_index.id
2025-07-30 09:51:16,504 - ERROR - DB insert error: UNIQUE constraint failed: keyword_index.id
2025-07-30 09:51:16,504 - ERROR - DB insert error: UNIQUE constraint failed: keyword_index.id
2025-07-30 09:51:16,504 - ERROR - DB insert error: UNIQUE constraint failed: keyword_index.id
2025-07-30 09:51:16,504 - ERROR - DB insert error: UNIQUE constraint failed: keyword_index.id
2025-07-30 09:51:16,505 - ERROR - DB insert error: UNIQUE constraint failed: keyword_index.id
2025-07-30 09:51:16,505 - ERROR - DB insert error: UNIQUE constraint failed: keyword_index.id
2025-07-30 09:51:16,505 - ERROR - DB insert error: UNIQUE constraint failed: keyword_index.id
2025-07-30 09:51:16,505 - ERROR - DB insert error: UNIQUE constraint failed: keyword_index.id
2025-07-30 09:51:16,506 - ERROR - DB insert error: UNIQUE constraint failed: keyword_index.id
2025-07-30 09:51:16,506 - ERROR - DB insert error: UNIQUE constraint failed: keyword_index.id
2025-07-30 09:51:16,506 - ERROR - DB insert error: UNIQUE constraint failed: keyword_index.id
2025-07-30 09:51:16,507 - ERROR - DB insert error: UNIQUE constraint failed: keyword_index.id
2025-07-30 09:51:16,507 - ERROR - DB insert error: UNIQUE constraint failed: keyword_index.id
2025-07-30 09:51:16,507 - ERROR - DB insert error: UNIQUE constraint failed: keyword_index.id
2025-07-30 09:51:16,507 - ERROR - DB insert error: UNIQUE constraint failed: keyword_index.id
2025-07-30 09:51:16,507 - ERROR - DB insert error: UNIQUE constraint failed: keyword_index.id
2025-07-30 09:51:16,508 - ERROR - DB insert error: UNIQUE constraint failed: keyword_index.id
2025-07-30 09:51:16,508 - ERROR - DB insert error: UNIQUE constraint failed: keyword_index.id
2025-07-30 09:51:16,508 - ERROR - DB insert error: UNIQUE constraint failed: keyword_index.id
2025-07-30 09:51:16,508 - ERROR - DB insert error: UNIQUE constraint failed: keyword_index.id
2025-07-30 09:51:16,509 - ERROR - DB insert error: UNIQUE constraint failed: keyword_index.id
2025-07-30 09:51:16,509 - ERROR - DB insert error: UNIQUE constraint failed: keyword_index.id
2025-07-30 09:51:16,509 - ERROR - DB insert error: UNIQUE constraint failed: keyword_index.id
2025-07-30 09:51:16,509 - ERROR - DB insert error: UNIQUE constraint failed: keyword_index.id
2025-07-30 09:51:16,509 - ERROR - DB insert error: UNIQUE constraint failed: keyword_index.id
2025-07-30 09:51:16,510 - ERROR - DB insert error: UNIQUE constraint failed: keyword_index.id
2025-07-30 09:51:16,510 - ERROR - DB insert error: UNIQUE constraint failed: keyword_index.id
2025-07-30 09:51:16,511 - ERROR - DB insert error: UNIQUE constraint failed: keyword_index.id
2025-07-30 09:51:16,511 - ERROR - DB insert error: UNIQUE constraint failed: keyword_index.id
2025-07-30 09:51:16,511 - ERROR - DB insert error: UNIQUE constraint failed: keyword_index.id
2025-07-30 09:51:16,511 - ERROR - DB insert error: UNIQUE constraint failed: keyword_index.id
2025-07-30 09:51:16,511 - ERROR - DB insert error: UNIQUE constraint failed: keyword_index.id
2025-07-30 09:51:16,512 - ERROR - DB insert error: UNIQUE constraint failed: keyword_index.id
2025-07-30 09:51:16,512 - ERROR - DB insert error: UNIQUE constraint failed: keyword_index.id
2025-07-30 09:51:16,512 - ERROR - DB insert error: UNIQUE constraint failed: keyword_index.id
2025-07-30 09:51:16,512 - ERROR - DB insert error: UNIQUE constraint failed: keyword_index.id
2025-07-30 09:51:16,513 - ERROR - DB insert error: UNIQUE constraint failed: keyword_index.id
2025-07-30 09:51:16,513 - ERROR - DB insert error: UNIQUE constraint failed: keyword_index.id
2025-07-30 09:51:16,513 - ERROR - DB insert error: UNIQUE constraint failed: keyword_index.id
2025-07-30 09:51:16,514 - ERROR - DB insert error: UNIQUE constraint failed: keyword_index.id
2025-07-30 09:51:16,514 - ERROR - DB insert error: UNIQUE constraint failed: keyword_index.id
2025-07-30 09:51:16,514 - ERROR - DB insert error: UNIQUE constraint failed: keyword_index.id
2025-07-30 09:51:16,514 - ERROR - DB insert error: UNIQUE constraint failed: keyword_index.id
2025-07-30 09:51:16,514 - ERROR - DB insert error: UNIQUE constraint failed: keyword_index.id
2025-07-30 09:51:16,515 - ERROR - DB insert error: UNIQUE constraint failed: keyword_index.id
2025-07-30 09:51:16,515 - ERROR - DB insert error: UNIQUE constraint failed: keyword_index.id
2025-07-30 09:51:16,515 - ERROR - DB insert error: UNIQUE constraint failed: keyword_index.id
2025-07-30 09:51:16,516 - ERROR - DB insert error: UNIQUE constraint failed: keyword_index.id
2025-07-30 09:51:16,516 - ERROR - DB insert error: UNIQUE constraint failed: keyword_index.id
2025-07-30 09:51:16,516 - ERROR - DB insert error: UNIQUE constraint failed: keyword_index.id
2025-07-30 09:51:16,516 - ERROR - DB insert error: UNIQUE constraint failed: keyword_index.id
2025-07-30 09:51:16,516 - ERROR - DB insert error: UNIQUE constraint failed: keyword_index.id
2025-07-30 09:51:16,517 - ERROR - DB insert error: UNIQUE constraint failed: keyword_index.id
2025-07-30 09:51:16,517 - ERROR - DB insert error: UNIQUE constraint failed: keyword_index.id
2025-07-30 09:51:16,517 - ERROR - DB insert error: UNIQUE constraint failed: keyword_index.id
2025-07-30 09:51:16,517 - ERROR - DB insert error: UNIQUE constraint failed: keyword_index.id
2025-07-30 09:51:16,518 - ERROR - DB insert error: UNIQUE constraint failed: keyword_index.id
2025-07-30 09:51:16,518 - ERROR - DB insert error: UNIQUE constraint failed: keyword_index.id
2025-07-30 09:51:16,518 - ERROR - DB insert error: UNIQUE constraint failed: keyword_index.id
2025-07-30 09:51:16,518 - ERROR - DB insert error: UNIQUE constraint failed: keyword_index.id
2025-07-30 09:51:16,519 - ERROR - DB insert error: UNIQUE constraint failed: keyword_index.id
2025-07-30 09:51:16,519 - ERROR - DB insert error: UNIQUE constraint failed: keyword_index.id
2025-07-30 09:51:16,519 - ERROR - DB insert error: UNIQUE constraint failed: keyword_index.id
2025-07-30 09:51:16,519 - ERROR - DB insert error: UNIQUE constraint failed: keyword_index.id
2025-07-30 09:51:16,519 - ERROR - DB insert error: UNIQUE constraint failed: keyword_index.id
2025-07-30 09:51:16,520 - ERROR - DB insert error: UNIQUE constraint failed: keyword_index.id
2025-07-30 09:51:16,520 - ERROR - DB insert error: UNIQUE constraint failed: keyword_index.id
2025-07-30 09:51:16,520 - ERROR - DB insert error: UNIQUE constraint failed: keyword_index.id
2025-07-30 09:51:16,520 - ERROR - DB insert error: UNIQUE constraint failed: keyword_index.id
2025-07-30 09:51:16,521 - ERROR - DB insert error: UNIQUE constraint failed: keyword_index.id
2025-07-30 09:51:16,521 - ERROR - DB insert error: UNIQUE constraint failed: keyword_index.id
2025-07-30 09:51:16,521 - ERROR - DB insert error: UNIQUE constraint failed: keyword_index.id
2025-07-30 09:51:16,522 - ERROR - DB insert error: UNIQUE constraint failed: keyword_index.id
2025-07-30 09:51:16,522 - ERROR - DB insert error: UNIQUE constraint failed: keyword_index.id
2025-07-30 09:51:16,522 - ERROR - DB insert error: UNIQUE constraint failed: keyword_index.id
2025-07-30 09:51:16,522 - ERROR - DB insert error: UNIQUE constraint failed: keyword_index.id
2025-07-30 09:51:16,523 - ERROR - DB insert error: UNIQUE constraint failed: keyword_index.id
2025-07-30 09:51:16,523 - ERROR - DB insert error: UNIQUE constraint failed: keyword_index.id
2025-07-30 09:51:16,523 - ERROR - DB insert error: UNIQUE constraint failed: keyword_index.id
2025-07-30 09:51:16,523 - ERROR - DB insert error: UNIQUE constraint failed: keyword_index.id
2025-07-30 09:51:16,524 - ERROR - DB insert error: UNIQUE constraint failed: keyword_index.id
2025-07-30 09:51:16,524 - ERROR - DB insert error: UNIQUE constraint failed: keyword_index.id
2025-07-30 09:51:16,524 - ERROR - DB insert error: UNIQUE constraint failed: keyword_index.id
2025-07-30 09:51:16,524 - ERROR - DB insert error: UNIQUE constraint failed: keyword_index.id
2025-07-30 09:51:16,524 - ERROR - DB insert error: UNIQUE constraint failed: keyword_index.id
2025-07-30 09:51:16,525 - ERROR - DB insert error: UNIQUE constraint failed: keyword_index.id
2025-07-30 09:51:16,525 - ERROR - DB insert error: UNIQUE constraint failed: keyword_index.id
2025-07-30 09:51:16,526 - ERROR - DB insert error: UNIQUE constraint failed: keyword_index.id
2025-07-30 09:51:16,526 - ERROR - DB insert error: UNIQUE constraint failed: keyword_index.id
2025-07-30 09:51:16,526 - ERROR - DB insert error: UNIQUE constraint failed: keyword_index.id
2025-07-30 09:51:16,526 - ERROR - DB insert error: UNIQUE constraint failed: keyword_index.id
2025-07-30 09:51:16,527 - ERROR - DB insert error: UNIQUE constraint failed: keyword_index.id
2025-07-30 09:51:16,527 - ERROR - DB insert error: UNIQUE constraint failed: keyword_index.id
2025-07-30 09:51:16,527 - ERROR - DB insert error: UNIQUE constraint failed: keyword_index.id
2025-07-30 09:51:16,528 - ERROR - DB insert error: UNIQUE constraint failed: keyword_index.id
2025-07-30 09:51:16,528 - ERROR - DB insert error: UNIQUE constraint failed: keyword_index.id
2025-07-30 09:51:16,528 - ERROR - DB insert error: UNIQUE constraint failed: keyword_index.id
2025-07-30 09:51:16,528 - ERROR - DB insert error: UNIQUE constraint failed: keyword_index.id
2025-07-30 09:51:16,529 - ERROR - DB insert error: UNIQUE constraint failed: keyword_index.id
2025-07-30 09:51:16,529 - ERROR - DB insert error: UNIQUE constraint failed: keyword_index.id
2025-07-30 09:51:16,529 - ERROR - DB insert error: UNIQUE constraint failed: keyword_index.id
2025-07-30 09:51:16,529 - ERROR - DB insert error: UNIQUE constraint failed: keyword_index.id
2025-07-30 09:51:16,529 - ERROR - DB insert error: UNIQUE constraint failed: keyword_index.id
2025-07-30 09:51:16,530 - ERROR - DB insert error: UNIQUE constraint failed: keyword_index.id
2025-07-30 09:51:16,530 - ERROR - DB insert error: UNIQUE constraint failed: keyword_index.id
2025-07-30 09:51:16,530 - ERROR - DB insert error: UNIQUE constraint failed: keyword_index.id
2025-07-30 09:51:16,531 - ERROR - DB insert error: UNIQUE constraint failed: keyword_index.id
2025-07-30 09:51:16,531 - ERROR - DB insert error: UNIQUE constraint failed: keyword_index.id
2025-07-30 09:51:16,531 - ERROR - DB insert error: UNIQUE constraint failed: keyword_index.id
2025-07-30 09:51:16,531 - ERROR - DB insert error: UNIQUE constraint failed: keyword_index.id
2025-07-30 09:51:16,531 - ERROR - DB insert error: UNIQUE constraint failed: keyword_index.id
2025-07-30 09:51:16,532 - ERROR - DB insert error: UNIQUE constraint failed: keyword_index.id
2025-07-30 09:51:16,532 - ERROR - DB insert error: UNIQUE constraint failed: keyword_index.id
2025-07-30 09:51:16,532 - ERROR - DB insert error: UNIQUE constraint failed: keyword_index.id
2025-07-30 09:51:16,532 - ERROR - DB insert error: UNIQUE constraint failed: keyword_index.id
2025-07-30 09:51:16,532 - ERROR - DB insert error: UNIQUE constraint failed: keyword_index.id
2025-07-30 09:51:16,532 - ERROR - DB insert error: UNIQUE constraint failed: keyword_index.id
2025-07-30 09:51:16,533 - ERROR - DB insert error: UNIQUE constraint failed: keyword_index.id
2025-07-30 09:51:16,533 - ERROR - DB insert error: UNIQUE constraint failed: keyword_index.id
2025-07-30 09:51:16,533 - ERROR - DB insert error: UNIQUE constraint failed: keyword_index.id
2025-07-30 09:51:16,533 - ERROR - DB insert error: UNIQUE constraint failed: keyword_index.id
2025-07-30 09:51:16,534 - ERROR - DB insert error: UNIQUE constraint failed: keyword_index.id
2025-07-30 09:51:16,534 - ERROR - DB insert error: UNIQUE constraint failed: keyword_index.id
2025-07-30 09:51:16,534 - ERROR - DB insert error: UNIQUE constraint failed: keyword_index.id
2025-07-30 09:51:16,534 - ERROR - DB insert error: UNIQUE constraint failed: keyword_index.id
2025-07-30 09:51:16,535 - ERROR - DB insert error: UNIQUE constraint failed: keyword_index.id
2025-07-30 09:51:16,535 - ERROR - DB insert error: UNIQUE constraint failed: keyword_index.id
2025-07-30 09:51:16,535 - ERROR - DB insert error: UNIQUE constraint failed: keyword_index.id
2025-07-30 09:51:16,535 - ERROR - DB insert error: UNIQUE constraint failed: keyword_index.id
2025-07-30 09:51:16,536 - ERROR - DB insert error: UNIQUE constraint failed: keyword_index.id
2025-07-30 09:51:16,536 - ERROR - DB insert error: UNIQUE constraint failed: keyword_index.id
2025-07-30 09:51:16,536 - ERROR - DB insert error: UNIQUE constraint failed: keyword_index.id
2025-07-30 09:51:16,536 - ERROR - DB insert error: UNIQUE constraint failed: keyword_index.id
2025-07-30 09:51:16,537 - ERROR - DB insert error: UNIQUE constraint failed: keyword_index.id
2025-07-30 09:51:16,537 - ERROR - DB insert error: UNIQUE constraint failed: keyword_index.id
2025-07-30 09:51:16,537 - ERROR - DB insert error: UNIQUE constraint failed: keyword_index.id
2025-07-30 09:51:16,537 - ERROR - DB insert error: UNIQUE constraint failed: keyword_index.id
2025-07-30 09:51:16,538 - ERROR - DB insert error: UNIQUE constraint failed: keyword_index.id
2025-07-30 09:51:16,538 - ERROR - DB insert error: UNIQUE constraint failed: keyword_index.id
2025-07-30 09:51:16,538 - ERROR - DB insert error: UNIQUE constraint failed: keyword_index.id
2025-07-30 09:51:16,538 - ERROR - DB insert error: UNIQUE constraint failed: keyword_index.id
2025-07-30 09:51:16,539 - ERROR - DB insert error: UNIQUE constraint failed: keyword_index.id
2025-07-30 09:51:16,539 - ERROR - DB insert error: UNIQUE constraint failed: keyword_index.id
2025-07-30 09:51:16,539 - ERROR - DB insert error: UNIQUE constraint failed: keyword_index.id
2025-07-30 09:51:16,539 - ERROR - DB insert error: UNIQUE constraint failed: keyword_index.id
2025-07-30 09:51:16,540 - ERROR - DB insert error: UNIQUE constraint failed: keyword_index.id
2025-07-30 09:51:16,540 - ERROR - DB insert error: UNIQUE constraint failed: keyword_index.id
2025-07-30 09:51:16,540 - ERROR - DB insert error: UNIQUE constraint failed: keyword_index.id
2025-07-30 09:51:16,540 - ERROR - DB insert error: UNIQUE constraint failed: keyword_index.id
2025-07-30 09:51:16,541 - ERROR - DB insert error: UNIQUE constraint failed: keyword_index.id
2025-07-30 09:51:16,541 - ERROR - DB insert error: UNIQUE constraint failed: keyword_index.id
2025-07-30 09:51:16,541 - ERROR - DB insert error: UNIQUE constraint failed: keyword_index.id
2025-07-30 09:51:16,541 - ERROR - DB insert error: UNIQUE constraint failed: keyword_index.id
2025-07-30 09:51:16,542 - ERROR - DB insert error: UNIQUE constraint failed: keyword_index.id
2025-07-30 09:51:16,542 - ERROR - DB insert error: UNIQUE constraint failed: keyword_index.id
2025-07-30 09:51:16,542 - ERROR - DB insert error: UNIQUE constraint failed: keyword_index.id
2025-07-30 09:51:16,542 - ERROR - DB insert error: UNIQUE constraint failed: keyword_index.id
2025-07-30 09:51:16,543 - ERROR - DB insert error: UNIQUE constraint failed: keyword_index.id
2025-07-30 09:51:16,543 - ERROR - DB insert error: UNIQUE constraint failed: keyword_index.id
2025-07-30 09:51:16,543 - ERROR - DB insert error: UNIQUE constraint failed: keyword_index.id
2025-07-30 09:51:16,543 - ERROR - DB insert error: UNIQUE constraint failed: keyword_index.id
2025-07-30 09:51:16,543 - ERROR - DB insert error: UNIQUE constraint failed: keyword_index.id
2025-07-30 09:51:16,544 - ERROR - DB insert error: UNIQUE constraint failed: keyword_index.id
2025-07-30 09:51:16,544 - ERROR - DB insert error: UNIQUE constraint failed: keyword_index.id
2025-07-30 09:51:16,544 - ERROR - DB insert error: UNIQUE constraint failed: keyword_index.id
2025-07-30 09:51:16,545 - ERROR - DB insert error: UNIQUE constraint failed: keyword_index.id
2025-07-30 09:51:16,545 - ERROR - DB insert error: UNIQUE constraint failed: keyword_index.id
2025-07-30 09:51:16,545 - ERROR - DB insert error: UNIQUE constraint failed: keyword_index.id
2025-07-30 09:51:16,545 - ERROR - DB insert error: UNIQUE constraint failed: keyword_index.id
2025-07-30 09:51:16,546 - ERROR - DB insert error: UNIQUE constraint failed: keyword_index.id
2025-07-30 09:51:16,546 - ERROR - DB insert error: UNIQUE constraint failed: keyword_index.id
2025-07-30 09:51:16,546 - ERROR - DB insert error: UNIQUE constraint failed: keyword_index.id
2025-07-30 09:51:16,547 - ERROR - DB insert error: UNIQUE constraint failed: keyword_index.id
2025-07-30 09:51:16,547 - ERROR - DB insert error: UNIQUE constraint failed: keyword_index.id
2025-07-30 09:51:16,547 - ERROR - DB insert error: UNIQUE constraint failed: keyword_index.id
2025-07-30 09:51:16,547 - ERROR - DB insert error: UNIQUE constraint failed: keyword_index.id
2025-07-30 09:51:16,548 - ERROR - DB insert error: UNIQUE constraint failed: keyword_index.id
2025-07-30 09:51:16,548 - ERROR - DB insert error: UNIQUE constraint failed: keyword_index.id
2025-07-30 09:51:16,548 - ERROR - DB insert error: UNIQUE constraint failed: keyword_index.id
2025-07-30 09:51:16,549 - ERROR - DB insert error: UNIQUE constraint failed: keyword_index.id
2025-07-30 09:51:16,549 - ERROR - DB insert error: UNIQUE constraint failed: keyword_index.id
2025-07-30 09:51:16,549 - ERROR - DB insert error: UNIQUE constraint failed: keyword_index.id
2025-07-30 09:51:16,549 - ERROR - DB insert error: UNIQUE constraint failed: keyword_index.id
2025-07-30 09:51:16,550 - ERROR - DB insert error: UNIQUE constraint failed: keyword_index.id
2025-07-30 09:51:16,550 - ERROR - DB insert error: UNIQUE constraint failed: keyword_index.id
2025-07-30 09:51:16,550 - ERROR - DB insert error: UNIQUE constraint failed: keyword_index.id
2025-07-30 09:51:16,550 - ERROR - DB insert error: UNIQUE constraint failed: keyword_index.id
2025-07-30 09:51:16,551 - ERROR - DB insert error: UNIQUE constraint failed: keyword_index.id
2025-07-30 09:51:16,551 - ERROR - DB insert error: UNIQUE constraint failed: keyword_index.id
2025-07-30 09:51:16,551 - ERROR - DB insert error: UNIQUE constraint failed: keyword_index.id
2025-07-30 09:51:16,551 - ERROR - DB insert error: UNIQUE constraint failed: keyword_index.id
2025-07-30 09:51:16,552 - ERROR - DB insert error: UNIQUE constraint failed: keyword_index.id
2025-07-30 09:51:16,552 - ERROR - DB insert error: UNIQUE constraint failed: keyword_index.id
2025-07-30 09:51:16,552 - ERROR - DB insert error: UNIQUE constraint failed: keyword_index.id
2025-07-30 09:51:16,552 - ERROR - DB insert error: UNIQUE constraint failed: keyword_index.id
2025-07-30 09:51:16,553 - ERROR - DB insert error: UNIQUE constraint failed: keyword_index.id
2025-07-30 09:51:16,553 - ERROR - DB insert error: UNIQUE constraint failed: keyword_index.id
2025-07-30 09:51:16,553 - ERROR - DB insert error: UNIQUE constraint failed: keyword_index.id
2025-07-30 09:51:16,554 - ERROR - DB insert error: UNIQUE constraint failed: keyword_index.id
2025-07-30 09:51:16,554 - ERROR - DB insert error: UNIQUE constraint failed: keyword_index.id
2025-07-30 09:51:16,554 - ERROR - DB insert error: UNIQUE constraint failed: keyword_index.id
2025-07-30 09:51:16,554 - ERROR - DB insert error: UNIQUE constraint failed: keyword_index.id
2025-07-30 09:51:16,555 - ERROR - DB insert error: UNIQUE constraint failed: keyword_index.id
2025-07-30 09:51:16,555 - ERROR - DB insert error: UNIQUE constraint failed: keyword_index.id
2025-07-30 09:51:16,556 - ERROR - DB insert error: UNIQUE constraint failed: keyword_index.id
2025-07-30 09:51:16,556 - ERROR - DB insert error: UNIQUE constraint failed: keyword_index.id
2025-07-30 09:51:16,556 - ERROR - DB insert error: UNIQUE constraint failed: keyword_index.id
2025-07-30 09:51:16,556 - ERROR - DB insert error: UNIQUE constraint failed: keyword_index.id
2025-07-30 09:51:16,557 - ERROR - DB insert error: UNIQUE constraint failed: keyword_index.id
2025-07-30 09:51:16,557 - ERROR - DB insert error: UNIQUE constraint failed: keyword_index.id
2025-07-30 09:51:16,557 - ERROR - DB insert error: UNIQUE constraint failed: keyword_index.id
2025-07-30 09:51:16,557 - ERROR - DB insert error: UNIQUE constraint failed: keyword_index.id
2025-07-30 09:51:16,558 - ERROR - DB insert error: UNIQUE constraint failed: keyword_index.id
2025-07-30 09:51:16,558 - ERROR - DB insert error: UNIQUE constraint failed: keyword_index.id
2025-07-30 09:51:16,558 - ERROR - DB insert error: UNIQUE constraint failed: keyword_index.id
2025-07-30 09:51:16,558 - ERROR - DB insert error: UNIQUE constraint failed: keyword_index.id
2025-07-30 09:51:16,559 - ERROR - DB insert error: UNIQUE constraint failed: keyword_index.id
2025-07-30 09:51:16,559 - ERROR - DB insert error: UNIQUE constraint failed: keyword_index.id
2025-07-30 09:51:16,560 - ERROR - DB insert error: UNIQUE constraint failed: keyword_index.id
2025-07-30 09:51:16,560 - ERROR - DB insert error: UNIQUE constraint failed: keyword_index.id
2025-07-30 09:51:16,560 - ERROR - DB insert error: UNIQUE constraint failed: keyword_index.id
2025-07-30 09:51:16,561 - ERROR - DB insert error: UNIQUE constraint failed: keyword_index.id
2025-07-30 09:51:16,561 - ERROR - DB insert error: UNIQUE constraint failed: keyword_index.id
2025-07-30 09:51:16,561 - ERROR - DB insert error: UNIQUE constraint failed: keyword_index.id
2025-07-30 09:51:16,561 - ERROR - DB insert error: UNIQUE constraint failed: keyword_index.id
2025-07-30 09:51:16,562 - ERROR - DB insert error: UNIQUE constraint failed: keyword_index.id
2025-07-30 09:51:16,562 - ERROR - DB insert error: UNIQUE constraint failed: keyword_index.id
2025-07-30 09:51:16,562 - ERROR - DB insert error: UNIQUE constraint failed: keyword_index.id
2025-07-30 09:51:16,563 - ERROR - DB insert error: UNIQUE constraint failed: keyword_index.id
2025-07-30 09:51:16,563 - ERROR - DB insert error: UNIQUE constraint failed: keyword_index.id
2025-07-30 09:51:16,563 - ERROR - DB insert error: UNIQUE constraint failed: keyword_index.id
2025-07-30 09:51:16,564 - ERROR - DB insert error: UNIQUE constraint failed: keyword_index.id
2025-07-30 09:51:16,564 - ERROR - DB insert error: UNIQUE constraint failed: keyword_index.id
2025-07-30 09:51:16,564 - ERROR - DB insert error: UNIQUE constraint failed: keyword_index.id
2025-07-30 09:51:16,564 - ERROR - DB insert error: UNIQUE constraint failed: keyword_index.id
2025-07-30 09:51:16,564 - ERROR - DB insert error: UNIQUE constraint failed: keyword_index.id
2025-07-30 09:51:16,565 - ERROR - DB insert error: UNIQUE constraint failed: keyword_index.id
2025-07-30 09:51:16,565 - ERROR - DB insert error: UNIQUE constraint failed: keyword_index.id
2025-07-30 09:51:16,565 - ERROR - DB insert error: UNIQUE constraint failed: keyword_index.id
2025-07-30 09:51:16,565 - ERROR - DB insert error: UNIQUE constraint failed: keyword_index.id
2025-07-30 09:51:16,566 - ERROR - DB insert error: UNIQUE constraint failed: keyword_index.id
2025-07-30 09:51:16,566 - ERROR - DB insert error: UNIQUE constraint failed: keyword_index.id
2025-07-30 09:51:16,566 - ERROR - DB insert error: UNIQUE constraint failed: keyword_index.id
2025-07-30 09:51:16,566 - ERROR - DB insert error: UNIQUE constraint failed: keyword_index.id
2025-07-30 09:51:16,567 - ERROR - DB insert error: UNIQUE constraint failed: keyword_index.id
2025-07-30 09:51:16,567 - ERROR - DB insert error: UNIQUE constraint failed: keyword_index.id
2025-07-30 09:51:16,567 - ERROR - DB insert error: UNIQUE constraint failed: keyword_index.id
2025-07-30 09:51:16,567 - ERROR - DB insert error: UNIQUE constraint failed: keyword_index.id
2025-07-30 09:51:16,567 - ERROR - DB insert error: UNIQUE constraint failed: keyword_index.id
2025-07-30 09:51:16,568 - ERROR - DB insert error: UNIQUE constraint failed: keyword_index.id
2025-07-30 09:51:16,568 - ERROR - DB insert error: UNIQUE constraint failed: keyword_index.id
2025-07-30 09:51:16,568 - ERROR - DB insert error: UNIQUE constraint failed: keyword_index.id
2025-07-30 09:51:16,569 - ERROR - DB insert error: UNIQUE constraint failed: keyword_index.id
2025-07-30 09:51:16,569 - ERROR - DB insert error: UNIQUE constraint failed: keyword_index.id
2025-07-30 09:51:16,569 - ERROR - DB insert error: UNIQUE constraint failed: keyword_index.id
2025-07-30 09:51:16,569 - ERROR - DB insert error: UNIQUE constraint failed: keyword_index.id
2025-07-30 09:51:16,570 - ERROR - DB insert error: UNIQUE constraint failed: keyword_index.id
2025-07-30 09:51:16,570 - ERROR - DB insert error: UNIQUE constraint failed: keyword_index.id
2025-07-30 09:51:16,570 - ERROR - DB insert error: UNIQUE constraint failed: keyword_index.id
2025-07-30 09:51:16,571 - ERROR - DB insert error: UNIQUE constraint failed: keyword_index.id
2025-07-30 09:51:16,571 - ERROR - DB insert error: UNIQUE constraint failed: keyword_index.id
2025-07-30 09:51:16,571 - ERROR - DB insert error: UNIQUE constraint failed: keyword_index.id
2025-07-30 09:51:16,571 - ERROR - DB insert error: UNIQUE constraint failed: keyword_index.id
2025-07-30 09:51:16,572 - ERROR - DB insert error: UNIQUE constraint failed: keyword_index.id
2025-07-30 09:51:16,572 - ERROR - DB insert error: UNIQUE constraint failed: keyword_index.id
2025-07-30 09:51:16,572 - ERROR - DB insert error: UNIQUE constraint failed: keyword_index.id
2025-07-30 09:51:16,572 - ERROR - DB insert error: UNIQUE constraint failed: keyword_index.id
2025-07-30 09:51:16,573 - ERROR - DB insert error: UNIQUE constraint failed: keyword_index.id
2025-07-30 09:51:16,573 - ERROR - DB insert error: UNIQUE constraint failed: keyword_index.id
2025-07-30 09:51:16,573 - ERROR - DB insert error: UNIQUE constraint failed: keyword_index.id
2025-07-30 09:51:16,574 - ERROR - DB insert error: UNIQUE constraint failed: keyword_index.id
2025-07-30 09:51:16,574 - ERROR - DB insert error: UNIQUE constraint failed: keyword_index.id
2025-07-30 09:51:16,574 - ERROR - DB insert error: UNIQUE constraint failed: keyword_index.id
2025-07-30 09:51:16,575 - ERROR - DB insert error: UNIQUE constraint failed: keyword_index.id
2025-07-30 09:51:16,575 - ERROR - DB insert error: UNIQUE constraint failed: keyword_index.id
2025-07-30 09:51:16,575 - ERROR - DB insert error: UNIQUE constraint failed: keyword_index.id
2025-07-30 09:51:16,575 - ERROR - DB insert error: UNIQUE constraint failed: keyword_index.id
2025-07-30 09:51:16,576 - ERROR - DB insert error: UNIQUE constraint failed: keyword_index.id
2025-07-30 09:51:16,576 - ERROR - DB insert error: UNIQUE constraint failed: keyword_index.id
2025-07-30 09:51:16,576 - ERROR - DB insert error: UNIQUE constraint failed: keyword_index.id
2025-07-30 09:51:16,577 - ERROR - DB insert error: UNIQUE constraint failed: keyword_index.id
2025-07-30 09:51:16,577 - ERROR - DB insert error: UNIQUE constraint failed: keyword_index.id
2025-07-30 09:51:16,577 - ERROR - DB insert error: UNIQUE constraint failed: keyword_index.id
2025-07-30 09:51:16,577 - ERROR - DB insert error: UNIQUE constraint failed: keyword_index.id
2025-07-30 09:51:16,578 - ERROR - DB insert error: UNIQUE constraint failed: keyword_index.id
2025-07-30 09:51:16,578 - ERROR - DB insert error: UNIQUE constraint failed: keyword_index.id
2025-07-30 09:51:16,578 - ERROR - DB insert error: UNIQUE constraint failed: keyword_index.id
2025-07-30 09:51:16,578 - ERROR - DB insert error: UNIQUE constraint failed: keyword_index.id
2025-07-30 09:51:16,579 - ERROR - DB insert error: UNIQUE constraint failed: keyword_index.id
2025-07-30 09:51:16,579 - ERROR - DB insert error: UNIQUE constraint failed: keyword_index.id
2025-07-30 09:51:16,579 - ERROR - DB insert error: UNIQUE constraint failed: keyword_index.id
2025-07-30 09:51:16,579 - ERROR - DB insert error: UNIQUE constraint failed: keyword_index.id
2025-07-30 09:51:16,579 - ERROR - DB insert error: UNIQUE constraint failed: keyword_index.id
2025-07-30 09:51:16,580 - ERROR - DB insert error: UNIQUE constraint failed: keyword_index.id
2025-07-30 09:51:16,580 - ERROR - DB insert error: UNIQUE constraint failed: keyword_index.id
2025-07-30 09:51:16,580 - ERROR - DB insert error: UNIQUE constraint failed: keyword_index.id
2025-07-30 09:51:16,580 - ERROR - DB insert error: UNIQUE constraint failed: keyword_index.id
2025-07-30 09:51:16,581 - ERROR - DB insert error: UNIQUE constraint failed: keyword_index.id
2025-07-30 09:51:16,581 - ERROR - DB insert error: UNIQUE constraint failed: keyword_index.id
2025-07-30 09:51:16,581 - ERROR - DB insert error: UNIQUE constraint failed: keyword_index.id
2025-07-30 09:51:16,581 - ERROR - DB insert error: UNIQUE constraint failed: keyword_index.id
2025-07-30 09:51:16,582 - ERROR - DB insert error: UNIQUE constraint failed: keyword_index.id
2025-07-30 09:51:16,582 - ERROR - DB insert error: UNIQUE constraint failed: keyword_index.id
2025-07-30 09:51:16,582 - ERROR - DB insert error: UNIQUE constraint failed: keyword_index.id
2025-07-30 09:51:16,583 - ERROR - DB insert error: UNIQUE constraint failed: keyword_index.id
2025-07-30 09:51:16,583 - ERROR - DB insert error: UNIQUE constraint failed: keyword_index.id
2025-07-30 09:51:16,583 - ERROR - DB insert error: UNIQUE constraint failed: keyword_index.id
2025-07-30 09:51:16,583 - ERROR - DB insert error: UNIQUE constraint failed: keyword_index.id
2025-07-30 09:51:16,584 - ERROR - DB insert error: UNIQUE constraint failed: keyword_index.id
2025-07-30 09:51:16,584 - ERROR - DB insert error: UNIQUE constraint failed: keyword_index.id
2025-07-30 09:51:16,584 - ERROR - DB insert error: UNIQUE constraint failed: keyword_index.id
2025-07-30 09:51:16,584 - ERROR - DB insert error: UNIQUE constraint failed: keyword_index.id
2025-07-30 09:51:16,585 - ERROR - DB insert error: UNIQUE constraint failed: keyword_index.id
2025-07-30 09:51:16,585 - ERROR - DB insert error: UNIQUE constraint failed: keyword_index.id
2025-07-30 09:51:16,585 - ERROR - DB insert error: UNIQUE constraint failed: keyword_index.id
2025-07-30 09:51:16,585 - ERROR - DB insert error: UNIQUE constraint failed: keyword_index.id
2025-07-30 09:51:16,585 - ERROR - DB insert error: UNIQUE constraint failed: keyword_index.id
2025-07-30 09:51:16,585 - ERROR - DB insert error: UNIQUE constraint failed: keyword_index.id
2025-07-30 09:51:16,586 - ERROR - DB insert error: UNIQUE constraint failed: keyword_index.id
2025-07-30 09:51:16,586 - ERROR - DB insert error: UNIQUE constraint failed: keyword_index.id
2025-07-30 09:51:16,586 - ERROR - DB insert error: UNIQUE constraint failed: keyword_index.id
2025-07-30 09:51:16,586 - ERROR - DB insert error: UNIQUE constraint failed: keyword_index.id
2025-07-30 09:51:16,587 - ERROR - DB insert error: UNIQUE constraint failed: keyword_index.id
2025-07-30 09:51:16,587 - ERROR - DB insert error: UNIQUE constraint failed: keyword_index.id
2025-07-30 09:51:16,587 - ERROR - DB insert error: UNIQUE constraint failed: keyword_index.id
2025-07-30 09:51:16,587 - ERROR - DB insert error: UNIQUE constraint failed: keyword_index.id
2025-07-30 09:51:16,588 - ERROR - DB insert error: UNIQUE constraint failed: keyword_index.id
2025-07-30 09:51:16,588 - ERROR - DB insert error: UNIQUE constraint failed: keyword_index.id
2025-07-30 09:51:16,589 - ERROR - DB insert error: UNIQUE constraint failed: keyword_index.id
2025-07-30 09:51:16,589 - ERROR - DB insert error: UNIQUE constraint failed: keyword_index.id
2025-07-30 09:51:16,589 - ERROR - DB insert error: UNIQUE constraint failed: keyword_index.id
2025-07-30 09:51:16,589 - ERROR - DB insert error: UNIQUE constraint failed: keyword_index.id
2025-07-30 09:51:16,590 - ERROR - DB insert error: UNIQUE constraint failed: keyword_index.id
2025-07-30 09:51:16,590 - ERROR - DB insert error: UNIQUE constraint failed: keyword_index.id
2025-07-30 09:51:16,590 - ERROR - DB insert error: UNIQUE constraint failed: keyword_index.id
2025-07-30 09:51:16,590 - ERROR - DB insert error: UNIQUE constraint failed: keyword_index.id
2025-07-30 09:51:16,590 - ERROR - DB insert error: UNIQUE constraint failed: keyword_index.id
2025-07-30 09:51:16,591 - ERROR - DB insert error: UNIQUE constraint failed: keyword_index.id
2025-07-30 09:51:16,591 - ERROR - DB insert error: UNIQUE constraint failed: keyword_index.id
2025-07-30 09:51:16,591 - ERROR - DB insert error: UNIQUE constraint failed: keyword_index.id
2025-07-30 09:51:16,591 - ERROR - DB insert error: UNIQUE constraint failed: keyword_index.id
2025-07-30 09:51:16,591 - ERROR - DB insert error: UNIQUE constraint failed: keyword_index.id
2025-07-30 09:51:16,592 - ERROR - DB insert error: UNIQUE constraint failed: keyword_index.id
2025-07-30 09:51:16,592 - ERROR - DB insert error: UNIQUE constraint failed: keyword_index.id
2025-07-30 09:51:16,592 - ERROR - DB insert error: UNIQUE constraint failed: keyword_index.id
2025-07-30 09:51:16,592 - ERROR - DB insert error: UNIQUE constraint failed: keyword_index.id
2025-07-30 09:51:16,593 - ERROR - DB insert error: UNIQUE constraint failed: keyword_index.id
2025-07-30 09:51:16,593 - ERROR - DB insert error: UNIQUE constraint failed: keyword_index.id
2025-07-30 09:51:16,593 - ERROR - DB insert error: UNIQUE constraint failed: keyword_index.id
2025-07-30 09:51:16,593 - ERROR - DB insert error: UNIQUE constraint failed: keyword_index.id
2025-07-30 09:51:16,593 - ERROR - DB insert error: UNIQUE constraint failed: keyword_index.id
2025-07-30 09:51:16,594 - ERROR - DB insert error: UNIQUE constraint failed: keyword_index.id
2025-07-30 09:51:16,594 - ERROR - DB insert error: UNIQUE constraint failed: keyword_index.id
2025-07-30 09:51:16,594 - ERROR - DB insert error: UNIQUE constraint failed: keyword_index.id
2025-07-30 09:51:16,595 - ERROR - DB insert error: UNIQUE constraint failed: keyword_index.id
2025-07-30 09:51:16,595 - ERROR - DB insert error: UNIQUE constraint failed: keyword_index.id
2025-07-30 09:51:16,595 - ERROR - DB insert error: UNIQUE constraint failed: keyword_index.id
2025-07-30 09:51:16,595 - ERROR - DB insert error: UNIQUE constraint failed: keyword_index.id
2025-07-30 09:51:16,596 - ERROR - DB insert error: UNIQUE constraint failed: keyword_index.id
2025-07-30 09:51:16,596 - ERROR - DB insert error: UNIQUE constraint failed: keyword_index.id
2025-07-30 09:51:16,596 - ERROR - DB insert error: UNIQUE constraint failed: keyword_index.id
2025-07-30 09:51:16,597 - ERROR - DB insert error: UNIQUE constraint failed: keyword_index.id
2025-07-30 09:51:16,597 - ERROR - DB insert error: UNIQUE constraint failed: keyword_index.id
2025-07-30 09:51:16,598 - ERROR - DB insert error: UNIQUE constraint failed: keyword_index.id
2025-07-30 09:51:16,598 - ERROR - DB insert error: UNIQUE constraint failed: keyword_index.id
2025-07-30 09:51:16,598 - ERROR - DB insert error: UNIQUE constraint failed: keyword_index.id
2025-07-30 09:51:16,598 - ERROR - DB insert error: UNIQUE constraint failed: keyword_index.id
2025-07-30 09:51:16,599 - ERROR - DB insert error: UNIQUE constraint failed: keyword_index.id
2025-07-30 09:51:16,599 - ERROR - DB insert error: UNIQUE constraint failed: keyword_index.id
2025-07-30 09:51:16,599 - ERROR - DB insert error: UNIQUE constraint failed: keyword_index.id
2025-07-30 09:51:16,600 - ERROR - DB insert error: UNIQUE constraint failed: keyword_index.id
2025-07-30 09:51:16,600 - ERROR - DB insert error: UNIQUE constraint failed: keyword_index.id
2025-07-30 09:51:16,600 - ERROR - DB insert error: UNIQUE constraint failed: keyword_index.id
2025-07-30 09:51:16,600 - ERROR - DB insert error: UNIQUE constraint failed: keyword_index.id
2025-07-30 09:51:16,600 - ERROR - DB insert error: UNIQUE constraint failed: keyword_index.id
2025-07-30 09:51:16,601 - ERROR - DB insert error: UNIQUE constraint failed: keyword_index.id
2025-07-30 09:51:16,601 - ERROR - DB insert error: UNIQUE constraint failed: keyword_index.id
2025-07-30 09:51:16,601 - ERROR - DB insert error: UNIQUE constraint failed: keyword_index.id
2025-07-30 09:51:16,601 - ERROR - DB insert error: UNIQUE constraint failed: keyword_index.id
2025-07-30 09:51:16,602 - ERROR - DB insert error: UNIQUE constraint failed: keyword_index.id
2025-07-30 09:51:16,602 - ERROR - DB insert error: UNIQUE constraint failed: keyword_index.id
2025-07-30 09:51:16,602 - ERROR - DB insert error: UNIQUE constraint failed: keyword_index.id
2025-07-30 09:51:16,602 - ERROR - DB insert error: UNIQUE constraint failed: keyword_index.id
2025-07-30 09:51:16,603 - ERROR - DB insert error: UNIQUE constraint failed: keyword_index.id
2025-07-30 09:51:16,603 - ERROR - DB insert error: UNIQUE constraint failed: keyword_index.id
2025-07-30 09:51:16,603 - ERROR - DB insert error: UNIQUE constraint failed: keyword_index.id
2025-07-30 09:51:16,603 - ERROR - DB insert error: UNIQUE constraint failed: keyword_index.id
2025-07-30 09:51:16,604 - ERROR - DB insert error: UNIQUE constraint failed: keyword_index.id
2025-07-30 09:51:16,604 - ERROR - DB insert error: UNIQUE constraint failed: keyword_index.id
2025-07-30 09:51:16,604 - ERROR - DB insert error: UNIQUE constraint failed: keyword_index.id
2025-07-30 09:51:16,604 - ERROR - DB insert error: UNIQUE constraint failed: keyword_index.id
2025-07-30 09:51:16,605 - ERROR - DB insert error: UNIQUE constraint failed: keyword_index.id
2025-07-30 09:51:16,605 - ERROR - DB insert error: UNIQUE constraint failed: keyword_index.id
2025-07-30 09:51:16,605 - ERROR - DB insert error: UNIQUE constraint failed: keyword_index.id
2025-07-30 09:51:16,605 - ERROR - DB insert error: UNIQUE constraint failed: keyword_index.id
2025-07-30 09:51:16,605 - ERROR - DB insert error: UNIQUE constraint failed: keyword_index.id
2025-07-30 09:51:16,606 - ERROR - DB insert error: UNIQUE constraint failed: keyword_index.id
2025-07-30 09:51:16,606 - ERROR - DB insert error: UNIQUE constraint failed: keyword_index.id
2025-07-30 09:51:16,606 - ERROR - DB insert error: UNIQUE constraint failed: keyword_index.id
2025-07-30 09:51:16,607 - ERROR - DB insert error: UNIQUE constraint failed: keyword_index.id
2025-07-30 09:51:16,607 - ERROR - DB insert error: UNIQUE constraint failed: keyword_index.id
2025-07-30 09:51:16,607 - ERROR - DB insert error: UNIQUE constraint failed: keyword_index.id
2025-07-30 09:51:16,607 - ERROR - DB insert error: UNIQUE constraint failed: keyword_index.id
2025-07-30 09:51:16,607 - ERROR - DB insert error: UNIQUE constraint failed: keyword_index.id
2025-07-30 09:51:16,608 - ERROR - DB insert error: UNIQUE constraint failed: keyword_index.id
2025-07-30 09:51:16,608 - ERROR - DB insert error: UNIQUE constraint failed: keyword_index.id
2025-07-30 09:51:16,608 - ERROR - DB insert error: UNIQUE constraint failed: keyword_index.id
2025-07-30 09:51:16,609 - ERROR - DB insert error: UNIQUE constraint failed: keyword_index.id
2025-07-30 09:51:16,609 - ERROR - DB insert error: UNIQUE constraint failed: keyword_index.id
2025-07-30 09:51:16,609 - ERROR - DB insert error: UNIQUE constraint failed: keyword_index.id
2025-07-30 09:51:16,610 - ERROR - DB insert error: UNIQUE constraint failed: keyword_index.id
2025-07-30 09:51:16,610 - ERROR - DB insert error: UNIQUE constraint failed: keyword_index.id
2025-07-30 09:51:16,610 - ERROR - DB insert error: UNIQUE constraint failed: keyword_index.id
2025-07-30 09:51:16,610 - ERROR - DB insert error: UNIQUE constraint failed: keyword_index.id
2025-07-30 09:51:16,611 - ERROR - DB insert error: UNIQUE constraint failed: keyword_index.id
2025-07-30 09:51:16,611 - ERROR - DB insert error: UNIQUE constraint failed: keyword_index.id
2025-07-30 09:51:16,611 - ERROR - DB insert error: UNIQUE constraint failed: keyword_index.id
2025-07-30 09:51:16,612 - ERROR - DB insert error: UNIQUE constraint failed: keyword_index.id
2025-07-30 09:51:16,612 - ERROR - DB insert error: UNIQUE constraint failed: keyword_index.id
2025-07-30 09:51:16,612 - ERROR - DB insert error: UNIQUE constraint failed: keyword_index.id
2025-07-30 09:51:16,612 - ERROR - DB insert error: UNIQUE constraint failed: keyword_index.id
2025-07-30 09:51:16,613 - ERROR - DB insert error: UNIQUE constraint failed: keyword_index.id
2025-07-30 09:51:16,613 - ERROR - DB insert error: UNIQUE constraint failed: keyword_index.id
2025-07-30 09:51:16,613 - ERROR - DB insert error: UNIQUE constraint failed: keyword_index.id
2025-07-30 09:51:16,614 - ERROR - DB insert error: UNIQUE constraint failed: keyword_index.id
2025-07-30 09:51:16,614 - ERROR - DB insert error: UNIQUE constraint failed: keyword_index.id
2025-07-30 09:51:16,614 - ERROR - DB insert error: UNIQUE constraint failed: keyword_index.id
2025-07-30 09:51:16,614 - ERROR - DB insert error: UNIQUE constraint failed: keyword_index.id
2025-07-30 09:51:16,615 - ERROR - DB insert error: UNIQUE constraint failed: keyword_index.id
2025-07-30 09:51:16,615 - ERROR - DB insert error: UNIQUE constraint failed: keyword_index.id
2025-07-30 09:51:16,615 - ERROR - DB insert error: UNIQUE constraint failed: keyword_index.id
2025-07-30 09:51:16,616 - ERROR - DB insert error: UNIQUE constraint failed: keyword_index.id
2025-07-30 09:51:16,616 - ERROR - DB insert error: UNIQUE constraint failed: keyword_index.id
2025-07-30 09:51:16,616 - ERROR - DB insert error: UNIQUE constraint failed: keyword_index.id
2025-07-30 09:51:16,617 - ERROR - DB insert error: UNIQUE constraint failed: keyword_index.id
2025-07-30 09:51:16,617 - ERROR - DB insert error: UNIQUE constraint failed: keyword_index.id
2025-07-30 09:51:16,617 - ERROR - DB insert error: UNIQUE constraint failed: keyword_index.id
2025-07-30 09:51:16,618 - ERROR - DB insert error: UNIQUE constraint failed: keyword_index.id
2025-07-30 09:51:16,618 - ERROR - DB insert error: UNIQUE constraint failed: keyword_index.id
2025-07-30 09:51:16,618 - ERROR - DB insert error: UNIQUE constraint failed: keyword_index.id
2025-07-30 09:51:16,618 - ERROR - DB insert error: UNIQUE constraint failed: keyword_index.id
2025-07-30 09:51:16,619 - ERROR - DB insert error: UNIQUE constraint failed: keyword_index.id
2025-07-30 09:51:16,619 - ERROR - DB insert error: UNIQUE constraint failed: keyword_index.id
2025-07-30 09:51:16,619 - ERROR - DB insert error: UNIQUE constraint failed: keyword_index.id
2025-07-30 09:51:16,619 - ERROR - DB insert error: UNIQUE constraint failed: keyword_index.id
2025-07-30 09:51:16,620 - ERROR - DB insert error: UNIQUE constraint failed: keyword_index.id
2025-07-30 09:51:16,620 - ERROR - DB insert error: UNIQUE constraint failed: keyword_index.id
2025-07-30 09:51:16,620 - ERROR - DB insert error: UNIQUE constraint failed: keyword_index.id
2025-07-30 09:51:16,621 - ERROR - DB insert error: UNIQUE constraint failed: keyword_index.id
2025-07-30 09:51:16,621 - ERROR - DB insert error: UNIQUE constraint failed: keyword_index.id
2025-07-30 09:51:16,621 - ERROR - DB insert error: UNIQUE constraint failed: keyword_index.id
2025-07-30 09:51:16,621 - ERROR - DB insert error: UNIQUE constraint failed: keyword_index.id
2025-07-30 09:51:16,622 - ERROR - DB insert error: UNIQUE constraint failed: keyword_index.id
2025-07-30 09:51:16,622 - ERROR - DB insert error: UNIQUE constraint failed: keyword_index.id
2025-07-30 09:51:16,622 - ERROR - DB insert error: UNIQUE constraint failed: keyword_index.id
2025-07-30 09:51:16,623 - ERROR - DB insert error: UNIQUE constraint failed: keyword_index.id
2025-07-30 09:51:16,623 - ERROR - DB insert error: UNIQUE constraint failed: keyword_index.id
2025-07-30 09:51:16,623 - ERROR - DB insert error: UNIQUE constraint failed: keyword_index.id
2025-07-30 09:51:16,623 - ERROR - DB insert error: UNIQUE constraint failed: keyword_index.id
2025-07-30 09:51:16,624 - ERROR - DB insert error: UNIQUE constraint failed: keyword_index.id
2025-07-30 09:51:16,624 - ERROR - DB insert error: UNIQUE constraint failed: keyword_index.id
2025-07-30 09:51:16,624 - ERROR - DB insert error: UNIQUE constraint failed: keyword_index.id
2025-07-30 09:51:16,624 - ERROR - DB insert error: UNIQUE constraint failed: keyword_index.id
2025-07-30 09:51:16,625 - ERROR - DB insert error: UNIQUE constraint failed: keyword_index.id
2025-07-30 09:51:16,625 - ERROR - DB insert error: UNIQUE constraint failed: keyword_index.id
2025-07-30 09:51:16,625 - ERROR - DB insert error: UNIQUE constraint failed: keyword_index.id
2025-07-30 09:51:16,626 - ERROR - DB insert error: UNIQUE constraint failed: keyword_index.id
2025-07-30 09:51:16,626 - ERROR - DB insert error: UNIQUE constraint failed: keyword_index.id
2025-07-30 09:51:16,626 - ERROR - DB insert error: UNIQUE constraint failed: keyword_index.id
2025-07-30 09:51:16,626 - ERROR - DB insert error: UNIQUE constraint failed: keyword_index.id
2025-07-30 09:51:16,626 - ERROR - DB insert error: UNIQUE constraint failed: keyword_index.id
2025-07-30 09:51:16,627 - ERROR - DB insert error: UNIQUE constraint failed: keyword_index.id
2025-07-30 09:51:16,627 - ERROR - DB insert error: UNIQUE constraint failed: keyword_index.id
2025-07-30 09:51:16,627 - ERROR - DB insert error: UNIQUE constraint failed: keyword_index.id
2025-07-30 09:51:16,628 - ERROR - DB insert error: UNIQUE constraint failed: keyword_index.id
2025-07-30 09:51:16,628 - ERROR - DB insert error: UNIQUE constraint failed: keyword_index.id
2025-07-30 09:51:16,628 - ERROR - DB insert error: UNIQUE constraint failed: keyword_index.id
2025-07-30 09:51:16,628 - ERROR - DB insert error: UNIQUE constraint failed: keyword_index.id
2025-07-30 09:51:16,629 - ERROR - DB insert error: UNIQUE constraint failed: keyword_index.id
2025-07-30 09:51:16,629 - ERROR - DB insert error: UNIQUE constraint failed: keyword_index.id
2025-07-30 09:51:16,629 - ERROR - DB insert error: UNIQUE constraint failed: keyword_index.id
2025-07-30 09:51:16,629 - ERROR - DB insert error: UNIQUE constraint failed: keyword_index.id
2025-07-30 09:51:16,630 - ERROR - DB insert error: UNIQUE constraint failed: keyword_index.id
2025-07-30 09:51:16,630 - ERROR - DB insert error: UNIQUE constraint failed: keyword_index.id
2025-07-30 09:51:16,630 - ERROR - DB insert error: UNIQUE constraint failed: keyword_index.id
2025-07-30 09:51:16,630 - ERROR - DB insert error: UNIQUE constraint failed: keyword_index.id
2025-07-30 09:51:16,631 - ERROR - DB insert error: UNIQUE constraint failed: keyword_index.id
2025-07-30 09:51:16,631 - ERROR - DB insert error: UNIQUE constraint failed: keyword_index.id
2025-07-30 09:51:16,631 - ERROR - DB insert error: UNIQUE constraint failed: keyword_index.id
2025-07-30 09:51:16,631 - ERROR - DB insert error: UNIQUE constraint failed: keyword_index.id
2025-07-30 09:51:16,632 - ERROR - DB insert error: UNIQUE constraint failed: keyword_index.id
2025-07-30 09:51:16,632 - ERROR - DB insert error: UNIQUE constraint failed: keyword_index.id
2025-07-30 09:51:16,632 - ERROR - DB insert error: UNIQUE constraint failed: keyword_index.id
2025-07-30 09:51:16,632 - ERROR - DB insert error: UNIQUE constraint failed: keyword_index.id
2025-07-30 09:51:16,633 - ERROR - DB insert error: UNIQUE constraint failed: keyword_index.id
2025-07-30 09:51:16,633 - ERROR - DB insert error: UNIQUE constraint failed: keyword_index.id
2025-07-30 09:51:16,633 - ERROR - DB insert error: UNIQUE constraint failed: keyword_index.id
2025-07-30 09:51:16,634 - ERROR - DB insert error: UNIQUE constraint failed: keyword_index.id
2025-07-30 09:51:16,634 - ERROR - DB insert error: UNIQUE constraint failed: keyword_index.id
2025-07-30 09:51:16,634 - ERROR - DB insert error: UNIQUE constraint failed: keyword_index.id
2025-07-30 09:51:16,634 - ERROR - DB insert error: UNIQUE constraint failed: keyword_index.id
2025-07-30 09:51:16,635 - ERROR - DB insert error: UNIQUE constraint failed: keyword_index.id
2025-07-30 09:51:16,635 - ERROR - DB insert error: UNIQUE constraint failed: keyword_index.id
2025-07-30 09:51:16,635 - ERROR - DB insert error: UNIQUE constraint failed: keyword_index.id
2025-07-30 09:51:16,636 - ERROR - DB insert error: UNIQUE constraint failed: keyword_index.id
2025-07-30 09:51:16,636 - ERROR - DB insert error: UNIQUE constraint failed: keyword_index.id
2025-07-30 09:51:16,636 - ERROR - DB insert error: UNIQUE constraint failed: keyword_index.id
2025-07-30 09:51:16,637 - ERROR - DB insert error: UNIQUE constraint failed: keyword_index.id
2025-07-30 09:51:16,637 - ERROR - DB insert error: UNIQUE constraint failed: keyword_index.id
2025-07-30 09:51:16,637 - ERROR - DB insert error: UNIQUE constraint failed: keyword_index.id
2025-07-30 09:51:16,637 - ERROR - DB insert error: UNIQUE constraint failed: keyword_index.id
2025-07-30 09:51:16,638 - ERROR - DB insert error: UNIQUE constraint failed: keyword_index.id
2025-07-30 09:51:16,638 - ERROR - DB insert error: UNIQUE constraint failed: keyword_index.id
2025-07-30 09:51:16,638 - ERROR - DB insert error: UNIQUE constraint failed: keyword_index.id
2025-07-30 09:51:16,639 - ERROR - DB insert error: UNIQUE constraint failed: keyword_index.id
2025-07-30 09:51:16,639 - ERROR - DB insert error: UNIQUE constraint failed: keyword_index.id
2025-07-30 09:51:16,639 - ERROR - DB insert error: UNIQUE constraint failed: keyword_index.id
2025-07-30 09:51:16,640 - ERROR - DB insert error: UNIQUE constraint failed: keyword_index.id
2025-07-30 09:51:16,640 - ERROR - DB insert error: UNIQUE constraint failed: keyword_index.id
2025-07-30 09:51:16,640 - ERROR - DB insert error: UNIQUE constraint failed: keyword_index.id
2025-07-30 09:51:16,640 - ERROR - DB insert error: UNIQUE constraint failed: keyword_index.id
2025-07-30 09:51:16,641 - ERROR - DB insert error: UNIQUE constraint failed: keyword_index.id
2025-07-30 09:51:16,641 - ERROR - DB insert error: UNIQUE constraint failed: keyword_index.id
2025-07-30 09:51:16,641 - ERROR - DB insert error: UNIQUE constraint failed: keyword_index.id
2025-07-30 09:51:16,641 - ERROR - DB insert error: UNIQUE constraint failed: keyword_index.id
2025-07-30 09:51:16,642 - ERROR - DB insert error: UNIQUE constraint failed: keyword_index.id
2025-07-30 09:51:16,642 - ERROR - DB insert error: UNIQUE constraint failed: keyword_index.id
2025-07-30 09:51:16,642 - ERROR - DB insert error: UNIQUE constraint failed: keyword_index.id
2025-07-30 09:51:16,643 - ERROR - DB insert error: UNIQUE constraint failed: keyword_index.id
2025-07-30 09:51:16,643 - ERROR - DB insert error: UNIQUE constraint failed: keyword_index.id
2025-07-30 09:51:16,643 - ERROR - DB insert error: UNIQUE constraint failed: keyword_index.id
2025-07-30 09:51:16,643 - ERROR - DB insert error: UNIQUE constraint failed: keyword_index.id
2025-07-30 09:51:16,643 - ERROR - DB insert error: UNIQUE constraint failed: keyword_index.id
2025-07-30 09:51:16,644 - ERROR - DB insert error: UNIQUE constraint failed: keyword_index.id
2025-07-30 09:51:16,644 - ERROR - DB insert error: UNIQUE constraint failed: keyword_index.id
2025-07-30 09:51:16,644 - ERROR - DB insert error: UNIQUE constraint failed: keyword_index.id
2025-07-30 09:51:16,645 - ERROR - DB insert error: UNIQUE constraint failed: keyword_index.id
2025-07-30 09:51:16,645 - ERROR - DB insert error: UNIQUE constraint failed: keyword_index.id
2025-07-30 09:51:16,645 - ERROR - DB insert error: UNIQUE constraint failed: keyword_index.id
2025-07-30 09:51:16,645 - ERROR - DB insert error: UNIQUE constraint failed: keyword_index.id
2025-07-30 09:51:16,646 - ERROR - DB insert error: UNIQUE constraint failed: keyword_index.id
2025-07-30 09:51:16,646 - ERROR - DB insert error: UNIQUE constraint failed: keyword_index.id
2025-07-30 09:51:16,646 - ERROR - DB insert error: UNIQUE constraint failed: keyword_index.id
2025-07-30 09:51:16,646 - ERROR - DB insert error: UNIQUE constraint failed: keyword_index.id
2025-07-30 09:51:16,646 - ERROR - DB insert error: UNIQUE constraint failed: keyword_index.id
2025-07-30 09:51:16,647 - ERROR - DB insert error: UNIQUE constraint failed: keyword_index.id
2025-07-30 09:51:16,647 - ERROR - DB insert error: UNIQUE constraint failed: keyword_index.id
2025-07-30 09:51:16,647 - ERROR - DB insert error: UNIQUE constraint failed: keyword_index.id
2025-07-30 09:51:16,648 - ERROR - DB insert error: UNIQUE constraint failed: keyword_index.id
2025-07-30 09:51:16,648 - ERROR - DB insert error: UNIQUE constraint failed: keyword_index.id
2025-07-30 09:51:16,648 - ERROR - DB insert error: UNIQUE constraint failed: keyword_index.id
2025-07-30 09:51:16,648 - ERROR - DB insert error: UNIQUE constraint failed: keyword_index.id
2025-07-30 09:51:16,648 - ERROR - DB insert error: UNIQUE constraint failed: keyword_index.id
2025-07-30 09:51:16,649 - ERROR - DB insert error: UNIQUE constraint failed: keyword_index.id
2025-07-30 09:51:16,649 - ERROR - DB insert error: UNIQUE constraint failed: keyword_index.id
2025-07-30 09:51:16,649 - ERROR - DB insert error: UNIQUE constraint failed: keyword_index.id
2025-07-30 09:51:16,650 - ERROR - DB insert error: UNIQUE constraint failed: keyword_index.id
2025-07-30 09:51:16,650 - ERROR - DB insert error: UNIQUE constraint failed: keyword_index.id
2025-07-30 09:51:16,650 - ERROR - DB insert error: UNIQUE constraint failed: keyword_index.id
2025-07-30 09:51:16,650 - ERROR - DB insert error: UNIQUE constraint failed: keyword_index.id
2025-07-30 09:51:16,651 - ERROR - DB insert error: UNIQUE constraint failed: keyword_index.id
2025-07-30 09:51:16,651 - ERROR - DB insert error: UNIQUE constraint failed: keyword_index.id
2025-07-30 09:51:16,651 - ERROR - DB insert error: UNIQUE constraint failed: keyword_index.id
2025-07-30 09:51:16,652 - ERROR - DB insert error: UNIQUE constraint failed: keyword_index.id
2025-07-30 09:51:16,652 - ERROR - DB insert error: UNIQUE constraint failed: keyword_index.id
2025-07-30 09:51:16,652 - ERROR - DB insert error: UNIQUE constraint failed: keyword_index.id
2025-07-30 09:51:16,652 - ERROR - DB insert error: UNIQUE constraint failed: keyword_index.id
2025-07-30 09:51:16,652 - ERROR - DB insert error: UNIQUE constraint failed: keyword_index.id
2025-07-30 09:51:16,653 - ERROR - DB insert error: UNIQUE constraint failed: keyword_index.id
2025-07-30 09:51:16,653 - ERROR - DB insert error: UNIQUE constraint failed: keyword_index.id
2025-07-30 09:51:16,653 - ERROR - DB insert error: UNIQUE constraint failed: keyword_index.id
2025-07-30 09:51:16,653 - ERROR - DB insert error: UNIQUE constraint failed: keyword_index.id
2025-07-30 09:51:16,654 - ERROR - DB insert error: UNIQUE constraint failed: keyword_index.id
2025-07-30 09:51:16,654 - ERROR - DB insert error: UNIQUE constraint failed: keyword_index.id
2025-07-30 09:51:16,654 - ERROR - DB insert error: UNIQUE constraint failed: keyword_index.id
2025-07-30 09:51:16,655 - ERROR - DB insert error: UNIQUE constraint failed: keyword_index.id
2025-07-30 09:51:16,655 - ERROR - DB insert error: UNIQUE constraint failed: keyword_index.id
2025-07-30 09:51:16,655 - ERROR - DB insert error: UNIQUE constraint failed: keyword_index.id
2025-07-30 09:51:16,655 - ERROR - DB insert error: UNIQUE constraint failed: keyword_index.id
2025-07-30 09:51:16,655 - ERROR - DB insert error: UNIQUE constraint failed: keyword_index.id
2025-07-30 09:51:16,656 - ERROR - DB insert error: UNIQUE constraint failed: keyword_index.id
2025-07-30 09:51:16,656 - ERROR - DB insert error: UNIQUE constraint failed: keyword_index.id
2025-07-30 09:51:16,657 - ERROR - DB insert error: UNIQUE constraint failed: keyword_index.id
2025-07-30 09:51:16,657 - ERROR - DB insert error: UNIQUE constraint failed: keyword_index.id
2025-07-30 09:51:16,657 - ERROR - DB insert error: UNIQUE constraint failed: keyword_index.id
2025-07-30 09:51:16,658 - ERROR - DB insert error: UNIQUE constraint failed: keyword_index.id
2025-07-30 09:51:16,658 - ERROR - DB insert error: UNIQUE constraint failed: keyword_index.id
2025-07-30 09:51:16,658 - ERROR - DB insert error: UNIQUE constraint failed: keyword_index.id
2025-07-30 09:51:16,659 - ERROR - DB insert error: UNIQUE constraint failed: keyword_index.id
2025-07-30 09:51:16,659 - ERROR - DB insert error: UNIQUE constraint failed: keyword_index.id
2025-07-30 09:51:16,659 - ERROR - DB insert error: UNIQUE constraint failed: keyword_index.id
2025-07-30 09:51:16,659 - ERROR - DB insert error: UNIQUE constraint failed: keyword_index.id
2025-07-30 09:51:16,659 - ERROR - DB insert error: UNIQUE constraint failed: keyword_index.id
2025-07-30 09:51:16,660 - ERROR - DB insert error: UNIQUE constraint failed: keyword_index.id
2025-07-30 09:51:16,660 - ERROR - DB insert error: UNIQUE constraint failed: keyword_index.id
2025-07-30 09:51:16,660 - ERROR - DB insert error: UNIQUE constraint failed: keyword_index.id
2025-07-30 09:51:16,660 - ERROR - DB insert error: UNIQUE constraint failed: keyword_index.id
2025-07-30 09:51:16,661 - ERROR - DB insert error: UNIQUE constraint failed: keyword_index.id
2025-07-30 09:51:16,661 - ERROR - DB insert error: UNIQUE constraint failed: keyword_index.id
2025-07-30 09:51:16,661 - ERROR - DB insert error: UNIQUE constraint failed: keyword_index.id
2025-07-30 09:51:16,662 - ERROR - DB insert error: UNIQUE constraint failed: keyword_index.id
2025-07-30 09:51:16,662 - ERROR - DB insert error: UNIQUE constraint failed: keyword_index.id
2025-07-30 09:51:16,663 - ERROR - DB insert error: UNIQUE constraint failed: keyword_index.id
2025-07-30 09:51:16,663 - ERROR - DB insert error: UNIQUE constraint failed: keyword_index.id
2025-07-30 09:51:16,663 - ERROR - DB insert error: UNIQUE constraint failed: keyword_index.id
2025-07-30 09:51:16,663 - ERROR - DB insert error: UNIQUE constraint failed: keyword_index.id
2025-07-30 09:51:16,663 - ERROR - DB insert error: UNIQUE constraint failed: keyword_index.id
2025-07-30 09:51:16,664 - ERROR - DB insert error: UNIQUE constraint failed: keyword_index.id
2025-07-30 09:51:16,664 - ERROR - DB insert error: UNIQUE constraint failed: keyword_index.id
2025-07-30 09:51:16,664 - ERROR - DB insert error: UNIQUE constraint failed: keyword_index.id
2025-07-30 09:51:16,665 - ERROR - DB insert error: UNIQUE constraint failed: keyword_index.id
2025-07-30 09:51:16,665 - ERROR - DB insert error: UNIQUE constraint failed: keyword_index.id
2025-07-30 09:51:16,665 - ERROR - DB insert error: UNIQUE constraint failed: keyword_index.id
2025-07-30 09:51:16,665 - ERROR - DB insert error: UNIQUE constraint failed: keyword_index.id
2025-07-30 09:51:16,665 - ERROR - DB insert error: UNIQUE constraint failed: keyword_index.id
2025-07-30 09:51:16,666 - ERROR - DB insert error: UNIQUE constraint failed: keyword_index.id
2025-07-30 09:51:16,666 - ERROR - DB insert error: UNIQUE constraint failed: keyword_index.id
2025-07-30 09:51:16,666 - ERROR - DB insert error: UNIQUE constraint failed: keyword_index.id
2025-07-30 09:51:16,666 - ERROR - DB insert error: UNIQUE constraint failed: keyword_index.id
2025-07-30 09:51:16,667 - ERROR - DB insert error: UNIQUE constraint failed: keyword_index.id
2025-07-30 09:51:16,667 - ERROR - DB insert error: UNIQUE constraint failed: keyword_index.id
2025-07-30 09:51:16,667 - ERROR - DB insert error: UNIQUE constraint failed: keyword_index.id
2025-07-30 09:51:16,668 - ERROR - DB insert error: UNIQUE constraint failed: keyword_index.id
2025-07-30 09:51:16,668 - ERROR - DB insert error: UNIQUE constraint failed: keyword_index.id
2025-07-30 09:51:16,668 - ERROR - DB insert error: UNIQUE constraint failed: keyword_index.id
2025-07-30 09:51:16,668 - ERROR - DB insert error: UNIQUE constraint failed: keyword_index.id
2025-07-30 09:51:16,668 - ERROR - DB insert error: UNIQUE constraint failed: keyword_index.id
2025-07-30 09:51:16,669 - ERROR - DB insert error: UNIQUE constraint failed: keyword_index.id
2025-07-30 09:51:16,669 - ERROR - DB insert error: UNIQUE constraint failed: keyword_index.id
2025-07-30 09:51:16,669 - ERROR - DB insert error: UNIQUE constraint failed: keyword_index.id
2025-07-30 09:51:16,670 - ERROR - DB insert error: UNIQUE constraint failed: keyword_index.id
2025-07-30 09:51:16,670 - ERROR - DB insert error: UNIQUE constraint failed: keyword_index.id
2025-07-30 09:51:16,670 - ERROR - DB insert error: UNIQUE constraint failed: keyword_index.id
2025-07-30 09:51:16,671 - ERROR - DB insert error: UNIQUE constraint failed: keyword_index.id
2025-07-30 09:51:16,671 - ERROR - DB insert error: UNIQUE constraint failed: keyword_index.id
2025-07-30 09:51:16,671 - ERROR - DB insert error: UNIQUE constraint failed: keyword_index.id
2025-07-30 09:51:16,672 - ERROR - DB insert error: UNIQUE constraint failed: keyword_index.id
2025-07-30 09:51:16,672 - ERROR - DB insert error: UNIQUE constraint failed: keyword_index.id
2025-07-30 09:51:16,672 - ERROR - DB insert error: UNIQUE constraint failed: keyword_index.id
2025-07-30 09:51:16,672 - ERROR - DB insert error: UNIQUE constraint failed: keyword_index.id
2025-07-30 09:51:16,673 - ERROR - DB insert error: UNIQUE constraint failed: keyword_index.id
2025-07-30 09:51:16,673 - ERROR - DB insert error: UNIQUE constraint failed: keyword_index.id
2025-07-30 09:51:16,673 - ERROR - DB insert error: UNIQUE constraint failed: keyword_index.id
2025-07-30 09:51:16,674 - ERROR - DB insert error: UNIQUE constraint failed: keyword_index.id
2025-07-30 09:51:16,674 - ERROR - DB insert error: UNIQUE constraint failed: keyword_index.id
2025-07-30 09:51:16,674 - ERROR - DB insert error: UNIQUE constraint failed: keyword_index.id
2025-07-30 09:51:16,674 - ERROR - DB insert error: UNIQUE constraint failed: keyword_index.id
2025-07-30 09:51:16,675 - ERROR - DB insert error: UNIQUE constraint failed: keyword_index.id
2025-07-30 09:51:16,675 - ERROR - DB insert error: UNIQUE constraint failed: keyword_index.id
2025-07-30 09:51:16,675 - ERROR - DB insert error: UNIQUE constraint failed: keyword_index.id
2025-07-30 09:51:16,675 - ERROR - DB insert error: UNIQUE constraint failed: keyword_index.id
2025-07-30 09:51:16,676 - ERROR - DB insert error: UNIQUE constraint failed: keyword_index.id
2025-07-30 09:51:16,676 - ERROR - DB insert error: UNIQUE constraint failed: keyword_index.id
2025-07-30 09:51:16,676 - ERROR - DB insert error: UNIQUE constraint failed: keyword_index.id
2025-07-30 09:51:16,676 - ERROR - DB insert error: UNIQUE constraint failed: keyword_index.id
2025-07-30 09:51:16,677 - ERROR - DB insert error: UNIQUE constraint failed: keyword_index.id
2025-07-30 09:51:16,677 - ERROR - DB insert error: UNIQUE constraint failed: keyword_index.id
2025-07-30 09:51:16,677 - ERROR - DB insert error: UNIQUE constraint failed: keyword_index.id
2025-07-30 09:51:16,677 - ERROR - DB insert error: UNIQUE constraint failed: keyword_index.id
2025-07-30 09:51:16,678 - ERROR - DB insert error: UNIQUE constraint failed: keyword_index.id
2025-07-30 09:51:16,678 - ERROR - DB insert error: UNIQUE constraint failed: keyword_index.id
2025-07-30 09:51:16,678 - ERROR - DB insert error: UNIQUE constraint failed: keyword_index.id
2025-07-30 09:51:16,678 - ERROR - DB insert error: UNIQUE constraint failed: keyword_index.id
2025-07-30 09:51:16,679 - ERROR - DB insert error: UNIQUE constraint failed: keyword_index.id
2025-07-30 09:51:16,679 - ERROR - DB insert error: UNIQUE constraint failed: keyword_index.id
2025-07-30 09:51:16,679 - ERROR - DB insert error: UNIQUE constraint failed: keyword_index.id
2025-07-30 09:51:16,679 - ERROR - DB insert error: UNIQUE constraint failed: keyword_index.id
2025-07-30 09:51:16,680 - ERROR - DB insert error: UNIQUE constraint failed: keyword_index.id
2025-07-30 09:51:16,680 - ERROR - DB insert error: UNIQUE constraint failed: keyword_index.id
2025-07-30 09:51:16,680 - ERROR - DB insert error: UNIQUE constraint failed: keyword_index.id
2025-07-30 09:51:16,681 - ERROR - DB insert error: UNIQUE constraint failed: keyword_index.id
2025-07-30 09:51:16,681 - ERROR - DB insert error: UNIQUE constraint failed: keyword_index.id
2025-07-30 09:51:16,681 - ERROR - DB insert error: UNIQUE constraint failed: keyword_index.id
2025-07-30 09:51:16,681 - ERROR - DB insert error: UNIQUE constraint failed: keyword_index.id
2025-07-30 09:51:16,682 - ERROR - DB insert error: UNIQUE constraint failed: keyword_index.id
2025-07-30 09:51:16,682 - ERROR - DB insert error: UNIQUE constraint failed: keyword_index.id
2025-07-30 09:51:16,683 - ERROR - DB insert error: UNIQUE constraint failed: keyword_index.id
2025-07-30 09:51:16,683 - ERROR - DB insert error: UNIQUE constraint failed: keyword_index.id
2025-07-30 09:51:16,683 - ERROR - DB insert error: UNIQUE constraint failed: keyword_index.id
2025-07-30 09:51:16,684 - ERROR - DB insert error: UNIQUE constraint failed: keyword_index.id
2025-07-30 09:51:16,684 - ERROR - DB insert error: UNIQUE constraint failed: keyword_index.id
2025-07-30 09:51:16,684 - ERROR - DB insert error: UNIQUE constraint failed: keyword_index.id
2025-07-30 09:51:16,685 - ERROR - DB insert error: UNIQUE constraint failed: keyword_index.id
2025-07-30 09:51:16,685 - ERROR - DB insert error: UNIQUE constraint failed: keyword_index.id
2025-07-30 09:51:16,685 - ERROR - DB insert error: UNIQUE constraint failed: keyword_index.id
2025-07-30 09:51:16,686 - ERROR - DB insert error: UNIQUE constraint failed: keyword_index.id
2025-07-30 09:51:16,686 - ERROR - DB insert error: UNIQUE constraint failed: keyword_index.id
2025-07-30 09:51:16,686 - ERROR - DB insert error: UNIQUE constraint failed: keyword_index.id
2025-07-30 09:51:16,686 - ERROR - DB insert error: UNIQUE constraint failed: keyword_index.id
2025-07-30 09:51:16,687 - ERROR - DB insert error: UNIQUE constraint failed: keyword_index.id
2025-07-30 09:51:16,687 - ERROR - DB insert error: UNIQUE constraint failed: keyword_index.id
2025-07-30 09:51:16,688 - ERROR - DB insert error: UNIQUE constraint failed: keyword_index.id
2025-07-30 09:51:16,688 - ERROR - DB insert error: UNIQUE constraint failed: keyword_index.id
2025-07-30 09:51:16,688 - ERROR - DB insert error: UNIQUE constraint failed: keyword_index.id
2025-07-30 09:51:16,688 - ERROR - DB insert error: UNIQUE constraint failed: keyword_index.id
2025-07-30 09:51:16,689 - ERROR - DB insert error: UNIQUE constraint failed: keyword_index.id
2025-07-30 09:51:16,689 - ERROR - DB insert error: UNIQUE constraint failed: keyword_index.id
2025-07-30 09:51:16,689 - ERROR - DB insert error: UNIQUE constraint failed: keyword_index.id
2025-07-30 09:51:16,690 - ERROR - DB insert error: UNIQUE constraint failed: keyword_index.id
2025-07-30 09:51:16,690 - ERROR - DB insert error: UNIQUE constraint failed: keyword_index.id
2025-07-30 09:51:16,690 - ERROR - DB insert error: UNIQUE constraint failed: keyword_index.id
2025-07-30 09:51:16,691 - ERROR - DB insert error: UNIQUE constraint failed: keyword_index.id
2025-07-30 09:51:16,691 - ERROR - DB insert error: UNIQUE constraint failed: keyword_index.id
2025-07-30 09:51:16,691 - ERROR - DB insert error: UNIQUE constraint failed: keyword_index.id
2025-07-30 09:51:16,692 - ERROR - DB insert error: UNIQUE constraint failed: keyword_index.id
2025-07-30 09:51:16,692 - ERROR - DB insert error: UNIQUE constraint failed: keyword_index.id
2025-07-30 09:51:16,692 - ERROR - DB insert error: UNIQUE constraint failed: keyword_index.id
2025-07-30 09:51:16,693 - ERROR - DB insert error: UNIQUE constraint failed: keyword_index.id
2025-07-30 09:51:16,693 - ERROR - DB insert error: UNIQUE constraint failed: keyword_index.id
2025-07-30 09:51:16,694 - ERROR - DB insert error: UNIQUE constraint failed: keyword_index.id
2025-07-30 09:51:16,694 - ERROR - DB insert error: UNIQUE constraint failed: keyword_index.id
2025-07-30 09:51:16,694 - ERROR - DB insert error: UNIQUE constraint failed: keyword_index.id
2025-07-30 09:51:16,695 - ERROR - DB insert error: UNIQUE constraint failed: keyword_index.id
2025-07-30 09:51:16,695 - ERROR - DB insert error: UNIQUE constraint failed: keyword_index.id
2025-07-30 09:51:16,695 - ERROR - DB insert error: UNIQUE constraint failed: keyword_index.id
2025-07-30 09:51:16,696 - ERROR - DB insert error: UNIQUE constraint failed: keyword_index.id
2025-07-30 09:51:16,696 - ERROR - DB insert error: UNIQUE constraint failed: keyword_index.id
2025-07-30 09:51:16,696 - ERROR - DB insert error: UNIQUE constraint failed: keyword_index.id
2025-07-30 09:51:16,696 - ERROR - DB insert error: UNIQUE constraint failed: keyword_index.id
2025-07-30 09:51:16,697 - ERROR - DB insert error: UNIQUE constraint failed: keyword_index.id
2025-07-30 09:51:16,697 - ERROR - DB insert error: UNIQUE constraint failed: keyword_index.id
2025-07-30 09:51:16,697 - ERROR - DB insert error: UNIQUE constraint failed: keyword_index.id
2025-07-30 09:51:16,697 - ERROR - DB insert error: UNIQUE constraint failed: keyword_index.id
2025-07-30 09:51:16,698 - ERROR - DB insert error: UNIQUE constraint failed: keyword_index.id
2025-07-30 09:51:16,698 - ERROR - DB insert error: UNIQUE constraint failed: keyword_index.id
2025-07-30 09:51:16,698 - ERROR - DB insert error: UNIQUE constraint failed: keyword_index.id
2025-07-30 09:51:16,698 - ERROR - DB insert error: UNIQUE constraint failed: keyword_index.id
2025-07-30 09:51:16,698 - ERROR - DB insert error: UNIQUE constraint failed: keyword_index.id
2025-07-30 09:51:16,699 - ERROR - DB insert error: UNIQUE constraint failed: keyword_index.id
2025-07-30 09:51:16,699 - ERROR - DB insert error: UNIQUE constraint failed: keyword_index.id
2025-07-30 09:51:16,699 - ERROR - DB insert error: UNIQUE constraint failed: keyword_index.id
2025-07-30 09:51:16,699 - ERROR - DB insert error: UNIQUE constraint failed: keyword_index.id
2025-07-30 09:51:16,700 - ERROR - DB insert error: UNIQUE constraint failed: keyword_index.id
2025-07-30 09:51:16,700 - ERROR - DB insert error: UNIQUE constraint failed: keyword_index.id
2025-07-30 09:51:16,700 - ERROR - DB insert error: UNIQUE constraint failed: keyword_index.id
2025-07-30 09:51:16,700 - ERROR - DB insert error: UNIQUE constraint failed: keyword_index.id
2025-07-30 09:51:16,700 - ERROR - DB insert error: UNIQUE constraint failed: keyword_index.id
2025-07-30 09:51:16,701 - ERROR - DB insert error: UNIQUE constraint failed: keyword_index.id
2025-07-30 09:51:16,701 - ERROR - DB insert error: UNIQUE constraint failed: keyword_index.id
2025-07-30 09:51:16,701 - ERROR - DB insert error: UNIQUE constraint failed: keyword_index.id
2025-07-30 09:51:16,702 - ERROR - DB insert error: UNIQUE constraint failed: keyword_index.id
2025-07-30 09:51:16,702 - ERROR - DB insert error: UNIQUE constraint failed: keyword_index.id
2025-07-30 09:51:16,702 - ERROR - DB insert error: UNIQUE constraint failed: keyword_index.id
2025-07-30 09:51:16,702 - ERROR - DB insert error: UNIQUE constraint failed: keyword_index.id
2025-07-30 09:51:16,702 - ERROR - DB insert error: UNIQUE constraint failed: keyword_index.id
2025-07-30 09:51:16,703 - ERROR - DB insert error: UNIQUE constraint failed: keyword_index.id
2025-07-30 09:51:16,703 - ERROR - DB insert error: UNIQUE constraint failed: keyword_index.id
2025-07-30 09:51:16,703 - ERROR - DB insert error: UNIQUE constraint failed: keyword_index.id
2025-07-30 09:51:16,703 - ERROR - DB insert error: UNIQUE constraint failed: keyword_index.id
2025-07-30 09:51:16,704 - ERROR - DB insert error: UNIQUE constraint failed: keyword_index.id
2025-07-30 09:51:16,704 - ERROR - DB insert error: UNIQUE constraint failed: keyword_index.id
2025-07-30 09:51:16,704 - ERROR - DB insert error: UNIQUE constraint failed: keyword_index.id
2025-07-30 09:51:16,704 - ERROR - DB insert error: UNIQUE constraint failed: keyword_index.id
2025-07-30 09:51:16,705 - ERROR - DB insert error: UNIQUE constraint failed: keyword_index.id
2025-07-30 09:51:16,705 - ERROR - DB insert error: UNIQUE constraint failed: keyword_index.id
2025-07-30 09:51:16,705 - ERROR - DB insert error: UNIQUE constraint failed: keyword_index.id
2025-07-30 09:51:16,705 - ERROR - DB insert error: UNIQUE constraint failed: keyword_index.id
2025-07-30 09:51:16,705 - ERROR - DB insert error: UNIQUE constraint failed: keyword_index.id
2025-07-30 09:51:16,706 - ERROR - DB insert error: UNIQUE constraint failed: keyword_index.id
2025-07-30 09:51:16,706 - ERROR - DB insert error: UNIQUE constraint failed: keyword_index.id
2025-07-30 09:51:16,706 - ERROR - DB insert error: UNIQUE constraint failed: keyword_index.id
2025-07-30 09:51:16,707 - ERROR - DB insert error: UNIQUE constraint failed: keyword_index.id
2025-07-30 09:51:16,707 - ERROR - DB insert error: UNIQUE constraint failed: keyword_index.id
2025-07-30 09:51:16,708 - ERROR - DB insert error: UNIQUE constraint failed: keyword_index.id
2025-07-30 09:51:16,709 - ERROR - DB insert error: UNIQUE constraint failed: keyword_index.id
2025-07-30 09:51:16,709 - ERROR - DB insert error: UNIQUE constraint failed: keyword_index.id
2025-07-30 09:51:16,710 - ERROR - DB insert error: UNIQUE constraint failed: keyword_index.id
2025-07-30 09:51:16,710 - ERROR - DB insert error: UNIQUE constraint failed: keyword_index.id
2025-07-30 09:51:16,711 - ERROR - DB insert error: UNIQUE constraint failed: keyword_index.id
2025-07-30 09:51:16,711 - ERROR - DB insert error: UNIQUE constraint failed: keyword_index.id
2025-07-30 09:51:16,711 - ERROR - DB insert error: UNIQUE constraint failed: keyword_index.id
2025-07-30 09:51:16,712 - ERROR - DB insert error: UNIQUE constraint failed: keyword_index.id
2025-07-30 09:51:16,712 - ERROR - DB insert error: UNIQUE constraint failed: keyword_index.id
2025-07-30 09:51:16,712 - ERROR - DB insert error: UNIQUE constraint failed: keyword_index.id
2025-07-30 09:51:16,712 - ERROR - DB insert error: UNIQUE constraint failed: keyword_index.id
2025-07-30 09:51:16,712 - ERROR - DB insert error: UNIQUE constraint failed: keyword_index.id
2025-07-30 09:51:16,713 - ERROR - DB insert error: UNIQUE constraint failed: keyword_index.id
2025-07-30 09:51:16,713 - ERROR - DB insert error: UNIQUE constraint failed: keyword_index.id
2025-07-30 09:51:16,713 - ERROR - DB insert error: UNIQUE constraint failed: keyword_index.id
2025-07-30 09:51:16,713 - ERROR - DB insert error: UNIQUE constraint failed: keyword_index.id
2025-07-30 09:51:16,714 - ERROR - DB insert error: UNIQUE constraint failed: keyword_index.id
2025-07-30 09:51:16,714 - ERROR - DB insert error: UNIQUE constraint failed: keyword_index.id
2025-07-30 09:51:16,714 - ERROR - DB insert error: UNIQUE constraint failed: keyword_index.id
2025-07-30 09:51:16,714 - ERROR - DB insert error: UNIQUE constraint failed: keyword_index.id
2025-07-30 09:51:16,715 - ERROR - DB insert error: UNIQUE constraint failed: keyword_index.id
2025-07-30 09:51:16,715 - ERROR - DB insert error: UNIQUE constraint failed: keyword_index.id
2025-07-30 09:51:16,715 - ERROR - DB insert error: UNIQUE constraint failed: keyword_index.id
2025-07-30 09:51:16,715 - ERROR - DB insert error: UNIQUE constraint failed: keyword_index.id
2025-07-30 09:51:16,715 - ERROR - DB insert error: UNIQUE constraint failed: keyword_index.id
2025-07-30 09:51:16,715 - ERROR - DB insert error: UNIQUE constraint failed: keyword_index.id
2025-07-30 09:51:16,716 - ERROR - DB insert error: UNIQUE constraint failed: keyword_index.id
2025-07-30 09:51:16,716 - INFO - Indexed 888 chunks successfully
2025-07-30 09:51:29,552 - INFO - Indexing 888 new chunks...
2025-07-30 09:51:30,044 - INFO - Upserted 888 vectors
2025-07-30 09:51:30,046 - ERROR - DB insert error: UNIQUE constraint failed: keyword_index.id
2025-07-30 09:51:30,046 - ERROR - DB insert error: UNIQUE constraint failed: keyword_index.id
2025-07-30 09:51:30,046 - ERROR - DB insert error: UNIQUE constraint failed: keyword_index.id
2025-07-30 09:51:30,047 - ERROR - DB insert error: UNIQUE constraint failed: keyword_index.id
2025-07-30 09:51:30,047 - ERROR - DB insert error: UNIQUE constraint failed: keyword_index.id
2025-07-30 09:51:30,048 - ERROR - DB insert error: UNIQUE constraint failed: keyword_index.id
2025-07-30 09:51:30,048 - ERROR - DB insert error: UNIQUE constraint failed: keyword_index.id
2025-07-30 09:51:30,049 - ERROR - DB insert error: UNIQUE constraint failed: keyword_index.id
2025-07-30 09:51:30,049 - ERROR - DB insert error: UNIQUE constraint failed: keyword_index.id
2025-07-30 09:51:30,049 - ERROR - DB insert error: UNIQUE constraint failed: keyword_index.id
2025-07-30 09:51:30,049 - ERROR - DB insert error: UNIQUE constraint failed: keyword_index.id
2025-07-30 09:51:30,050 - ERROR - DB insert error: UNIQUE constraint failed: keyword_index.id
2025-07-30 09:51:30,050 - ERROR - DB insert error: UNIQUE constraint failed: keyword_index.id
2025-07-30 09:51:30,050 - ERROR - DB insert error: UNIQUE constraint failed: keyword_index.id
2025-07-30 09:51:30,050 - ERROR - DB insert error: UNIQUE constraint failed: keyword_index.id
2025-07-30 09:51:30,051 - ERROR - DB insert error: UNIQUE constraint failed: keyword_index.id
2025-07-30 09:51:30,051 - ERROR - DB insert error: UNIQUE constraint failed: keyword_index.id
2025-07-30 09:51:30,051 - ERROR - DB insert error: UNIQUE constraint failed: keyword_index.id
2025-07-30 09:51:30,051 - ERROR - DB insert error: UNIQUE constraint failed: keyword_index.id
2025-07-30 09:51:30,051 - ERROR - DB insert error: UNIQUE constraint failed: keyword_index.id
2025-07-30 09:51:30,052 - ERROR - DB insert error: UNIQUE constraint failed: keyword_index.id
2025-07-30 09:51:30,052 - ERROR - DB insert error: UNIQUE constraint failed: keyword_index.id
2025-07-30 09:51:30,052 - ERROR - DB insert error: UNIQUE constraint failed: keyword_index.id
2025-07-30 09:51:30,052 - ERROR - DB insert error: UNIQUE constraint failed: keyword_index.id
2025-07-30 09:51:30,053 - ERROR - DB insert error: UNIQUE constraint failed: keyword_index.id
2025-07-30 09:51:30,053 - ERROR - DB insert error: UNIQUE constraint failed: keyword_index.id
2025-07-30 09:51:30,053 - ERROR - DB insert error: UNIQUE constraint failed: keyword_index.id
2025-07-30 09:51:30,054 - ERROR - DB insert error: UNIQUE constraint failed: keyword_index.id
2025-07-30 09:51:30,054 - ERROR - DB insert error: UNIQUE constraint failed: keyword_index.id
2025-07-30 09:51:30,054 - ERROR - DB insert error: UNIQUE constraint failed: keyword_index.id
2025-07-30 09:51:30,054 - ERROR - DB insert error: UNIQUE constraint failed: keyword_index.id
2025-07-30 09:51:30,054 - ERROR - DB insert error: UNIQUE constraint failed: keyword_index.id
2025-07-30 09:51:30,055 - ERROR - DB insert error: UNIQUE constraint failed: keyword_index.id
2025-07-30 09:51:30,055 - ERROR - DB insert error: UNIQUE constraint failed: keyword_index.id
2025-07-30 09:51:30,055 - ERROR - DB insert error: UNIQUE constraint failed: keyword_index.id
2025-07-30 09:51:30,055 - ERROR - DB insert error: UNIQUE constraint failed: keyword_index.id
2025-07-30 09:51:30,056 - ERROR - DB insert error: UNIQUE constraint failed: keyword_index.id
2025-07-30 09:51:30,056 - ERROR - DB insert error: UNIQUE constraint failed: keyword_index.id
2025-07-30 09:51:30,056 - ERROR - DB insert error: UNIQUE constraint failed: keyword_index.id
2025-07-30 09:51:30,056 - ERROR - DB insert error: UNIQUE constraint failed: keyword_index.id
2025-07-30 09:51:30,056 - ERROR - DB insert error: UNIQUE constraint failed: keyword_index.id
2025-07-30 09:51:30,057 - ERROR - DB insert error: UNIQUE constraint failed: keyword_index.id
2025-07-30 09:51:30,057 - ERROR - DB insert error: UNIQUE constraint failed: keyword_index.id
2025-07-30 09:51:30,057 - ERROR - DB insert error: UNIQUE constraint failed: keyword_index.id
2025-07-30 09:51:30,057 - ERROR - DB insert error: UNIQUE constraint failed: keyword_index.id
2025-07-30 09:51:30,058 - ERROR - DB insert error: UNIQUE constraint failed: keyword_index.id
2025-07-30 09:51:30,058 - ERROR - DB insert error: UNIQUE constraint failed: keyword_index.id
2025-07-30 09:51:30,058 - ERROR - DB insert error: UNIQUE constraint failed: keyword_index.id
2025-07-30 09:51:30,058 - ERROR - DB insert error: UNIQUE constraint failed: keyword_index.id
2025-07-30 09:51:30,058 - ERROR - DB insert error: UNIQUE constraint failed: keyword_index.id
2025-07-30 09:51:30,059 - ERROR - DB insert error: UNIQUE constraint failed: keyword_index.id
2025-07-30 09:51:30,059 - ERROR - DB insert error: UNIQUE constraint failed: keyword_index.id
2025-07-30 09:51:30,059 - ERROR - DB insert error: UNIQUE constraint failed: keyword_index.id
2025-07-30 09:51:30,059 - ERROR - DB insert error: UNIQUE constraint failed: keyword_index.id
2025-07-30 09:51:30,059 - ERROR - DB insert error: UNIQUE constraint failed: keyword_index.id
2025-07-30 09:51:30,060 - ERROR - DB insert error: UNIQUE constraint failed: keyword_index.id
2025-07-30 09:51:30,060 - ERROR - DB insert error: UNIQUE constraint failed: keyword_index.id
2025-07-30 09:51:30,060 - ERROR - DB insert error: UNIQUE constraint failed: keyword_index.id
2025-07-30 09:51:30,060 - ERROR - DB insert error: UNIQUE constraint failed: keyword_index.id
2025-07-30 09:51:30,061 - ERROR - DB insert error: UNIQUE constraint failed: keyword_index.id
2025-07-30 09:51:30,061 - ERROR - DB insert error: UNIQUE constraint failed: keyword_index.id
2025-07-30 09:51:30,061 - ERROR - DB insert error: UNIQUE constraint failed: keyword_index.id
2025-07-30 09:51:30,061 - ERROR - DB insert error: UNIQUE constraint failed: keyword_index.id
2025-07-30 09:51:30,062 - ERROR - DB insert error: UNIQUE constraint failed: keyword_index.id
2025-07-30 09:51:30,062 - ERROR - DB insert error: UNIQUE constraint failed: keyword_index.id
2025-07-30 09:51:30,062 - ERROR - DB insert error: UNIQUE constraint failed: keyword_index.id
2025-07-30 09:51:30,062 - ERROR - DB insert error: UNIQUE constraint failed: keyword_index.id
2025-07-30 09:51:30,063 - ERROR - DB insert error: UNIQUE constraint failed: keyword_index.id
2025-07-30 09:51:30,063 - ERROR - DB insert error: UNIQUE constraint failed: keyword_index.id
2025-07-30 09:51:30,063 - ERROR - DB insert error: UNIQUE constraint failed: keyword_index.id
2025-07-30 09:51:30,063 - ERROR - DB insert error: UNIQUE constraint failed: keyword_index.id
2025-07-30 09:51:30,063 - ERROR - DB insert error: UNIQUE constraint failed: keyword_index.id
2025-07-30 09:51:30,064 - ERROR - DB insert error: UNIQUE constraint failed: keyword_index.id
2025-07-30 09:51:30,064 - ERROR - DB insert error: UNIQUE constraint failed: keyword_index.id
2025-07-30 09:51:30,064 - ERROR - DB insert error: UNIQUE constraint failed: keyword_index.id
2025-07-30 09:51:30,065 - ERROR - DB insert error: UNIQUE constraint failed: keyword_index.id
2025-07-30 09:51:30,065 - ERROR - DB insert error: UNIQUE constraint failed: keyword_index.id
2025-07-30 09:51:30,065 - ERROR - DB insert error: UNIQUE constraint failed: keyword_index.id
2025-07-30 09:51:30,066 - ERROR - DB insert error: UNIQUE constraint failed: keyword_index.id
2025-07-30 09:51:30,066 - ERROR - DB insert error: UNIQUE constraint failed: keyword_index.id
2025-07-30 09:51:30,066 - ERROR - DB insert error: UNIQUE constraint failed: keyword_index.id
2025-07-30 09:51:30,066 - ERROR - DB insert error: UNIQUE constraint failed: keyword_index.id
2025-07-30 09:51:30,067 - ERROR - DB insert error: UNIQUE constraint failed: keyword_index.id
2025-07-30 09:51:30,067 - ERROR - DB insert error: UNIQUE constraint failed: keyword_index.id
2025-07-30 09:51:30,067 - ERROR - DB insert error: UNIQUE constraint failed: keyword_index.id
2025-07-30 09:51:30,067 - ERROR - DB insert error: UNIQUE constraint failed: keyword_index.id
2025-07-30 09:51:30,068 - ERROR - DB insert error: UNIQUE constraint failed: keyword_index.id
2025-07-30 09:51:30,068 - ERROR - DB insert error: UNIQUE constraint failed: keyword_index.id
2025-07-30 09:51:30,068 - ERROR - DB insert error: UNIQUE constraint failed: keyword_index.id
2025-07-30 09:51:30,068 - ERROR - DB insert error: UNIQUE constraint failed: keyword_index.id
2025-07-30 09:51:30,069 - ERROR - DB insert error: UNIQUE constraint failed: keyword_index.id
2025-07-30 09:51:30,069 - ERROR - DB insert error: UNIQUE constraint failed: keyword_index.id
2025-07-30 09:51:30,069 - ERROR - DB insert error: UNIQUE constraint failed: keyword_index.id
2025-07-30 09:51:30,069 - ERROR - DB insert error: UNIQUE constraint failed: keyword_index.id
2025-07-30 09:51:30,070 - ERROR - DB insert error: UNIQUE constraint failed: keyword_index.id
2025-07-30 09:51:30,070 - ERROR - DB insert error: UNIQUE constraint failed: keyword_index.id
2025-07-30 09:51:30,070 - ERROR - DB insert error: UNIQUE constraint failed: keyword_index.id
2025-07-30 09:51:30,070 - ERROR - DB insert error: UNIQUE constraint failed: keyword_index.id
2025-07-30 09:51:30,070 - ERROR - DB insert error: UNIQUE constraint failed: keyword_index.id
2025-07-30 09:51:30,071 - ERROR - DB insert error: UNIQUE constraint failed: keyword_index.id
2025-07-30 09:51:30,071 - ERROR - DB insert error: UNIQUE constraint failed: keyword_index.id
2025-07-30 09:51:30,071 - ERROR - DB insert error: UNIQUE constraint failed: keyword_index.id
2025-07-30 09:51:30,071 - ERROR - DB insert error: UNIQUE constraint failed: keyword_index.id
2025-07-30 09:51:30,072 - ERROR - DB insert error: UNIQUE constraint failed: keyword_index.id
2025-07-30 09:51:30,072 - ERROR - DB insert error: UNIQUE constraint failed: keyword_index.id
2025-07-30 09:51:30,072 - ERROR - DB insert error: UNIQUE constraint failed: keyword_index.id
2025-07-30 09:51:30,072 - ERROR - DB insert error: UNIQUE constraint failed: keyword_index.id
2025-07-30 09:51:30,073 - ERROR - DB insert error: UNIQUE constraint failed: keyword_index.id
2025-07-30 09:51:30,073 - ERROR - DB insert error: UNIQUE constraint failed: keyword_index.id
2025-07-30 09:51:30,073 - ERROR - DB insert error: UNIQUE constraint failed: keyword_index.id
2025-07-30 09:51:30,073 - ERROR - DB insert error: UNIQUE constraint failed: keyword_index.id
2025-07-30 09:51:30,074 - ERROR - DB insert error: UNIQUE constraint failed: keyword_index.id
2025-07-30 09:51:30,074 - ERROR - DB insert error: UNIQUE constraint failed: keyword_index.id
2025-07-30 09:51:30,074 - ERROR - DB insert error: UNIQUE constraint failed: keyword_index.id
2025-07-30 09:51:30,074 - ERROR - DB insert error: UNIQUE constraint failed: keyword_index.id
2025-07-30 09:51:30,075 - ERROR - DB insert error: UNIQUE constraint failed: keyword_index.id
2025-07-30 09:51:30,075 - ERROR - DB insert error: UNIQUE constraint failed: keyword_index.id
2025-07-30 09:51:30,075 - ERROR - DB insert error: UNIQUE constraint failed: keyword_index.id
2025-07-30 09:51:30,075 - ERROR - DB insert error: UNIQUE constraint failed: keyword_index.id
2025-07-30 09:51:30,076 - ERROR - DB insert error: UNIQUE constraint failed: keyword_index.id
2025-07-30 09:51:30,076 - ERROR - DB insert error: UNIQUE constraint failed: keyword_index.id
2025-07-30 09:51:30,076 - ERROR - DB insert error: UNIQUE constraint failed: keyword_index.id
2025-07-30 09:51:30,076 - ERROR - DB insert error: UNIQUE constraint failed: keyword_index.id
2025-07-30 09:51:30,077 - ERROR - DB insert error: UNIQUE constraint failed: keyword_index.id
2025-07-30 09:51:30,077 - ERROR - DB insert error: UNIQUE constraint failed: keyword_index.id
2025-07-30 09:51:30,077 - ERROR - DB insert error: UNIQUE constraint failed: keyword_index.id
2025-07-30 09:51:30,077 - ERROR - DB insert error: UNIQUE constraint failed: keyword_index.id
2025-07-30 09:51:30,078 - ERROR - DB insert error: UNIQUE constraint failed: keyword_index.id
2025-07-30 09:51:30,078 - ERROR - DB insert error: UNIQUE constraint failed: keyword_index.id
2025-07-30 09:51:30,078 - ERROR - DB insert error: UNIQUE constraint failed: keyword_index.id
2025-07-30 09:51:30,078 - ERROR - DB insert error: UNIQUE constraint failed: keyword_index.id
2025-07-30 09:51:30,079 - ERROR - DB insert error: UNIQUE constraint failed: keyword_index.id
2025-07-30 09:51:30,079 - ERROR - DB insert error: UNIQUE constraint failed: keyword_index.id
2025-07-30 09:51:30,079 - ERROR - DB insert error: UNIQUE constraint failed: keyword_index.id
2025-07-30 09:51:30,079 - ERROR - DB insert error: UNIQUE constraint failed: keyword_index.id
2025-07-30 09:51:30,080 - ERROR - DB insert error: UNIQUE constraint failed: keyword_index.id
2025-07-30 09:51:30,080 - ERROR - DB insert error: UNIQUE constraint failed: keyword_index.id
2025-07-30 09:51:30,080 - ERROR - DB insert error: UNIQUE constraint failed: keyword_index.id
2025-07-30 09:51:30,080 - ERROR - DB insert error: UNIQUE constraint failed: keyword_index.id
2025-07-30 09:51:30,081 - ERROR - DB insert error: UNIQUE constraint failed: keyword_index.id
2025-07-30 09:51:30,081 - ERROR - DB insert error: UNIQUE constraint failed: keyword_index.id
2025-07-30 09:51:30,081 - ERROR - DB insert error: UNIQUE constraint failed: keyword_index.id
2025-07-30 09:51:30,082 - ERROR - DB insert error: UNIQUE constraint failed: keyword_index.id
2025-07-30 09:51:30,082 - ERROR - DB insert error: UNIQUE constraint failed: keyword_index.id
2025-07-30 09:51:30,082 - ERROR - DB insert error: UNIQUE constraint failed: keyword_index.id
2025-07-30 09:51:30,082 - ERROR - DB insert error: UNIQUE constraint failed: keyword_index.id
2025-07-30 09:51:30,083 - ERROR - DB insert error: UNIQUE constraint failed: keyword_index.id
2025-07-30 09:51:30,083 - ERROR - DB insert error: UNIQUE constraint failed: keyword_index.id
2025-07-30 09:51:30,083 - ERROR - DB insert error: UNIQUE constraint failed: keyword_index.id
2025-07-30 09:51:30,083 - ERROR - DB insert error: UNIQUE constraint failed: keyword_index.id
2025-07-30 09:51:30,083 - ERROR - DB insert error: UNIQUE constraint failed: keyword_index.id
2025-07-30 09:51:30,084 - ERROR - DB insert error: UNIQUE constraint failed: keyword_index.id
2025-07-30 09:51:30,084 - ERROR - DB insert error: UNIQUE constraint failed: keyword_index.id
2025-07-30 09:51:30,084 - ERROR - DB insert error: UNIQUE constraint failed: keyword_index.id
2025-07-30 09:51:30,084 - ERROR - DB insert error: UNIQUE constraint failed: keyword_index.id
2025-07-30 09:51:30,085 - ERROR - DB insert error: UNIQUE constraint failed: keyword_index.id
2025-07-30 09:51:30,085 - ERROR - DB insert error: UNIQUE constraint failed: keyword_index.id
2025-07-30 09:51:30,085 - ERROR - DB insert error: UNIQUE constraint failed: keyword_index.id
2025-07-30 09:51:30,085 - ERROR - DB insert error: UNIQUE constraint failed: keyword_index.id
2025-07-30 09:51:30,085 - ERROR - DB insert error: UNIQUE constraint failed: keyword_index.id
2025-07-30 09:51:30,086 - ERROR - DB insert error: UNIQUE constraint failed: keyword_index.id
2025-07-30 09:51:30,086 - ERROR - DB insert error: UNIQUE constraint failed: keyword_index.id
2025-07-30 09:51:30,086 - ERROR - DB insert error: UNIQUE constraint failed: keyword_index.id
2025-07-30 09:51:30,086 - ERROR - DB insert error: UNIQUE constraint failed: keyword_index.id
2025-07-30 09:51:30,087 - ERROR - DB insert error: UNIQUE constraint failed: keyword_index.id
2025-07-30 09:51:30,087 - ERROR - DB insert error: UNIQUE constraint failed: keyword_index.id
2025-07-30 09:51:30,087 - ERROR - DB insert error: UNIQUE constraint failed: keyword_index.id
2025-07-30 09:51:30,087 - ERROR - DB insert error: UNIQUE constraint failed: keyword_index.id
2025-07-30 09:51:30,088 - ERROR - DB insert error: UNIQUE constraint failed: keyword_index.id
2025-07-30 09:51:30,088 - ERROR - DB insert error: UNIQUE constraint failed: keyword_index.id
2025-07-30 09:51:30,088 - ERROR - DB insert error: UNIQUE constraint failed: keyword_index.id
2025-07-30 09:51:30,089 - ERROR - DB insert error: UNIQUE constraint failed: keyword_index.id
2025-07-30 09:51:30,089 - ERROR - DB insert error: UNIQUE constraint failed: keyword_index.id
2025-07-30 09:51:30,089 - ERROR - DB insert error: UNIQUE constraint failed: keyword_index.id
2025-07-30 09:51:30,089 - ERROR - DB insert error: UNIQUE constraint failed: keyword_index.id
2025-07-30 09:51:30,090 - ERROR - DB insert error: UNIQUE constraint failed: keyword_index.id
2025-07-30 09:51:30,090 - ERROR - DB insert error: UNIQUE constraint failed: keyword_index.id
2025-07-30 09:51:30,090 - ERROR - DB insert error: UNIQUE constraint failed: keyword_index.id
2025-07-30 09:51:30,090 - ERROR - DB insert error: UNIQUE constraint failed: keyword_index.id
2025-07-30 09:51:30,091 - ERROR - DB insert error: UNIQUE constraint failed: keyword_index.id
2025-07-30 09:51:30,091 - ERROR - DB insert error: UNIQUE constraint failed: keyword_index.id
2025-07-30 09:51:30,091 - ERROR - DB insert error: UNIQUE constraint failed: keyword_index.id
2025-07-30 09:51:30,092 - ERROR - DB insert error: UNIQUE constraint failed: keyword_index.id
2025-07-30 09:51:30,092 - ERROR - DB insert error: UNIQUE constraint failed: keyword_index.id
2025-07-30 09:51:30,092 - ERROR - DB insert error: UNIQUE constraint failed: keyword_index.id
2025-07-30 09:51:30,092 - ERROR - DB insert error: UNIQUE constraint failed: keyword_index.id
2025-07-30 09:51:30,093 - ERROR - DB insert error: UNIQUE constraint failed: keyword_index.id
2025-07-30 09:51:30,093 - ERROR - DB insert error: UNIQUE constraint failed: keyword_index.id
2025-07-30 09:51:30,093 - ERROR - DB insert error: UNIQUE constraint failed: keyword_index.id
2025-07-30 09:51:30,093 - ERROR - DB insert error: UNIQUE constraint failed: keyword_index.id
2025-07-30 09:51:30,094 - ERROR - DB insert error: UNIQUE constraint failed: keyword_index.id
2025-07-30 09:51:30,094 - ERROR - DB insert error: UNIQUE constraint failed: keyword_index.id
2025-07-30 09:51:30,094 - ERROR - DB insert error: UNIQUE constraint failed: keyword_index.id
2025-07-30 09:51:30,095 - ERROR - DB insert error: UNIQUE constraint failed: keyword_index.id
2025-07-30 09:51:30,095 - ERROR - DB insert error: UNIQUE constraint failed: keyword_index.id
2025-07-30 09:51:30,095 - ERROR - DB insert error: UNIQUE constraint failed: keyword_index.id
2025-07-30 09:51:30,095 - ERROR - DB insert error: UNIQUE constraint failed: keyword_index.id
2025-07-30 09:51:30,095 - ERROR - DB insert error: UNIQUE constraint failed: keyword_index.id
2025-07-30 09:51:30,096 - ERROR - DB insert error: UNIQUE constraint failed: keyword_index.id
2025-07-30 09:51:30,096 - ERROR - DB insert error: UNIQUE constraint failed: keyword_index.id
2025-07-30 09:51:30,096 - ERROR - DB insert error: UNIQUE constraint failed: keyword_index.id
2025-07-30 09:51:30,097 - ERROR - DB insert error: UNIQUE constraint failed: keyword_index.id
2025-07-30 09:51:30,097 - ERROR - DB insert error: UNIQUE constraint failed: keyword_index.id
2025-07-30 09:51:30,097 - ERROR - DB insert error: UNIQUE constraint failed: keyword_index.id
2025-07-30 09:51:30,097 - ERROR - DB insert error: UNIQUE constraint failed: keyword_index.id
2025-07-30 09:51:30,097 - ERROR - DB insert error: UNIQUE constraint failed: keyword_index.id
2025-07-30 09:51:30,098 - ERROR - DB insert error: UNIQUE constraint failed: keyword_index.id
2025-07-30 09:51:30,098 - ERROR - DB insert error: UNIQUE constraint failed: keyword_index.id
2025-07-30 09:51:30,098 - ERROR - DB insert error: UNIQUE constraint failed: keyword_index.id
2025-07-30 09:51:30,098 - ERROR - DB insert error: UNIQUE constraint failed: keyword_index.id
2025-07-30 09:51:30,098 - ERROR - DB insert error: UNIQUE constraint failed: keyword_index.id
2025-07-30 09:51:30,099 - ERROR - DB insert error: UNIQUE constraint failed: keyword_index.id
2025-07-30 09:51:30,099 - ERROR - DB insert error: UNIQUE constraint failed: keyword_index.id
2025-07-30 09:51:30,099 - ERROR - DB insert error: UNIQUE constraint failed: keyword_index.id
2025-07-30 09:51:30,099 - ERROR - DB insert error: UNIQUE constraint failed: keyword_index.id
2025-07-30 09:51:30,099 - ERROR - DB insert error: UNIQUE constraint failed: keyword_index.id
2025-07-30 09:51:30,100 - ERROR - DB insert error: UNIQUE constraint failed: keyword_index.id
2025-07-30 09:51:30,100 - ERROR - DB insert error: UNIQUE constraint failed: keyword_index.id
2025-07-30 09:51:30,100 - ERROR - DB insert error: UNIQUE constraint failed: keyword_index.id
2025-07-30 09:51:30,100 - ERROR - DB insert error: UNIQUE constraint failed: keyword_index.id
2025-07-30 09:51:30,101 - ERROR - DB insert error: UNIQUE constraint failed: keyword_index.id
2025-07-30 09:51:30,101 - ERROR - DB insert error: UNIQUE constraint failed: keyword_index.id
2025-07-30 09:51:30,101 - ERROR - DB insert error: UNIQUE constraint failed: keyword_index.id
2025-07-30 09:51:30,101 - ERROR - DB insert error: UNIQUE constraint failed: keyword_index.id
2025-07-30 09:51:30,102 - ERROR - DB insert error: UNIQUE constraint failed: keyword_index.id
2025-07-30 09:51:30,102 - ERROR - DB insert error: UNIQUE constraint failed: keyword_index.id
2025-07-30 09:51:30,102 - ERROR - DB insert error: UNIQUE constraint failed: keyword_index.id
2025-07-30 09:51:30,102 - ERROR - DB insert error: UNIQUE constraint failed: keyword_index.id
2025-07-30 09:51:30,102 - ERROR - DB insert error: UNIQUE constraint failed: keyword_index.id
2025-07-30 09:51:30,103 - ERROR - DB insert error: UNIQUE constraint failed: keyword_index.id
2025-07-30 09:51:30,103 - ERROR - DB insert error: UNIQUE constraint failed: keyword_index.id
2025-07-30 09:51:30,103 - ERROR - DB insert error: UNIQUE constraint failed: keyword_index.id
2025-07-30 09:51:30,103 - ERROR - DB insert error: UNIQUE constraint failed: keyword_index.id
2025-07-30 09:51:30,104 - ERROR - DB insert error: UNIQUE constraint failed: keyword_index.id
2025-07-30 09:51:30,104 - ERROR - DB insert error: UNIQUE constraint failed: keyword_index.id
2025-07-30 09:51:30,104 - ERROR - DB insert error: UNIQUE constraint failed: keyword_index.id
2025-07-30 09:51:30,105 - ERROR - DB insert error: UNIQUE constraint failed: keyword_index.id
2025-07-30 09:51:30,105 - ERROR - DB insert error: UNIQUE constraint failed: keyword_index.id
2025-07-30 09:51:30,105 - ERROR - DB insert error: UNIQUE constraint failed: keyword_index.id
2025-07-30 09:51:30,105 - ERROR - DB insert error: UNIQUE constraint failed: keyword_index.id
2025-07-30 09:51:30,105 - ERROR - DB insert error: UNIQUE constraint failed: keyword_index.id
2025-07-30 09:51:30,106 - ERROR - DB insert error: UNIQUE constraint failed: keyword_index.id
2025-07-30 09:51:30,106 - ERROR - DB insert error: UNIQUE constraint failed: keyword_index.id
2025-07-30 09:51:30,106 - ERROR - DB insert error: UNIQUE constraint failed: keyword_index.id
2025-07-30 09:51:30,106 - ERROR - DB insert error: UNIQUE constraint failed: keyword_index.id
2025-07-30 09:51:30,107 - ERROR - DB insert error: UNIQUE constraint failed: keyword_index.id
2025-07-30 09:51:30,107 - ERROR - DB insert error: UNIQUE constraint failed: keyword_index.id
2025-07-30 09:51:30,107 - ERROR - DB insert error: UNIQUE constraint failed: keyword_index.id
2025-07-30 09:51:30,108 - ERROR - DB insert error: UNIQUE constraint failed: keyword_index.id
2025-07-30 09:51:30,108 - ERROR - DB insert error: UNIQUE constraint failed: keyword_index.id
2025-07-30 09:51:30,108 - ERROR - DB insert error: UNIQUE constraint failed: keyword_index.id
2025-07-30 09:51:30,108 - ERROR - DB insert error: UNIQUE constraint failed: keyword_index.id
2025-07-30 09:51:30,108 - ERROR - DB insert error: UNIQUE constraint failed: keyword_index.id
2025-07-30 09:51:30,108 - ERROR - DB insert error: UNIQUE constraint failed: keyword_index.id
2025-07-30 09:51:30,109 - ERROR - DB insert error: UNIQUE constraint failed: keyword_index.id
2025-07-30 09:51:30,109 - ERROR - DB insert error: UNIQUE constraint failed: keyword_index.id
2025-07-30 09:51:30,109 - ERROR - DB insert error: UNIQUE constraint failed: keyword_index.id
2025-07-30 09:51:30,109 - ERROR - DB insert error: UNIQUE constraint failed: keyword_index.id
2025-07-30 09:51:30,109 - ERROR - DB insert error: UNIQUE constraint failed: keyword_index.id
2025-07-30 09:51:30,110 - ERROR - DB insert error: UNIQUE constraint failed: keyword_index.id
2025-07-30 09:51:30,110 - ERROR - DB insert error: UNIQUE constraint failed: keyword_index.id
2025-07-30 09:51:30,110 - ERROR - DB insert error: UNIQUE constraint failed: keyword_index.id
2025-07-30 09:51:30,111 - ERROR - DB insert error: UNIQUE constraint failed: keyword_index.id
2025-07-30 09:51:30,111 - ERROR - DB insert error: UNIQUE constraint failed: keyword_index.id
2025-07-30 09:51:30,111 - ERROR - DB insert error: UNIQUE constraint failed: keyword_index.id
2025-07-30 09:51:30,111 - ERROR - DB insert error: UNIQUE constraint failed: keyword_index.id
2025-07-30 09:51:30,112 - ERROR - DB insert error: UNIQUE constraint failed: keyword_index.id
2025-07-30 09:51:30,112 - ERROR - DB insert error: UNIQUE constraint failed: keyword_index.id
2025-07-30 09:51:30,112 - ERROR - DB insert error: UNIQUE constraint failed: keyword_index.id
2025-07-30 09:51:30,113 - ERROR - DB insert error: UNIQUE constraint failed: keyword_index.id
2025-07-30 09:51:30,113 - ERROR - DB insert error: UNIQUE constraint failed: keyword_index.id
2025-07-30 09:51:30,113 - ERROR - DB insert error: UNIQUE constraint failed: keyword_index.id
2025-07-30 09:51:30,113 - ERROR - DB insert error: UNIQUE constraint failed: keyword_index.id
2025-07-30 09:51:30,114 - ERROR - DB insert error: UNIQUE constraint failed: keyword_index.id
2025-07-30 09:51:30,114 - ERROR - DB insert error: UNIQUE constraint failed: keyword_index.id
2025-07-30 09:51:30,114 - ERROR - DB insert error: UNIQUE constraint failed: keyword_index.id
2025-07-30 09:51:30,115 - ERROR - DB insert error: UNIQUE constraint failed: keyword_index.id
2025-07-30 09:51:30,115 - ERROR - DB insert error: UNIQUE constraint failed: keyword_index.id
2025-07-30 09:51:30,115 - ERROR - DB insert error: UNIQUE constraint failed: keyword_index.id
2025-07-30 09:51:30,115 - ERROR - DB insert error: UNIQUE constraint failed: keyword_index.id
2025-07-30 09:51:30,116 - ERROR - DB insert error: UNIQUE constraint failed: keyword_index.id
2025-07-30 09:51:30,116 - ERROR - DB insert error: UNIQUE constraint failed: keyword_index.id
2025-07-30 09:51:30,116 - ERROR - DB insert error: UNIQUE constraint failed: keyword_index.id
2025-07-30 09:51:30,116 - ERROR - DB insert error: UNIQUE constraint failed: keyword_index.id
2025-07-30 09:51:30,117 - ERROR - DB insert error: UNIQUE constraint failed: keyword_index.id
2025-07-30 09:51:30,117 - ERROR - DB insert error: UNIQUE constraint failed: keyword_index.id
2025-07-30 09:51:30,117 - ERROR - DB insert error: UNIQUE constraint failed: keyword_index.id
2025-07-30 09:51:30,117 - ERROR - DB insert error: UNIQUE constraint failed: keyword_index.id
2025-07-30 09:51:30,118 - ERROR - DB insert error: UNIQUE constraint failed: keyword_index.id
2025-07-30 09:51:30,118 - ERROR - DB insert error: UNIQUE constraint failed: keyword_index.id
2025-07-30 09:51:30,118 - ERROR - DB insert error: UNIQUE constraint failed: keyword_index.id
2025-07-30 09:51:30,118 - ERROR - DB insert error: UNIQUE constraint failed: keyword_index.id
2025-07-30 09:51:30,119 - ERROR - DB insert error: UNIQUE constraint failed: keyword_index.id
2025-07-30 09:51:30,119 - ERROR - DB insert error: UNIQUE constraint failed: keyword_index.id
2025-07-30 09:51:30,119 - ERROR - DB insert error: UNIQUE constraint failed: keyword_index.id
2025-07-30 09:51:30,120 - ERROR - DB insert error: UNIQUE constraint failed: keyword_index.id
2025-07-30 09:51:30,120 - ERROR - DB insert error: UNIQUE constraint failed: keyword_index.id
2025-07-30 09:51:30,120 - ERROR - DB insert error: UNIQUE constraint failed: keyword_index.id
2025-07-30 09:51:30,120 - ERROR - DB insert error: UNIQUE constraint failed: keyword_index.id
2025-07-30 09:51:30,121 - ERROR - DB insert error: UNIQUE constraint failed: keyword_index.id
2025-07-30 09:51:30,121 - ERROR - DB insert error: UNIQUE constraint failed: keyword_index.id
2025-07-30 09:51:30,122 - ERROR - DB insert error: UNIQUE constraint failed: keyword_index.id
2025-07-30 09:51:30,122 - ERROR - DB insert error: UNIQUE constraint failed: keyword_index.id
2025-07-30 09:51:30,122 - ERROR - DB insert error: UNIQUE constraint failed: keyword_index.id
2025-07-30 09:51:30,122 - ERROR - DB insert error: UNIQUE constraint failed: keyword_index.id
2025-07-30 09:51:30,123 - ERROR - DB insert error: UNIQUE constraint failed: keyword_index.id
2025-07-30 09:51:30,123 - ERROR - DB insert error: UNIQUE constraint failed: keyword_index.id
2025-07-30 09:51:30,123 - ERROR - DB insert error: UNIQUE constraint failed: keyword_index.id
2025-07-30 09:51:30,123 - ERROR - DB insert error: UNIQUE constraint failed: keyword_index.id
2025-07-30 09:51:30,124 - ERROR - DB insert error: UNIQUE constraint failed: keyword_index.id
2025-07-30 09:51:30,124 - ERROR - DB insert error: UNIQUE constraint failed: keyword_index.id
2025-07-30 09:51:30,124 - ERROR - DB insert error: UNIQUE constraint failed: keyword_index.id
2025-07-30 09:51:30,124 - ERROR - DB insert error: UNIQUE constraint failed: keyword_index.id
2025-07-30 09:51:30,125 - ERROR - DB insert error: UNIQUE constraint failed: keyword_index.id
2025-07-30 09:51:30,125 - ERROR - DB insert error: UNIQUE constraint failed: keyword_index.id
2025-07-30 09:51:30,126 - ERROR - DB insert error: UNIQUE constraint failed: keyword_index.id
2025-07-30 09:51:30,126 - ERROR - DB insert error: UNIQUE constraint failed: keyword_index.id
2025-07-30 09:51:30,126 - ERROR - DB insert error: UNIQUE constraint failed: keyword_index.id
2025-07-30 09:51:30,127 - ERROR - DB insert error: UNIQUE constraint failed: keyword_index.id
2025-07-30 09:51:30,127 - ERROR - DB insert error: UNIQUE constraint failed: keyword_index.id
2025-07-30 09:51:30,127 - ERROR - DB insert error: UNIQUE constraint failed: keyword_index.id
2025-07-30 09:51:30,127 - ERROR - DB insert error: UNIQUE constraint failed: keyword_index.id
2025-07-30 09:51:30,128 - ERROR - DB insert error: UNIQUE constraint failed: keyword_index.id
2025-07-30 09:51:30,128 - ERROR - DB insert error: UNIQUE constraint failed: keyword_index.id
2025-07-30 09:51:30,128 - ERROR - DB insert error: UNIQUE constraint failed: keyword_index.id
2025-07-30 09:51:30,129 - ERROR - DB insert error: UNIQUE constraint failed: keyword_index.id
2025-07-30 09:51:30,129 - ERROR - DB insert error: UNIQUE constraint failed: keyword_index.id
2025-07-30 09:51:30,129 - ERROR - DB insert error: UNIQUE constraint failed: keyword_index.id
2025-07-30 09:51:30,129 - ERROR - DB insert error: UNIQUE constraint failed: keyword_index.id
2025-07-30 09:51:30,130 - ERROR - DB insert error: UNIQUE constraint failed: keyword_index.id
2025-07-30 09:51:30,130 - ERROR - DB insert error: UNIQUE constraint failed: keyword_index.id
2025-07-30 09:51:30,130 - ERROR - DB insert error: UNIQUE constraint failed: keyword_index.id
2025-07-30 09:51:30,130 - ERROR - DB insert error: UNIQUE constraint failed: keyword_index.id
2025-07-30 09:51:30,131 - ERROR - DB insert error: UNIQUE constraint failed: keyword_index.id
2025-07-30 09:51:30,131 - ERROR - DB insert error: UNIQUE constraint failed: keyword_index.id
2025-07-30 09:51:30,131 - ERROR - DB insert error: UNIQUE constraint failed: keyword_index.id
2025-07-30 09:51:30,131 - ERROR - DB insert error: UNIQUE constraint failed: keyword_index.id
2025-07-30 09:51:30,132 - ERROR - DB insert error: UNIQUE constraint failed: keyword_index.id
2025-07-30 09:51:30,132 - ERROR - DB insert error: UNIQUE constraint failed: keyword_index.id
2025-07-30 09:51:30,132 - ERROR - DB insert error: UNIQUE constraint failed: keyword_index.id
2025-07-30 09:51:30,132 - ERROR - DB insert error: UNIQUE constraint failed: keyword_index.id
2025-07-30 09:51:30,132 - ERROR - DB insert error: UNIQUE constraint failed: keyword_index.id
2025-07-30 09:51:30,133 - ERROR - DB insert error: UNIQUE constraint failed: keyword_index.id
2025-07-30 09:51:30,133 - ERROR - DB insert error: UNIQUE constraint failed: keyword_index.id
2025-07-30 09:51:30,133 - ERROR - DB insert error: UNIQUE constraint failed: keyword_index.id
2025-07-30 09:51:30,133 - ERROR - DB insert error: UNIQUE constraint failed: keyword_index.id
2025-07-30 09:51:30,134 - ERROR - DB insert error: UNIQUE constraint failed: keyword_index.id
2025-07-30 09:51:30,134 - ERROR - DB insert error: UNIQUE constraint failed: keyword_index.id
2025-07-30 09:51:30,134 - ERROR - DB insert error: UNIQUE constraint failed: keyword_index.id
2025-07-30 09:51:30,134 - ERROR - DB insert error: UNIQUE constraint failed: keyword_index.id
2025-07-30 09:51:30,135 - ERROR - DB insert error: UNIQUE constraint failed: keyword_index.id
2025-07-30 09:51:30,135 - ERROR - DB insert error: UNIQUE constraint failed: keyword_index.id
2025-07-30 09:51:30,135 - ERROR - DB insert error: UNIQUE constraint failed: keyword_index.id
2025-07-30 09:51:30,135 - ERROR - DB insert error: UNIQUE constraint failed: keyword_index.id
2025-07-30 09:51:30,136 - ERROR - DB insert error: UNIQUE constraint failed: keyword_index.id
2025-07-30 09:51:30,136 - ERROR - DB insert error: UNIQUE constraint failed: keyword_index.id
2025-07-30 09:51:30,136 - ERROR - DB insert error: UNIQUE constraint failed: keyword_index.id
2025-07-30 09:51:30,137 - ERROR - DB insert error: UNIQUE constraint failed: keyword_index.id
2025-07-30 09:51:30,137 - ERROR - DB insert error: UNIQUE constraint failed: keyword_index.id
2025-07-30 09:51:30,137 - ERROR - DB insert error: UNIQUE constraint failed: keyword_index.id
2025-07-30 09:51:30,137 - ERROR - DB insert error: UNIQUE constraint failed: keyword_index.id
2025-07-30 09:51:30,138 - ERROR - DB insert error: UNIQUE constraint failed: keyword_index.id
2025-07-30 09:51:30,138 - ERROR - DB insert error: UNIQUE constraint failed: keyword_index.id
2025-07-30 09:51:30,138 - ERROR - DB insert error: UNIQUE constraint failed: keyword_index.id
2025-07-30 09:51:30,138 - ERROR - DB insert error: UNIQUE constraint failed: keyword_index.id
2025-07-30 09:51:30,139 - ERROR - DB insert error: UNIQUE constraint failed: keyword_index.id
2025-07-30 09:51:30,139 - ERROR - DB insert error: UNIQUE constraint failed: keyword_index.id
2025-07-30 09:51:30,139 - ERROR - DB insert error: UNIQUE constraint failed: keyword_index.id
2025-07-30 09:51:30,140 - ERROR - DB insert error: UNIQUE constraint failed: keyword_index.id
2025-07-30 09:51:30,140 - ERROR - DB insert error: UNIQUE constraint failed: keyword_index.id
2025-07-30 09:51:30,140 - ERROR - DB insert error: UNIQUE constraint failed: keyword_index.id
2025-07-30 09:51:30,141 - ERROR - DB insert error: UNIQUE constraint failed: keyword_index.id
2025-07-30 09:51:30,141 - ERROR - DB insert error: UNIQUE constraint failed: keyword_index.id
2025-07-30 09:51:30,141 - ERROR - DB insert error: UNIQUE constraint failed: keyword_index.id
2025-07-30 09:51:30,141 - ERROR - DB insert error: UNIQUE constraint failed: keyword_index.id
2025-07-30 09:51:30,142 - ERROR - DB insert error: UNIQUE constraint failed: keyword_index.id
2025-07-30 09:51:30,142 - ERROR - DB insert error: UNIQUE constraint failed: keyword_index.id
2025-07-30 09:51:30,142 - ERROR - DB insert error: UNIQUE constraint failed: keyword_index.id
2025-07-30 09:51:30,143 - ERROR - DB insert error: UNIQUE constraint failed: keyword_index.id
2025-07-30 09:51:30,143 - ERROR - DB insert error: UNIQUE constraint failed: keyword_index.id
2025-07-30 09:51:30,143 - ERROR - DB insert error: UNIQUE constraint failed: keyword_index.id
2025-07-30 09:51:30,143 - ERROR - DB insert error: UNIQUE constraint failed: keyword_index.id
2025-07-30 09:51:30,144 - ERROR - DB insert error: UNIQUE constraint failed: keyword_index.id
2025-07-30 09:51:30,144 - ERROR - DB insert error: UNIQUE constraint failed: keyword_index.id
2025-07-30 09:51:30,144 - ERROR - DB insert error: UNIQUE constraint failed: keyword_index.id
2025-07-30 09:51:30,144 - ERROR - DB insert error: UNIQUE constraint failed: keyword_index.id
2025-07-30 09:51:30,145 - ERROR - DB insert error: UNIQUE constraint failed: keyword_index.id
2025-07-30 09:51:30,145 - ERROR - DB insert error: UNIQUE constraint failed: keyword_index.id
2025-07-30 09:51:30,145 - ERROR - DB insert error: UNIQUE constraint failed: keyword_index.id
2025-07-30 09:51:30,145 - ERROR - DB insert error: UNIQUE constraint failed: keyword_index.id
2025-07-30 09:51:30,145 - ERROR - DB insert error: UNIQUE constraint failed: keyword_index.id
2025-07-30 09:51:30,146 - ERROR - DB insert error: UNIQUE constraint failed: keyword_index.id
2025-07-30 09:51:30,146 - ERROR - DB insert error: UNIQUE constraint failed: keyword_index.id
2025-07-30 09:51:30,146 - ERROR - DB insert error: UNIQUE constraint failed: keyword_index.id
2025-07-30 09:51:30,146 - ERROR - DB insert error: UNIQUE constraint failed: keyword_index.id
2025-07-30 09:51:30,147 - ERROR - DB insert error: UNIQUE constraint failed: keyword_index.id
2025-07-30 09:51:30,147 - ERROR - DB insert error: UNIQUE constraint failed: keyword_index.id
2025-07-30 09:51:30,147 - ERROR - DB insert error: UNIQUE constraint failed: keyword_index.id
2025-07-30 09:51:30,147 - ERROR - DB insert error: UNIQUE constraint failed: keyword_index.id
2025-07-30 09:51:30,148 - ERROR - DB insert error: UNIQUE constraint failed: keyword_index.id
2025-07-30 09:51:30,148 - ERROR - DB insert error: UNIQUE constraint failed: keyword_index.id
2025-07-30 09:51:30,149 - ERROR - DB insert error: UNIQUE constraint failed: keyword_index.id
2025-07-30 09:51:30,149 - ERROR - DB insert error: UNIQUE constraint failed: keyword_index.id
2025-07-30 09:51:30,149 - ERROR - DB insert error: UNIQUE constraint failed: keyword_index.id
2025-07-30 09:51:30,149 - ERROR - DB insert error: UNIQUE constraint failed: keyword_index.id
2025-07-30 09:51:30,150 - ERROR - DB insert error: UNIQUE constraint failed: keyword_index.id
2025-07-30 09:51:30,150 - ERROR - DB insert error: UNIQUE constraint failed: keyword_index.id
2025-07-30 09:51:30,150 - ERROR - DB insert error: UNIQUE constraint failed: keyword_index.id
2025-07-30 09:51:30,150 - ERROR - DB insert error: UNIQUE constraint failed: keyword_index.id
2025-07-30 09:51:30,150 - ERROR - DB insert error: UNIQUE constraint failed: keyword_index.id
2025-07-30 09:51:30,151 - ERROR - DB insert error: UNIQUE constraint failed: keyword_index.id
2025-07-30 09:51:30,151 - ERROR - DB insert error: UNIQUE constraint failed: keyword_index.id
2025-07-30 09:51:30,151 - ERROR - DB insert error: UNIQUE constraint failed: keyword_index.id
2025-07-30 09:51:30,151 - ERROR - DB insert error: UNIQUE constraint failed: keyword_index.id
2025-07-30 09:51:30,151 - ERROR - DB insert error: UNIQUE constraint failed: keyword_index.id
2025-07-30 09:51:30,152 - ERROR - DB insert error: UNIQUE constraint failed: keyword_index.id
2025-07-30 09:51:30,152 - ERROR - DB insert error: UNIQUE constraint failed: keyword_index.id
2025-07-30 09:51:30,152 - ERROR - DB insert error: UNIQUE constraint failed: keyword_index.id
2025-07-30 09:51:30,152 - ERROR - DB insert error: UNIQUE constraint failed: keyword_index.id
2025-07-30 09:51:30,153 - ERROR - DB insert error: UNIQUE constraint failed: keyword_index.id
2025-07-30 09:51:30,153 - ERROR - DB insert error: UNIQUE constraint failed: keyword_index.id
2025-07-30 09:51:30,153 - ERROR - DB insert error: UNIQUE constraint failed: keyword_index.id
2025-07-30 09:51:30,153 - ERROR - DB insert error: UNIQUE constraint failed: keyword_index.id
2025-07-30 09:51:30,154 - ERROR - DB insert error: UNIQUE constraint failed: keyword_index.id
2025-07-30 09:51:30,154 - ERROR - DB insert error: UNIQUE constraint failed: keyword_index.id
2025-07-30 09:51:30,154 - ERROR - DB insert error: UNIQUE constraint failed: keyword_index.id
2025-07-30 09:51:30,154 - ERROR - DB insert error: UNIQUE constraint failed: keyword_index.id
2025-07-30 09:51:30,155 - ERROR - DB insert error: UNIQUE constraint failed: keyword_index.id
2025-07-30 09:51:30,155 - ERROR - DB insert error: UNIQUE constraint failed: keyword_index.id
2025-07-30 09:51:30,155 - ERROR - DB insert error: UNIQUE constraint failed: keyword_index.id
2025-07-30 09:51:30,156 - ERROR - DB insert error: UNIQUE constraint failed: keyword_index.id
2025-07-30 09:51:30,156 - ERROR - DB insert error: UNIQUE constraint failed: keyword_index.id
2025-07-30 09:51:30,156 - ERROR - DB insert error: UNIQUE constraint failed: keyword_index.id
2025-07-30 09:51:30,156 - ERROR - DB insert error: UNIQUE constraint failed: keyword_index.id
2025-07-30 09:51:30,157 - ERROR - DB insert error: UNIQUE constraint failed: keyword_index.id
2025-07-30 09:51:30,157 - ERROR - DB insert error: UNIQUE constraint failed: keyword_index.id
2025-07-30 09:51:30,157 - ERROR - DB insert error: UNIQUE constraint failed: keyword_index.id
2025-07-30 09:51:30,157 - ERROR - DB insert error: UNIQUE constraint failed: keyword_index.id
2025-07-30 09:51:30,157 - ERROR - DB insert error: UNIQUE constraint failed: keyword_index.id
2025-07-30 09:51:30,157 - ERROR - DB insert error: UNIQUE constraint failed: keyword_index.id
2025-07-30 09:51:30,158 - ERROR - DB insert error: UNIQUE constraint failed: keyword_index.id
2025-07-30 09:51:30,158 - ERROR - DB insert error: UNIQUE constraint failed: keyword_index.id
2025-07-30 09:51:30,158 - ERROR - DB insert error: UNIQUE constraint failed: keyword_index.id
2025-07-30 09:51:30,158 - ERROR - DB insert error: UNIQUE constraint failed: keyword_index.id
2025-07-30 09:51:30,159 - ERROR - DB insert error: UNIQUE constraint failed: keyword_index.id
2025-07-30 09:51:30,159 - ERROR - DB insert error: UNIQUE constraint failed: keyword_index.id
2025-07-30 09:51:30,159 - ERROR - DB insert error: UNIQUE constraint failed: keyword_index.id
2025-07-30 09:51:30,159 - ERROR - DB insert error: UNIQUE constraint failed: keyword_index.id
2025-07-30 09:51:30,160 - ERROR - DB insert error: UNIQUE constraint failed: keyword_index.id
2025-07-30 09:51:30,160 - ERROR - DB insert error: UNIQUE constraint failed: keyword_index.id
2025-07-30 09:51:30,160 - ERROR - DB insert error: UNIQUE constraint failed: keyword_index.id
2025-07-30 09:51:30,160 - ERROR - DB insert error: UNIQUE constraint failed: keyword_index.id
2025-07-30 09:51:30,161 - ERROR - DB insert error: UNIQUE constraint failed: keyword_index.id
2025-07-30 09:51:30,161 - ERROR - DB insert error: UNIQUE constraint failed: keyword_index.id
2025-07-30 09:51:30,161 - ERROR - DB insert error: UNIQUE constraint failed: keyword_index.id
2025-07-30 09:51:30,161 - ERROR - DB insert error: UNIQUE constraint failed: keyword_index.id
2025-07-30 09:51:30,162 - ERROR - DB insert error: UNIQUE constraint failed: keyword_index.id
2025-07-30 09:51:30,162 - ERROR - DB insert error: UNIQUE constraint failed: keyword_index.id
2025-07-30 09:51:30,163 - ERROR - DB insert error: UNIQUE constraint failed: keyword_index.id
2025-07-30 09:51:30,163 - ERROR - DB insert error: UNIQUE constraint failed: keyword_index.id
2025-07-30 09:51:30,163 - ERROR - DB insert error: UNIQUE constraint failed: keyword_index.id
2025-07-30 09:51:30,163 - ERROR - DB insert error: UNIQUE constraint failed: keyword_index.id
2025-07-30 09:51:30,164 - ERROR - DB insert error: UNIQUE constraint failed: keyword_index.id
2025-07-30 09:51:30,164 - ERROR - DB insert error: UNIQUE constraint failed: keyword_index.id
2025-07-30 09:51:30,165 - ERROR - DB insert error: UNIQUE constraint failed: keyword_index.id
2025-07-30 09:51:30,165 - ERROR - DB insert error: UNIQUE constraint failed: keyword_index.id
2025-07-30 09:51:30,165 - ERROR - DB insert error: UNIQUE constraint failed: keyword_index.id
2025-07-30 09:51:30,165 - ERROR - DB insert error: UNIQUE constraint failed: keyword_index.id
2025-07-30 09:51:30,166 - ERROR - DB insert error: UNIQUE constraint failed: keyword_index.id
2025-07-30 09:51:30,166 - ERROR - DB insert error: UNIQUE constraint failed: keyword_index.id
2025-07-30 09:51:30,166 - ERROR - DB insert error: UNIQUE constraint failed: keyword_index.id
2025-07-30 09:51:30,166 - ERROR - DB insert error: UNIQUE constraint failed: keyword_index.id
2025-07-30 09:51:30,166 - ERROR - DB insert error: UNIQUE constraint failed: keyword_index.id
2025-07-30 09:51:30,167 - ERROR - DB insert error: UNIQUE constraint failed: keyword_index.id
2025-07-30 09:51:30,167 - ERROR - DB insert error: UNIQUE constraint failed: keyword_index.id
2025-07-30 09:51:30,167 - ERROR - DB insert error: UNIQUE constraint failed: keyword_index.id
2025-07-30 09:51:30,167 - ERROR - DB insert error: UNIQUE constraint failed: keyword_index.id
2025-07-30 09:51:30,168 - ERROR - DB insert error: UNIQUE constraint failed: keyword_index.id
2025-07-30 09:51:30,168 - ERROR - DB insert error: UNIQUE constraint failed: keyword_index.id
2025-07-30 09:51:30,168 - ERROR - DB insert error: UNIQUE constraint failed: keyword_index.id
2025-07-30 09:51:30,168 - ERROR - DB insert error: UNIQUE constraint failed: keyword_index.id
2025-07-30 09:51:30,169 - ERROR - DB insert error: UNIQUE constraint failed: keyword_index.id
2025-07-30 09:51:30,169 - ERROR - DB insert error: UNIQUE constraint failed: keyword_index.id
2025-07-30 09:51:30,169 - ERROR - DB insert error: UNIQUE constraint failed: keyword_index.id
2025-07-30 09:51:30,169 - ERROR - DB insert error: UNIQUE constraint failed: keyword_index.id
2025-07-30 09:51:30,170 - ERROR - DB insert error: UNIQUE constraint failed: keyword_index.id
2025-07-30 09:51:30,170 - ERROR - DB insert error: UNIQUE constraint failed: keyword_index.id
2025-07-30 09:51:30,170 - ERROR - DB insert error: UNIQUE constraint failed: keyword_index.id
2025-07-30 09:51:30,170 - ERROR - DB insert error: UNIQUE constraint failed: keyword_index.id
2025-07-30 09:51:30,170 - ERROR - DB insert error: UNIQUE constraint failed: keyword_index.id
2025-07-30 09:51:30,171 - ERROR - DB insert error: UNIQUE constraint failed: keyword_index.id
2025-07-30 09:51:30,171 - ERROR - DB insert error: UNIQUE constraint failed: keyword_index.id
2025-07-30 09:51:30,171 - ERROR - DB insert error: UNIQUE constraint failed: keyword_index.id
2025-07-30 09:51:30,171 - ERROR - DB insert error: UNIQUE constraint failed: keyword_index.id
2025-07-30 09:51:30,171 - ERROR - DB insert error: UNIQUE constraint failed: keyword_index.id
2025-07-30 09:51:30,172 - ERROR - DB insert error: UNIQUE constraint failed: keyword_index.id
2025-07-30 09:51:30,172 - ERROR - DB insert error: UNIQUE constraint failed: keyword_index.id
2025-07-30 09:51:30,172 - ERROR - DB insert error: UNIQUE constraint failed: keyword_index.id
2025-07-30 09:51:30,173 - ERROR - DB insert error: UNIQUE constraint failed: keyword_index.id
2025-07-30 09:51:30,173 - ERROR - DB insert error: UNIQUE constraint failed: keyword_index.id
2025-07-30 09:51:30,173 - ERROR - DB insert error: UNIQUE constraint failed: keyword_index.id
2025-07-30 09:51:30,173 - ERROR - DB insert error: UNIQUE constraint failed: keyword_index.id
2025-07-30 09:51:30,174 - ERROR - DB insert error: UNIQUE constraint failed: keyword_index.id
2025-07-30 09:51:30,174 - ERROR - DB insert error: UNIQUE constraint failed: keyword_index.id
2025-07-30 09:51:30,174 - ERROR - DB insert error: UNIQUE constraint failed: keyword_index.id
2025-07-30 09:51:30,175 - ERROR - DB insert error: UNIQUE constraint failed: keyword_index.id
2025-07-30 09:51:30,175 - ERROR - DB insert error: UNIQUE constraint failed: keyword_index.id
2025-07-30 09:51:30,175 - ERROR - DB insert error: UNIQUE constraint failed: keyword_index.id
2025-07-30 09:51:30,176 - ERROR - DB insert error: UNIQUE constraint failed: keyword_index.id
2025-07-30 09:51:30,176 - ERROR - DB insert error: UNIQUE constraint failed: keyword_index.id
2025-07-30 09:51:30,176 - ERROR - DB insert error: UNIQUE constraint failed: keyword_index.id
2025-07-30 09:51:30,176 - ERROR - DB insert error: UNIQUE constraint failed: keyword_index.id
2025-07-30 09:51:30,177 - ERROR - DB insert error: UNIQUE constraint failed: keyword_index.id
2025-07-30 09:51:30,177 - ERROR - DB insert error: UNIQUE constraint failed: keyword_index.id
2025-07-30 09:51:30,177 - ERROR - DB insert error: UNIQUE constraint failed: keyword_index.id
2025-07-30 09:51:30,178 - ERROR - DB insert error: UNIQUE constraint failed: keyword_index.id
2025-07-30 09:51:30,178 - ERROR - DB insert error: UNIQUE constraint failed: keyword_index.id
2025-07-30 09:51:30,178 - ERROR - DB insert error: UNIQUE constraint failed: keyword_index.id
2025-07-30 09:51:30,179 - ERROR - DB insert error: UNIQUE constraint failed: keyword_index.id
2025-07-30 09:51:30,179 - ERROR - DB insert error: UNIQUE constraint failed: keyword_index.id
2025-07-30 09:51:30,179 - ERROR - DB insert error: UNIQUE constraint failed: keyword_index.id
2025-07-30 09:51:30,179 - ERROR - DB insert error: UNIQUE constraint failed: keyword_index.id
2025-07-30 09:51:30,179 - ERROR - DB insert error: UNIQUE constraint failed: keyword_index.id
2025-07-30 09:51:30,180 - ERROR - DB insert error: UNIQUE constraint failed: keyword_index.id
2025-07-30 09:51:30,180 - ERROR - DB insert error: UNIQUE constraint failed: keyword_index.id
2025-07-30 09:51:30,180 - ERROR - DB insert error: UNIQUE constraint failed: keyword_index.id
2025-07-30 09:51:30,181 - ERROR - DB insert error: UNIQUE constraint failed: keyword_index.id
2025-07-30 09:51:30,181 - ERROR - DB insert error: UNIQUE constraint failed: keyword_index.id
2025-07-30 09:51:30,181 - ERROR - DB insert error: UNIQUE constraint failed: keyword_index.id
2025-07-30 09:51:30,182 - ERROR - DB insert error: UNIQUE constraint failed: keyword_index.id
2025-07-30 09:51:30,182 - ERROR - DB insert error: UNIQUE constraint failed: keyword_index.id
2025-07-30 09:51:30,183 - ERROR - DB insert error: UNIQUE constraint failed: keyword_index.id
2025-07-30 09:51:30,183 - ERROR - DB insert error: UNIQUE constraint failed: keyword_index.id
2025-07-30 09:51:30,183 - ERROR - DB insert error: UNIQUE constraint failed: keyword_index.id
2025-07-30 09:51:30,183 - ERROR - DB insert error: UNIQUE constraint failed: keyword_index.id
2025-07-30 09:51:30,183 - ERROR - DB insert error: UNIQUE constraint failed: keyword_index.id
2025-07-30 09:51:30,184 - ERROR - DB insert error: UNIQUE constraint failed: keyword_index.id
2025-07-30 09:51:30,184 - ERROR - DB insert error: UNIQUE constraint failed: keyword_index.id
2025-07-30 09:51:30,184 - ERROR - DB insert error: UNIQUE constraint failed: keyword_index.id
2025-07-30 09:51:30,185 - ERROR - DB insert error: UNIQUE constraint failed: keyword_index.id
2025-07-30 09:51:30,185 - ERROR - DB insert error: UNIQUE constraint failed: keyword_index.id
2025-07-30 09:51:30,185 - ERROR - DB insert error: UNIQUE constraint failed: keyword_index.id
2025-07-30 09:51:30,185 - ERROR - DB insert error: UNIQUE constraint failed: keyword_index.id
2025-07-30 09:51:30,185 - ERROR - DB insert error: UNIQUE constraint failed: keyword_index.id
2025-07-30 09:51:30,186 - ERROR - DB insert error: UNIQUE constraint failed: keyword_index.id
2025-07-30 09:51:30,186 - ERROR - DB insert error: UNIQUE constraint failed: keyword_index.id
2025-07-30 09:51:30,187 - ERROR - DB insert error: UNIQUE constraint failed: keyword_index.id
2025-07-30 09:51:30,187 - ERROR - DB insert error: UNIQUE constraint failed: keyword_index.id
2025-07-30 09:51:30,187 - ERROR - DB insert error: UNIQUE constraint failed: keyword_index.id
2025-07-30 09:51:30,187 - ERROR - DB insert error: UNIQUE constraint failed: keyword_index.id
2025-07-30 09:51:30,187 - ERROR - DB insert error: UNIQUE constraint failed: keyword_index.id
2025-07-30 09:51:30,188 - ERROR - DB insert error: UNIQUE constraint failed: keyword_index.id
2025-07-30 09:51:30,188 - ERROR - DB insert error: UNIQUE constraint failed: keyword_index.id
2025-07-30 09:51:30,188 - ERROR - DB insert error: UNIQUE constraint failed: keyword_index.id
2025-07-30 09:51:30,189 - ERROR - DB insert error: UNIQUE constraint failed: keyword_index.id
2025-07-30 09:51:30,189 - ERROR - DB insert error: UNIQUE constraint failed: keyword_index.id
2025-07-30 09:51:30,189 - ERROR - DB insert error: UNIQUE constraint failed: keyword_index.id
2025-07-30 09:51:30,189 - ERROR - DB insert error: UNIQUE constraint failed: keyword_index.id
2025-07-30 09:51:30,190 - ERROR - DB insert error: UNIQUE constraint failed: keyword_index.id
2025-07-30 09:51:30,190 - ERROR - DB insert error: UNIQUE constraint failed: keyword_index.id
2025-07-30 09:51:30,190 - ERROR - DB insert error: UNIQUE constraint failed: keyword_index.id
2025-07-30 09:51:30,190 - ERROR - DB insert error: UNIQUE constraint failed: keyword_index.id
2025-07-30 09:51:30,191 - ERROR - DB insert error: UNIQUE constraint failed: keyword_index.id
2025-07-30 09:51:30,191 - ERROR - DB insert error: UNIQUE constraint failed: keyword_index.id
2025-07-30 09:51:30,191 - ERROR - DB insert error: UNIQUE constraint failed: keyword_index.id
2025-07-30 09:51:30,192 - ERROR - DB insert error: UNIQUE constraint failed: keyword_index.id
2025-07-30 09:51:30,192 - ERROR - DB insert error: UNIQUE constraint failed: keyword_index.id
2025-07-30 09:51:30,192 - ERROR - DB insert error: UNIQUE constraint failed: keyword_index.id
2025-07-30 09:51:30,192 - ERROR - DB insert error: UNIQUE constraint failed: keyword_index.id
2025-07-30 09:51:30,192 - ERROR - DB insert error: UNIQUE constraint failed: keyword_index.id
2025-07-30 09:51:30,193 - ERROR - DB insert error: UNIQUE constraint failed: keyword_index.id
2025-07-30 09:51:30,193 - ERROR - DB insert error: UNIQUE constraint failed: keyword_index.id
2025-07-30 09:51:30,193 - ERROR - DB insert error: UNIQUE constraint failed: keyword_index.id
2025-07-30 09:51:30,194 - ERROR - DB insert error: UNIQUE constraint failed: keyword_index.id
2025-07-30 09:51:30,194 - ERROR - DB insert error: UNIQUE constraint failed: keyword_index.id
2025-07-30 09:51:30,194 - ERROR - DB insert error: UNIQUE constraint failed: keyword_index.id
2025-07-30 09:51:30,194 - ERROR - DB insert error: UNIQUE constraint failed: keyword_index.id
2025-07-30 09:51:30,195 - ERROR - DB insert error: UNIQUE constraint failed: keyword_index.id
2025-07-30 09:51:30,195 - ERROR - DB insert error: UNIQUE constraint failed: keyword_index.id
2025-07-30 09:51:30,195 - ERROR - DB insert error: UNIQUE constraint failed: keyword_index.id
2025-07-30 09:51:30,195 - ERROR - DB insert error: UNIQUE constraint failed: keyword_index.id
2025-07-30 09:51:30,196 - ERROR - DB insert error: UNIQUE constraint failed: keyword_index.id
2025-07-30 09:51:30,196 - ERROR - DB insert error: UNIQUE constraint failed: keyword_index.id
2025-07-30 09:51:30,196 - ERROR - DB insert error: UNIQUE constraint failed: keyword_index.id
2025-07-30 09:51:30,196 - ERROR - DB insert error: UNIQUE constraint failed: keyword_index.id
2025-07-30 09:51:30,197 - ERROR - DB insert error: UNIQUE constraint failed: keyword_index.id
2025-07-30 09:51:30,197 - ERROR - DB insert error: UNIQUE constraint failed: keyword_index.id
2025-07-30 09:51:30,197 - ERROR - DB insert error: UNIQUE constraint failed: keyword_index.id
2025-07-30 09:51:30,197 - ERROR - DB insert error: UNIQUE constraint failed: keyword_index.id
2025-07-30 09:51:30,198 - ERROR - DB insert error: UNIQUE constraint failed: keyword_index.id
2025-07-30 09:51:30,198 - ERROR - DB insert error: UNIQUE constraint failed: keyword_index.id
2025-07-30 09:51:30,198 - ERROR - DB insert error: UNIQUE constraint failed: keyword_index.id
2025-07-30 09:51:30,199 - ERROR - DB insert error: UNIQUE constraint failed: keyword_index.id
2025-07-30 09:51:30,199 - ERROR - DB insert error: UNIQUE constraint failed: keyword_index.id
2025-07-30 09:51:30,199 - ERROR - DB insert error: UNIQUE constraint failed: keyword_index.id
2025-07-30 09:51:30,199 - ERROR - DB insert error: UNIQUE constraint failed: keyword_index.id
2025-07-30 09:51:30,200 - ERROR - DB insert error: UNIQUE constraint failed: keyword_index.id
2025-07-30 09:51:30,200 - ERROR - DB insert error: UNIQUE constraint failed: keyword_index.id
2025-07-30 09:51:30,200 - ERROR - DB insert error: UNIQUE constraint failed: keyword_index.id
2025-07-30 09:51:30,200 - ERROR - DB insert error: UNIQUE constraint failed: keyword_index.id
2025-07-30 09:51:30,201 - ERROR - DB insert error: UNIQUE constraint failed: keyword_index.id
2025-07-30 09:51:30,201 - ERROR - DB insert error: UNIQUE constraint failed: keyword_index.id
2025-07-30 09:51:30,202 - ERROR - DB insert error: UNIQUE constraint failed: keyword_index.id
2025-07-30 09:51:30,202 - ERROR - DB insert error: UNIQUE constraint failed: keyword_index.id
2025-07-30 09:51:30,202 - ERROR - DB insert error: UNIQUE constraint failed: keyword_index.id
2025-07-30 09:51:30,202 - ERROR - DB insert error: UNIQUE constraint failed: keyword_index.id
2025-07-30 09:51:30,203 - ERROR - DB insert error: UNIQUE constraint failed: keyword_index.id
2025-07-30 09:51:30,203 - ERROR - DB insert error: UNIQUE constraint failed: keyword_index.id
2025-07-30 09:51:30,203 - ERROR - DB insert error: UNIQUE constraint failed: keyword_index.id
2025-07-30 09:51:30,203 - ERROR - DB insert error: UNIQUE constraint failed: keyword_index.id
2025-07-30 09:51:30,204 - ERROR - DB insert error: UNIQUE constraint failed: keyword_index.id
2025-07-30 09:51:30,204 - ERROR - DB insert error: UNIQUE constraint failed: keyword_index.id
2025-07-30 09:51:30,205 - ERROR - DB insert error: UNIQUE constraint failed: keyword_index.id
2025-07-30 09:51:30,205 - ERROR - DB insert error: UNIQUE constraint failed: keyword_index.id
2025-07-30 09:51:30,205 - ERROR - DB insert error: UNIQUE constraint failed: keyword_index.id
2025-07-30 09:51:30,205 - ERROR - DB insert error: UNIQUE constraint failed: keyword_index.id
2025-07-30 09:51:30,206 - ERROR - DB insert error: UNIQUE constraint failed: keyword_index.id
2025-07-30 09:51:30,206 - ERROR - DB insert error: UNIQUE constraint failed: keyword_index.id
2025-07-30 09:51:30,206 - ERROR - DB insert error: UNIQUE constraint failed: keyword_index.id
2025-07-30 09:51:30,207 - ERROR - DB insert error: UNIQUE constraint failed: keyword_index.id
2025-07-30 09:51:30,207 - ERROR - DB insert error: UNIQUE constraint failed: keyword_index.id
2025-07-30 09:51:30,207 - ERROR - DB insert error: UNIQUE constraint failed: keyword_index.id
2025-07-30 09:51:30,207 - ERROR - DB insert error: UNIQUE constraint failed: keyword_index.id
2025-07-30 09:51:30,207 - ERROR - DB insert error: UNIQUE constraint failed: keyword_index.id
2025-07-30 09:51:30,208 - ERROR - DB insert error: UNIQUE constraint failed: keyword_index.id
2025-07-30 09:51:30,208 - ERROR - DB insert error: UNIQUE constraint failed: keyword_index.id
2025-07-30 09:51:30,208 - ERROR - DB insert error: UNIQUE constraint failed: keyword_index.id
2025-07-30 09:51:30,209 - ERROR - DB insert error: UNIQUE constraint failed: keyword_index.id
2025-07-30 09:51:30,209 - ERROR - DB insert error: UNIQUE constraint failed: keyword_index.id
2025-07-30 09:51:30,209 - ERROR - DB insert error: UNIQUE constraint failed: keyword_index.id
2025-07-30 09:51:30,210 - ERROR - DB insert error: UNIQUE constraint failed: keyword_index.id
2025-07-30 09:51:30,210 - ERROR - DB insert error: UNIQUE constraint failed: keyword_index.id
2025-07-30 09:51:30,210 - ERROR - DB insert error: UNIQUE constraint failed: keyword_index.id
2025-07-30 09:51:30,210 - ERROR - DB insert error: UNIQUE constraint failed: keyword_index.id
2025-07-30 09:51:30,210 - ERROR - DB insert error: UNIQUE constraint failed: keyword_index.id
2025-07-30 09:51:30,211 - ERROR - DB insert error: UNIQUE constraint failed: keyword_index.id
2025-07-30 09:51:30,211 - ERROR - DB insert error: UNIQUE constraint failed: keyword_index.id
2025-07-30 09:51:30,211 - ERROR - DB insert error: UNIQUE constraint failed: keyword_index.id
2025-07-30 09:51:30,211 - ERROR - DB insert error: UNIQUE constraint failed: keyword_index.id
2025-07-30 09:51:30,212 - ERROR - DB insert error: UNIQUE constraint failed: keyword_index.id
2025-07-30 09:51:30,212 - ERROR - DB insert error: UNIQUE constraint failed: keyword_index.id
2025-07-30 09:51:30,212 - ERROR - DB insert error: UNIQUE constraint failed: keyword_index.id
2025-07-30 09:51:30,212 - ERROR - DB insert error: UNIQUE constraint failed: keyword_index.id
2025-07-30 09:51:30,213 - ERROR - DB insert error: UNIQUE constraint failed: keyword_index.id
2025-07-30 09:51:30,213 - ERROR - DB insert error: UNIQUE constraint failed: keyword_index.id
2025-07-30 09:51:30,213 - ERROR - DB insert error: UNIQUE constraint failed: keyword_index.id
2025-07-30 09:51:30,213 - ERROR - DB insert error: UNIQUE constraint failed: keyword_index.id
2025-07-30 09:51:30,214 - ERROR - DB insert error: UNIQUE constraint failed: keyword_index.id
2025-07-30 09:51:30,216 - ERROR - DB insert error: UNIQUE constraint failed: keyword_index.id
2025-07-30 09:51:30,216 - ERROR - DB insert error: UNIQUE constraint failed: keyword_index.id
2025-07-30 09:51:30,217 - ERROR - DB insert error: UNIQUE constraint failed: keyword_index.id
2025-07-30 09:51:30,219 - ERROR - DB insert error: UNIQUE constraint failed: keyword_index.id
2025-07-30 09:51:30,220 - ERROR - DB insert error: UNIQUE constraint failed: keyword_index.id
2025-07-30 09:51:30,222 - ERROR - DB insert error: UNIQUE constraint failed: keyword_index.id
2025-07-30 09:51:30,222 - ERROR - DB insert error: UNIQUE constraint failed: keyword_index.id
2025-07-30 09:51:30,223 - ERROR - DB insert error: UNIQUE constraint failed: keyword_index.id
2025-07-30 09:51:30,225 - ERROR - DB insert error: UNIQUE constraint failed: keyword_index.id
2025-07-30 09:51:30,225 - ERROR - DB insert error: UNIQUE constraint failed: keyword_index.id
2025-07-30 09:51:30,227 - ERROR - DB insert error: UNIQUE constraint failed: keyword_index.id
2025-07-30 09:51:30,228 - ERROR - DB insert error: UNIQUE constraint failed: keyword_index.id
2025-07-30 09:51:30,229 - ERROR - DB insert error: UNIQUE constraint failed: keyword_index.id
2025-07-30 09:51:30,230 - ERROR - DB insert error: UNIQUE constraint failed: keyword_index.id
2025-07-30 09:51:30,230 - ERROR - DB insert error: UNIQUE constraint failed: keyword_index.id
2025-07-30 09:51:30,232 - ERROR - DB insert error: UNIQUE constraint failed: keyword_index.id
2025-07-30 09:51:30,232 - ERROR - DB insert error: UNIQUE constraint failed: keyword_index.id
2025-07-30 09:51:30,233 - ERROR - DB insert error: UNIQUE constraint failed: keyword_index.id
2025-07-30 09:51:30,233 - ERROR - DB insert error: UNIQUE constraint failed: keyword_index.id
2025-07-30 09:51:30,233 - ERROR - DB insert error: UNIQUE constraint failed: keyword_index.id
2025-07-30 09:51:30,234 - ERROR - DB insert error: UNIQUE constraint failed: keyword_index.id
2025-07-30 09:51:30,234 - ERROR - DB insert error: UNIQUE constraint failed: keyword_index.id
2025-07-30 09:51:30,234 - ERROR - DB insert error: UNIQUE constraint failed: keyword_index.id
2025-07-30 09:51:30,234 - ERROR - DB insert error: UNIQUE constraint failed: keyword_index.id
2025-07-30 09:51:30,235 - ERROR - DB insert error: UNIQUE constraint failed: keyword_index.id
2025-07-30 09:51:30,235 - ERROR - DB insert error: UNIQUE constraint failed: keyword_index.id
2025-07-30 09:51:30,235 - ERROR - DB insert error: UNIQUE constraint failed: keyword_index.id
2025-07-30 09:51:30,235 - ERROR - DB insert error: UNIQUE constraint failed: keyword_index.id
2025-07-30 09:51:30,236 - ERROR - DB insert error: UNIQUE constraint failed: keyword_index.id
2025-07-30 09:51:30,236 - ERROR - DB insert error: UNIQUE constraint failed: keyword_index.id
2025-07-30 09:51:30,238 - ERROR - DB insert error: UNIQUE constraint failed: keyword_index.id
2025-07-30 09:51:30,238 - ERROR - DB insert error: UNIQUE constraint failed: keyword_index.id
2025-07-30 09:51:30,239 - ERROR - DB insert error: UNIQUE constraint failed: keyword_index.id
2025-07-30 09:51:30,240 - ERROR - DB insert error: UNIQUE constraint failed: keyword_index.id
2025-07-30 09:51:30,240 - ERROR - DB insert error: UNIQUE constraint failed: keyword_index.id
2025-07-30 09:51:30,241 - ERROR - DB insert error: UNIQUE constraint failed: keyword_index.id
2025-07-30 09:51:30,241 - ERROR - DB insert error: UNIQUE constraint failed: keyword_index.id
2025-07-30 09:51:30,242 - ERROR - DB insert error: UNIQUE constraint failed: keyword_index.id
2025-07-30 09:51:30,242 - ERROR - DB insert error: UNIQUE constraint failed: keyword_index.id
2025-07-30 09:51:30,242 - ERROR - DB insert error: UNIQUE constraint failed: keyword_index.id
2025-07-30 09:51:30,242 - ERROR - DB insert error: UNIQUE constraint failed: keyword_index.id
2025-07-30 09:51:30,242 - ERROR - DB insert error: UNIQUE constraint failed: keyword_index.id
2025-07-30 09:51:30,243 - ERROR - DB insert error: UNIQUE constraint failed: keyword_index.id
2025-07-30 09:51:30,243 - ERROR - DB insert error: UNIQUE constraint failed: keyword_index.id
2025-07-30 09:51:30,243 - ERROR - DB insert error: UNIQUE constraint failed: keyword_index.id
2025-07-30 09:51:30,244 - ERROR - DB insert error: UNIQUE constraint failed: keyword_index.id
2025-07-30 09:51:30,244 - ERROR - DB insert error: UNIQUE constraint failed: keyword_index.id
2025-07-30 09:51:30,244 - ERROR - DB insert error: UNIQUE constraint failed: keyword_index.id
2025-07-30 09:51:30,244 - ERROR - DB insert error: UNIQUE constraint failed: keyword_index.id
2025-07-30 09:51:30,245 - ERROR - DB insert error: UNIQUE constraint failed: keyword_index.id
2025-07-30 09:51:30,245 - ERROR - DB insert error: UNIQUE constraint failed: keyword_index.id
2025-07-30 09:51:30,246 - ERROR - DB insert error: UNIQUE constraint failed: keyword_index.id
2025-07-30 09:51:30,246 - ERROR - DB insert error: UNIQUE constraint failed: keyword_index.id
2025-07-30 09:51:30,246 - ERROR - DB insert error: UNIQUE constraint failed: keyword_index.id
2025-07-30 09:51:30,247 - ERROR - DB insert error: UNIQUE constraint failed: keyword_index.id
2025-07-30 09:51:30,247 - ERROR - DB insert error: UNIQUE constraint failed: keyword_index.id
2025-07-30 09:51:30,247 - ERROR - DB insert error: UNIQUE constraint failed: keyword_index.id
2025-07-30 09:51:30,247 - ERROR - DB insert error: UNIQUE constraint failed: keyword_index.id
2025-07-30 09:51:30,248 - ERROR - DB insert error: UNIQUE constraint failed: keyword_index.id
2025-07-30 09:51:30,248 - ERROR - DB insert error: UNIQUE constraint failed: keyword_index.id
2025-07-30 09:51:30,248 - ERROR - DB insert error: UNIQUE constraint failed: keyword_index.id
2025-07-30 09:51:30,248 - ERROR - DB insert error: UNIQUE constraint failed: keyword_index.id
2025-07-30 09:51:30,249 - ERROR - DB insert error: UNIQUE constraint failed: keyword_index.id
2025-07-30 09:51:30,249 - ERROR - DB insert error: UNIQUE constraint failed: keyword_index.id
2025-07-30 09:51:30,249 - ERROR - DB insert error: UNIQUE constraint failed: keyword_index.id
2025-07-30 09:51:30,249 - ERROR - DB insert error: UNIQUE constraint failed: keyword_index.id
2025-07-30 09:51:30,249 - ERROR - DB insert error: UNIQUE constraint failed: keyword_index.id
2025-07-30 09:51:30,250 - ERROR - DB insert error: UNIQUE constraint failed: keyword_index.id
2025-07-30 09:51:30,250 - ERROR - DB insert error: UNIQUE constraint failed: keyword_index.id
2025-07-30 09:51:30,250 - ERROR - DB insert error: UNIQUE constraint failed: keyword_index.id
2025-07-30 09:51:30,251 - ERROR - DB insert error: UNIQUE constraint failed: keyword_index.id
2025-07-30 09:51:30,251 - ERROR - DB insert error: UNIQUE constraint failed: keyword_index.id
2025-07-30 09:51:30,251 - ERROR - DB insert error: UNIQUE constraint failed: keyword_index.id
2025-07-30 09:51:30,251 - ERROR - DB insert error: UNIQUE constraint failed: keyword_index.id
2025-07-30 09:51:30,252 - ERROR - DB insert error: UNIQUE constraint failed: keyword_index.id
2025-07-30 09:51:30,252 - ERROR - DB insert error: UNIQUE constraint failed: keyword_index.id
2025-07-30 09:51:30,252 - ERROR - DB insert error: UNIQUE constraint failed: keyword_index.id
2025-07-30 09:51:30,253 - ERROR - DB insert error: UNIQUE constraint failed: keyword_index.id
2025-07-30 09:51:30,253 - ERROR - DB insert error: UNIQUE constraint failed: keyword_index.id
2025-07-30 09:51:30,253 - ERROR - DB insert error: UNIQUE constraint failed: keyword_index.id
2025-07-30 09:51:30,253 - ERROR - DB insert error: UNIQUE constraint failed: keyword_index.id
2025-07-30 09:51:30,254 - ERROR - DB insert error: UNIQUE constraint failed: keyword_index.id
2025-07-30 09:51:30,254 - ERROR - DB insert error: UNIQUE constraint failed: keyword_index.id
2025-07-30 09:51:30,254 - ERROR - DB insert error: UNIQUE constraint failed: keyword_index.id
2025-07-30 09:51:30,255 - ERROR - DB insert error: UNIQUE constraint failed: keyword_index.id
2025-07-30 09:51:30,255 - ERROR - DB insert error: UNIQUE constraint failed: keyword_index.id
2025-07-30 09:51:30,255 - ERROR - DB insert error: UNIQUE constraint failed: keyword_index.id
2025-07-30 09:51:30,256 - ERROR - DB insert error: UNIQUE constraint failed: keyword_index.id
2025-07-30 09:51:30,256 - ERROR - DB insert error: UNIQUE constraint failed: keyword_index.id
2025-07-30 09:51:30,256 - ERROR - DB insert error: UNIQUE constraint failed: keyword_index.id
2025-07-30 09:51:30,257 - ERROR - DB insert error: UNIQUE constraint failed: keyword_index.id
2025-07-30 09:51:30,257 - ERROR - DB insert error: UNIQUE constraint failed: keyword_index.id
2025-07-30 09:51:30,257 - ERROR - DB insert error: UNIQUE constraint failed: keyword_index.id
2025-07-30 09:51:30,257 - ERROR - DB insert error: UNIQUE constraint failed: keyword_index.id
2025-07-30 09:51:30,258 - ERROR - DB insert error: UNIQUE constraint failed: keyword_index.id
2025-07-30 09:51:30,258 - ERROR - DB insert error: UNIQUE constraint failed: keyword_index.id
2025-07-30 09:51:30,258 - ERROR - DB insert error: UNIQUE constraint failed: keyword_index.id
2025-07-30 09:51:30,258 - ERROR - DB insert error: UNIQUE constraint failed: keyword_index.id
2025-07-30 09:51:30,259 - ERROR - DB insert error: UNIQUE constraint failed: keyword_index.id
2025-07-30 09:51:30,259 - ERROR - DB insert error: UNIQUE constraint failed: keyword_index.id
2025-07-30 09:51:30,259 - ERROR - DB insert error: UNIQUE constraint failed: keyword_index.id
2025-07-30 09:51:30,260 - ERROR - DB insert error: UNIQUE constraint failed: keyword_index.id
2025-07-30 09:51:30,260 - ERROR - DB insert error: UNIQUE constraint failed: keyword_index.id
2025-07-30 09:51:30,260 - ERROR - DB insert error: UNIQUE constraint failed: keyword_index.id
2025-07-30 09:51:30,260 - ERROR - DB insert error: UNIQUE constraint failed: keyword_index.id
2025-07-30 09:51:30,260 - ERROR - DB insert error: UNIQUE constraint failed: keyword_index.id
2025-07-30 09:51:30,260 - ERROR - DB insert error: UNIQUE constraint failed: keyword_index.id
2025-07-30 09:51:30,261 - ERROR - DB insert error: UNIQUE constraint failed: keyword_index.id
2025-07-30 09:51:30,261 - ERROR - DB insert error: UNIQUE constraint failed: keyword_index.id
2025-07-30 09:51:30,261 - ERROR - DB insert error: UNIQUE constraint failed: keyword_index.id
2025-07-30 09:51:30,262 - ERROR - DB insert error: UNIQUE constraint failed: keyword_index.id
2025-07-30 09:51:30,262 - ERROR - DB insert error: UNIQUE constraint failed: keyword_index.id
2025-07-30 09:51:30,262 - ERROR - DB insert error: UNIQUE constraint failed: keyword_index.id
2025-07-30 09:51:30,262 - ERROR - DB insert error: UNIQUE constraint failed: keyword_index.id
2025-07-30 09:51:30,263 - ERROR - DB insert error: UNIQUE constraint failed: keyword_index.id
2025-07-30 09:51:30,263 - ERROR - DB insert error: UNIQUE constraint failed: keyword_index.id
2025-07-30 09:51:30,263 - ERROR - DB insert error: UNIQUE constraint failed: keyword_index.id
2025-07-30 09:51:30,264 - ERROR - DB insert error: UNIQUE constraint failed: keyword_index.id
2025-07-30 09:51:30,264 - ERROR - DB insert error: UNIQUE constraint failed: keyword_index.id
2025-07-30 09:51:30,264 - ERROR - DB insert error: UNIQUE constraint failed: keyword_index.id
2025-07-30 09:51:30,264 - ERROR - DB insert error: UNIQUE constraint failed: keyword_index.id
2025-07-30 09:51:30,265 - ERROR - DB insert error: UNIQUE constraint failed: keyword_index.id
2025-07-30 09:51:30,265 - ERROR - DB insert error: UNIQUE constraint failed: keyword_index.id
2025-07-30 09:51:30,265 - ERROR - DB insert error: UNIQUE constraint failed: keyword_index.id
2025-07-30 09:51:30,266 - ERROR - DB insert error: UNIQUE constraint failed: keyword_index.id
2025-07-30 09:51:30,266 - ERROR - DB insert error: UNIQUE constraint failed: keyword_index.id
2025-07-30 09:51:30,266 - ERROR - DB insert error: UNIQUE constraint failed: keyword_index.id
2025-07-30 09:51:30,267 - ERROR - DB insert error: UNIQUE constraint failed: keyword_index.id
2025-07-30 09:51:30,267 - ERROR - DB insert error: UNIQUE constraint failed: keyword_index.id
2025-07-30 09:51:30,268 - ERROR - DB insert error: UNIQUE constraint failed: keyword_index.id
2025-07-30 09:51:30,268 - ERROR - DB insert error: UNIQUE constraint failed: keyword_index.id
2025-07-30 09:51:30,268 - ERROR - DB insert error: UNIQUE constraint failed: keyword_index.id
2025-07-30 09:51:30,269 - ERROR - DB insert error: UNIQUE constraint failed: keyword_index.id
2025-07-30 09:51:30,269 - ERROR - DB insert error: UNIQUE constraint failed: keyword_index.id
2025-07-30 09:51:30,269 - ERROR - DB insert error: UNIQUE constraint failed: keyword_index.id
2025-07-30 09:51:30,270 - ERROR - DB insert error: UNIQUE constraint failed: keyword_index.id
2025-07-30 09:51:30,270 - ERROR - DB insert error: UNIQUE constraint failed: keyword_index.id
2025-07-30 09:51:30,270 - ERROR - DB insert error: UNIQUE constraint failed: keyword_index.id
2025-07-30 09:51:30,270 - ERROR - DB insert error: UNIQUE constraint failed: keyword_index.id
2025-07-30 09:51:30,271 - ERROR - DB insert error: UNIQUE constraint failed: keyword_index.id
2025-07-30 09:51:30,271 - ERROR - DB insert error: UNIQUE constraint failed: keyword_index.id
2025-07-30 09:51:30,272 - ERROR - DB insert error: UNIQUE constraint failed: keyword_index.id
2025-07-30 09:51:30,272 - ERROR - DB insert error: UNIQUE constraint failed: keyword_index.id
2025-07-30 09:51:30,272 - ERROR - DB insert error: UNIQUE constraint failed: keyword_index.id
2025-07-30 09:51:30,273 - ERROR - DB insert error: UNIQUE constraint failed: keyword_index.id
2025-07-30 09:51:30,273 - ERROR - DB insert error: UNIQUE constraint failed: keyword_index.id
2025-07-30 09:51:30,273 - ERROR - DB insert error: UNIQUE constraint failed: keyword_index.id
2025-07-30 09:51:30,274 - ERROR - DB insert error: UNIQUE constraint failed: keyword_index.id
2025-07-30 09:51:30,274 - ERROR - DB insert error: UNIQUE constraint failed: keyword_index.id
2025-07-30 09:51:30,274 - ERROR - DB insert error: UNIQUE constraint failed: keyword_index.id
2025-07-30 09:51:30,275 - ERROR - DB insert error: UNIQUE constraint failed: keyword_index.id
2025-07-30 09:51:30,275 - ERROR - DB insert error: UNIQUE constraint failed: keyword_index.id
2025-07-30 09:51:30,275 - ERROR - DB insert error: UNIQUE constraint failed: keyword_index.id
2025-07-30 09:51:30,276 - ERROR - DB insert error: UNIQUE constraint failed: keyword_index.id
2025-07-30 09:51:30,276 - ERROR - DB insert error: UNIQUE constraint failed: keyword_index.id
2025-07-30 09:51:30,276 - ERROR - DB insert error: UNIQUE constraint failed: keyword_index.id
2025-07-30 09:51:30,276 - ERROR - DB insert error: UNIQUE constraint failed: keyword_index.id
2025-07-30 09:51:30,277 - ERROR - DB insert error: UNIQUE constraint failed: keyword_index.id
2025-07-30 09:51:30,278 - ERROR - DB insert error: UNIQUE constraint failed: keyword_index.id
2025-07-30 09:51:30,278 - ERROR - DB insert error: UNIQUE constraint failed: keyword_index.id
2025-07-30 09:51:30,278 - ERROR - DB insert error: UNIQUE constraint failed: keyword_index.id
2025-07-30 09:51:30,279 - ERROR - DB insert error: UNIQUE constraint failed: keyword_index.id
2025-07-30 09:51:30,279 - ERROR - DB insert error: UNIQUE constraint failed: keyword_index.id
2025-07-30 09:51:30,279 - ERROR - DB insert error: UNIQUE constraint failed: keyword_index.id
2025-07-30 09:51:30,279 - ERROR - DB insert error: UNIQUE constraint failed: keyword_index.id
2025-07-30 09:51:30,280 - ERROR - DB insert error: UNIQUE constraint failed: keyword_index.id
2025-07-30 09:51:30,280 - ERROR - DB insert error: UNIQUE constraint failed: keyword_index.id
2025-07-30 09:51:30,280 - ERROR - DB insert error: UNIQUE constraint failed: keyword_index.id
2025-07-30 09:51:30,281 - ERROR - DB insert error: UNIQUE constraint failed: keyword_index.id
2025-07-30 09:51:30,281 - ERROR - DB insert error: UNIQUE constraint failed: keyword_index.id
2025-07-30 09:51:30,281 - ERROR - DB insert error: UNIQUE constraint failed: keyword_index.id
2025-07-30 09:51:30,281 - ERROR - DB insert error: UNIQUE constraint failed: keyword_index.id
2025-07-30 09:51:30,282 - ERROR - DB insert error: UNIQUE constraint failed: keyword_index.id
2025-07-30 09:51:30,282 - ERROR - DB insert error: UNIQUE constraint failed: keyword_index.id
2025-07-30 09:51:30,282 - ERROR - DB insert error: UNIQUE constraint failed: keyword_index.id
2025-07-30 09:51:30,282 - ERROR - DB insert error: UNIQUE constraint failed: keyword_index.id
2025-07-30 09:51:30,282 - ERROR - DB insert error: UNIQUE constraint failed: keyword_index.id
2025-07-30 09:51:30,283 - ERROR - DB insert error: UNIQUE constraint failed: keyword_index.id
2025-07-30 09:51:30,283 - ERROR - DB insert error: UNIQUE constraint failed: keyword_index.id
2025-07-30 09:51:30,283 - ERROR - DB insert error: UNIQUE constraint failed: keyword_index.id
2025-07-30 09:51:30,283 - ERROR - DB insert error: UNIQUE constraint failed: keyword_index.id
2025-07-30 09:51:30,284 - ERROR - DB insert error: UNIQUE constraint failed: keyword_index.id
2025-07-30 09:51:30,284 - ERROR - DB insert error: UNIQUE constraint failed: keyword_index.id
2025-07-30 09:51:30,284 - ERROR - DB insert error: UNIQUE constraint failed: keyword_index.id
2025-07-30 09:51:30,284 - ERROR - DB insert error: UNIQUE constraint failed: keyword_index.id
2025-07-30 09:51:30,284 - ERROR - DB insert error: UNIQUE constraint failed: keyword_index.id
2025-07-30 09:51:30,285 - ERROR - DB insert error: UNIQUE constraint failed: keyword_index.id
2025-07-30 09:51:30,285 - ERROR - DB insert error: UNIQUE constraint failed: keyword_index.id
2025-07-30 09:51:30,285 - ERROR - DB insert error: UNIQUE constraint failed: keyword_index.id
2025-07-30 09:51:30,285 - ERROR - DB insert error: UNIQUE constraint failed: keyword_index.id
2025-07-30 09:51:30,286 - ERROR - DB insert error: UNIQUE constraint failed: keyword_index.id
2025-07-30 09:51:30,286 - ERROR - DB insert error: UNIQUE constraint failed: keyword_index.id
2025-07-30 09:51:30,286 - ERROR - DB insert error: UNIQUE constraint failed: keyword_index.id
2025-07-30 09:51:30,286 - ERROR - DB insert error: UNIQUE constraint failed: keyword_index.id
2025-07-30 09:51:30,287 - ERROR - DB insert error: UNIQUE constraint failed: keyword_index.id
2025-07-30 09:51:30,287 - ERROR - DB insert error: UNIQUE constraint failed: keyword_index.id
2025-07-30 09:51:30,287 - ERROR - DB insert error: UNIQUE constraint failed: keyword_index.id
2025-07-30 09:51:30,287 - ERROR - DB insert error: UNIQUE constraint failed: keyword_index.id
2025-07-30 09:51:30,288 - ERROR - DB insert error: UNIQUE constraint failed: keyword_index.id
2025-07-30 09:51:30,288 - ERROR - DB insert error: UNIQUE constraint failed: keyword_index.id
2025-07-30 09:51:30,288 - ERROR - DB insert error: UNIQUE constraint failed: keyword_index.id
2025-07-30 09:51:30,288 - ERROR - DB insert error: UNIQUE constraint failed: keyword_index.id
2025-07-30 09:51:30,289 - ERROR - DB insert error: UNIQUE constraint failed: keyword_index.id
2025-07-30 09:51:30,289 - ERROR - DB insert error: UNIQUE constraint failed: keyword_index.id
2025-07-30 09:51:30,289 - ERROR - DB insert error: UNIQUE constraint failed: keyword_index.id
2025-07-30 09:51:30,289 - ERROR - DB insert error: UNIQUE constraint failed: keyword_index.id
2025-07-30 09:51:30,290 - ERROR - DB insert error: UNIQUE constraint failed: keyword_index.id
2025-07-30 09:51:30,290 - ERROR - DB insert error: UNIQUE constraint failed: keyword_index.id
2025-07-30 09:51:30,290 - ERROR - DB insert error: UNIQUE constraint failed: keyword_index.id
2025-07-30 09:51:30,290 - ERROR - DB insert error: UNIQUE constraint failed: keyword_index.id
2025-07-30 09:51:30,291 - ERROR - DB insert error: UNIQUE constraint failed: keyword_index.id
2025-07-30 09:51:30,291 - ERROR - DB insert error: UNIQUE constraint failed: keyword_index.id
2025-07-30 09:51:30,292 - ERROR - DB insert error: UNIQUE constraint failed: keyword_index.id
2025-07-30 09:51:30,292 - ERROR - DB insert error: UNIQUE constraint failed: keyword_index.id
2025-07-30 09:51:30,293 - ERROR - DB insert error: UNIQUE constraint failed: keyword_index.id
2025-07-30 09:51:30,294 - ERROR - DB insert error: UNIQUE constraint failed: keyword_index.id
2025-07-30 09:51:30,294 - ERROR - DB insert error: UNIQUE constraint failed: keyword_index.id
2025-07-30 09:51:30,295 - ERROR - DB insert error: UNIQUE constraint failed: keyword_index.id
2025-07-30 09:51:30,295 - ERROR - DB insert error: UNIQUE constraint failed: keyword_index.id
2025-07-30 09:51:30,295 - ERROR - DB insert error: UNIQUE constraint failed: keyword_index.id
2025-07-30 09:51:30,295 - ERROR - DB insert error: UNIQUE constraint failed: keyword_index.id
2025-07-30 09:51:30,296 - ERROR - DB insert error: UNIQUE constraint failed: keyword_index.id
2025-07-30 09:51:30,296 - ERROR - DB insert error: UNIQUE constraint failed: keyword_index.id
2025-07-30 09:51:30,296 - ERROR - DB insert error: UNIQUE constraint failed: keyword_index.id
2025-07-30 09:51:30,296 - ERROR - DB insert error: UNIQUE constraint failed: keyword_index.id
2025-07-30 09:51:30,296 - ERROR - DB insert error: UNIQUE constraint failed: keyword_index.id
2025-07-30 09:51:30,297 - ERROR - DB insert error: UNIQUE constraint failed: keyword_index.id
2025-07-30 09:51:30,297 - ERROR - DB insert error: UNIQUE constraint failed: keyword_index.id
2025-07-30 09:51:30,297 - ERROR - DB insert error: UNIQUE constraint failed: keyword_index.id
2025-07-30 09:51:30,298 - ERROR - DB insert error: UNIQUE constraint failed: keyword_index.id
2025-07-30 09:51:30,298 - ERROR - DB insert error: UNIQUE constraint failed: keyword_index.id
2025-07-30 09:51:30,298 - ERROR - DB insert error: UNIQUE constraint failed: keyword_index.id
2025-07-30 09:51:30,298 - ERROR - DB insert error: UNIQUE constraint failed: keyword_index.id
2025-07-30 09:51:30,298 - ERROR - DB insert error: UNIQUE constraint failed: keyword_index.id
2025-07-30 09:51:30,299 - ERROR - DB insert error: UNIQUE constraint failed: keyword_index.id
2025-07-30 09:51:30,299 - ERROR - DB insert error: UNIQUE constraint failed: keyword_index.id
2025-07-30 09:51:30,299 - ERROR - DB insert error: UNIQUE constraint failed: keyword_index.id
2025-07-30 09:51:30,299 - ERROR - DB insert error: UNIQUE constraint failed: keyword_index.id
2025-07-30 09:51:30,299 - ERROR - DB insert error: UNIQUE constraint failed: keyword_index.id
2025-07-30 09:51:30,299 - ERROR - DB insert error: UNIQUE constraint failed: keyword_index.id
2025-07-30 09:51:30,299 - INFO - Indexed 888 chunks successfully
2025-07-30 09:51:32,313 - INFO - Retrieving context for query: 'what is numpy?'
2025-07-30 09:51:32,334 - INFO - Generating response from LLM...
2025-07-30 09:51:36,479 - INFO - HTTP Request: POST http://127.0.0.1:11434/api/generate "HTTP/1.1 200 OK"
2025-07-30 09:51:57,506 - INFO - Indexing 888 new chunks...
2025-07-30 09:51:58,026 - INFO - Upserted 888 vectors
2025-07-30 09:51:58,028 - ERROR - DB insert error: UNIQUE constraint failed: keyword_index.id
2025-07-30 09:51:58,028 - ERROR - DB insert error: UNIQUE constraint failed: keyword_index.id
2025-07-30 09:51:58,029 - ERROR - DB insert error: UNIQUE constraint failed: keyword_index.id
2025-07-30 09:51:58,029 - ERROR - DB insert error: UNIQUE constraint failed: keyword_index.id
2025-07-30 09:51:58,030 - ERROR - DB insert error: UNIQUE constraint failed: keyword_index.id
2025-07-30 09:51:58,030 - ERROR - DB insert error: UNIQUE constraint failed: keyword_index.id
2025-07-30 09:51:58,031 - ERROR - DB insert error: UNIQUE constraint failed: keyword_index.id
2025-07-30 09:51:58,031 - ERROR - DB insert error: UNIQUE constraint failed: keyword_index.id
2025-07-30 09:51:58,031 - ERROR - DB insert error: UNIQUE constraint failed: keyword_index.id
2025-07-30 09:51:58,032 - ERROR - DB insert error: UNIQUE constraint failed: keyword_index.id
2025-07-30 09:51:58,032 - ERROR - DB insert error: UNIQUE constraint failed: keyword_index.id
2025-07-30 09:51:58,032 - ERROR - DB insert error: UNIQUE constraint failed: keyword_index.id
2025-07-30 09:51:58,033 - ERROR - DB insert error: UNIQUE constraint failed: keyword_index.id
2025-07-30 09:51:58,033 - ERROR - DB insert error: UNIQUE constraint failed: keyword_index.id
2025-07-30 09:51:58,033 - ERROR - DB insert error: UNIQUE constraint failed: keyword_index.id
2025-07-30 09:51:58,033 - ERROR - DB insert error: UNIQUE constraint failed: keyword_index.id
2025-07-30 09:51:58,034 - ERROR - DB insert error: UNIQUE constraint failed: keyword_index.id
2025-07-30 09:51:58,034 - ERROR - DB insert error: UNIQUE constraint failed: keyword_index.id
2025-07-30 09:51:58,034 - ERROR - DB insert error: UNIQUE constraint failed: keyword_index.id
2025-07-30 09:51:58,034 - ERROR - DB insert error: UNIQUE constraint failed: keyword_index.id
2025-07-30 09:51:58,034 - ERROR - DB insert error: UNIQUE constraint failed: keyword_index.id
2025-07-30 09:51:58,034 - ERROR - DB insert error: UNIQUE constraint failed: keyword_index.id
2025-07-30 09:51:58,035 - ERROR - DB insert error: UNIQUE constraint failed: keyword_index.id
2025-07-30 09:51:58,035 - ERROR - DB insert error: UNIQUE constraint failed: keyword_index.id
2025-07-30 09:51:58,035 - ERROR - DB insert error: UNIQUE constraint failed: keyword_index.id
2025-07-30 09:51:58,036 - ERROR - DB insert error: UNIQUE constraint failed: keyword_index.id
2025-07-30 09:51:58,036 - ERROR - DB insert error: UNIQUE constraint failed: keyword_index.id
2025-07-30 09:51:58,036 - ERROR - DB insert error: UNIQUE constraint failed: keyword_index.id
2025-07-30 09:51:58,036 - ERROR - DB insert error: UNIQUE constraint failed: keyword_index.id
2025-07-30 09:51:58,037 - ERROR - DB insert error: UNIQUE constraint failed: keyword_index.id
2025-07-30 09:51:58,037 - ERROR - DB insert error: UNIQUE constraint failed: keyword_index.id
2025-07-30 09:51:58,037 - ERROR - DB insert error: UNIQUE constraint failed: keyword_index.id
2025-07-30 09:51:58,037 - ERROR - DB insert error: UNIQUE constraint failed: keyword_index.id
2025-07-30 09:51:58,038 - ERROR - DB insert error: UNIQUE constraint failed: keyword_index.id
2025-07-30 09:51:58,038 - ERROR - DB insert error: UNIQUE constraint failed: keyword_index.id
2025-07-30 09:51:58,038 - ERROR - DB insert error: UNIQUE constraint failed: keyword_index.id
2025-07-30 09:51:58,038 - ERROR - DB insert error: UNIQUE constraint failed: keyword_index.id
2025-07-30 09:51:58,038 - ERROR - DB insert error: UNIQUE constraint failed: keyword_index.id
2025-07-30 09:51:58,039 - ERROR - DB insert error: UNIQUE constraint failed: keyword_index.id
2025-07-30 09:51:58,039 - ERROR - DB insert error: UNIQUE constraint failed: keyword_index.id
2025-07-30 09:51:58,039 - ERROR - DB insert error: UNIQUE constraint failed: keyword_index.id
2025-07-30 09:51:58,040 - ERROR - DB insert error: UNIQUE constraint failed: keyword_index.id
2025-07-30 09:51:58,040 - ERROR - DB insert error: UNIQUE constraint failed: keyword_index.id
2025-07-30 09:51:58,040 - ERROR - DB insert error: UNIQUE constraint failed: keyword_index.id
2025-07-30 09:51:58,040 - ERROR - DB insert error: UNIQUE constraint failed: keyword_index.id
2025-07-30 09:51:58,040 - ERROR - DB insert error: UNIQUE constraint failed: keyword_index.id
2025-07-30 09:51:58,041 - ERROR - DB insert error: UNIQUE constraint failed: keyword_index.id
2025-07-30 09:51:58,041 - ERROR - DB insert error: UNIQUE constraint failed: keyword_index.id
2025-07-30 09:51:58,041 - ERROR - DB insert error: UNIQUE constraint failed: keyword_index.id
2025-07-30 09:51:58,041 - ERROR - DB insert error: UNIQUE constraint failed: keyword_index.id
2025-07-30 09:51:58,041 - ERROR - DB insert error: UNIQUE constraint failed: keyword_index.id
2025-07-30 09:51:58,042 - ERROR - DB insert error: UNIQUE constraint failed: keyword_index.id
2025-07-30 09:51:58,042 - ERROR - DB insert error: UNIQUE constraint failed: keyword_index.id
2025-07-30 09:51:58,042 - ERROR - DB insert error: UNIQUE constraint failed: keyword_index.id
2025-07-30 09:51:58,042 - ERROR - DB insert error: UNIQUE constraint failed: keyword_index.id
2025-07-30 09:51:58,042 - ERROR - DB insert error: UNIQUE constraint failed: keyword_index.id
2025-07-30 09:51:58,043 - ERROR - DB insert error: UNIQUE constraint failed: keyword_index.id
2025-07-30 09:51:58,043 - ERROR - DB insert error: UNIQUE constraint failed: keyword_index.id
2025-07-30 09:51:58,043 - ERROR - DB insert error: UNIQUE constraint failed: keyword_index.id
2025-07-30 09:51:58,043 - ERROR - DB insert error: UNIQUE constraint failed: keyword_index.id
2025-07-30 09:51:58,044 - ERROR - DB insert error: UNIQUE constraint failed: keyword_index.id
2025-07-30 09:51:58,044 - ERROR - DB insert error: UNIQUE constraint failed: keyword_index.id
2025-07-30 09:51:58,044 - ERROR - DB insert error: UNIQUE constraint failed: keyword_index.id
2025-07-30 09:51:58,045 - ERROR - DB insert error: UNIQUE constraint failed: keyword_index.id
2025-07-30 09:51:58,045 - ERROR - DB insert error: UNIQUE constraint failed: keyword_index.id
2025-07-30 09:51:58,045 - ERROR - DB insert error: UNIQUE constraint failed: keyword_index.id
2025-07-30 09:51:58,045 - ERROR - DB insert error: UNIQUE constraint failed: keyword_index.id
2025-07-30 09:51:58,046 - ERROR - DB insert error: UNIQUE constraint failed: keyword_index.id
2025-07-30 09:51:58,046 - ERROR - DB insert error: UNIQUE constraint failed: keyword_index.id
2025-07-30 09:51:58,046 - ERROR - DB insert error: UNIQUE constraint failed: keyword_index.id
2025-07-30 09:51:58,046 - ERROR - DB insert error: UNIQUE constraint failed: keyword_index.id
2025-07-30 09:51:58,046 - ERROR - DB insert error: UNIQUE constraint failed: keyword_index.id
2025-07-30 09:51:58,047 - ERROR - DB insert error: UNIQUE constraint failed: keyword_index.id
2025-07-30 09:51:58,047 - ERROR - DB insert error: UNIQUE constraint failed: keyword_index.id
2025-07-30 09:51:58,047 - ERROR - DB insert error: UNIQUE constraint failed: keyword_index.id
2025-07-30 09:51:58,048 - ERROR - DB insert error: UNIQUE constraint failed: keyword_index.id
2025-07-30 09:51:58,048 - ERROR - DB insert error: UNIQUE constraint failed: keyword_index.id
2025-07-30 09:51:58,048 - ERROR - DB insert error: UNIQUE constraint failed: keyword_index.id
2025-07-30 09:51:58,049 - ERROR - DB insert error: UNIQUE constraint failed: keyword_index.id
2025-07-30 09:51:58,049 - ERROR - DB insert error: UNIQUE constraint failed: keyword_index.id
2025-07-30 09:51:58,049 - ERROR - DB insert error: UNIQUE constraint failed: keyword_index.id
2025-07-30 09:51:58,049 - ERROR - DB insert error: UNIQUE constraint failed: keyword_index.id
2025-07-30 09:51:58,050 - ERROR - DB insert error: UNIQUE constraint failed: keyword_index.id
2025-07-30 09:51:58,050 - ERROR - DB insert error: UNIQUE constraint failed: keyword_index.id
2025-07-30 09:51:58,050 - ERROR - DB insert error: UNIQUE constraint failed: keyword_index.id
2025-07-30 09:51:58,050 - ERROR - DB insert error: UNIQUE constraint failed: keyword_index.id
2025-07-30 09:51:58,051 - ERROR - DB insert error: UNIQUE constraint failed: keyword_index.id
2025-07-30 09:51:58,051 - ERROR - DB insert error: UNIQUE constraint failed: keyword_index.id
2025-07-30 09:51:58,051 - ERROR - DB insert error: UNIQUE constraint failed: keyword_index.id
2025-07-30 09:51:58,051 - ERROR - DB insert error: UNIQUE constraint failed: keyword_index.id
2025-07-30 09:51:58,052 - ERROR - DB insert error: UNIQUE constraint failed: keyword_index.id
2025-07-30 09:51:58,052 - ERROR - DB insert error: UNIQUE constraint failed: keyword_index.id
2025-07-30 09:51:58,052 - ERROR - DB insert error: UNIQUE constraint failed: keyword_index.id
2025-07-30 09:51:58,052 - ERROR - DB insert error: UNIQUE constraint failed: keyword_index.id
2025-07-30 09:51:58,053 - ERROR - DB insert error: UNIQUE constraint failed: keyword_index.id
2025-07-30 09:51:58,053 - ERROR - DB insert error: UNIQUE constraint failed: keyword_index.id
2025-07-30 09:51:58,053 - ERROR - DB insert error: UNIQUE constraint failed: keyword_index.id
2025-07-30 09:51:58,053 - ERROR - DB insert error: UNIQUE constraint failed: keyword_index.id
2025-07-30 09:51:58,053 - ERROR - DB insert error: UNIQUE constraint failed: keyword_index.id
2025-07-30 09:51:58,054 - ERROR - DB insert error: UNIQUE constraint failed: keyword_index.id
2025-07-30 09:51:58,054 - ERROR - DB insert error: UNIQUE constraint failed: keyword_index.id
2025-07-30 09:51:58,054 - ERROR - DB insert error: UNIQUE constraint failed: keyword_index.id
2025-07-30 09:51:58,054 - ERROR - DB insert error: UNIQUE constraint failed: keyword_index.id
2025-07-30 09:51:58,055 - ERROR - DB insert error: UNIQUE constraint failed: keyword_index.id
2025-07-30 09:51:58,055 - ERROR - DB insert error: UNIQUE constraint failed: keyword_index.id
2025-07-30 09:51:58,055 - ERROR - DB insert error: UNIQUE constraint failed: keyword_index.id
2025-07-30 09:51:58,055 - ERROR - DB insert error: UNIQUE constraint failed: keyword_index.id
2025-07-30 09:51:58,056 - ERROR - DB insert error: UNIQUE constraint failed: keyword_index.id
2025-07-30 09:51:58,056 - ERROR - DB insert error: UNIQUE constraint failed: keyword_index.id
2025-07-30 09:51:58,056 - ERROR - DB insert error: UNIQUE constraint failed: keyword_index.id
2025-07-30 09:51:58,056 - ERROR - DB insert error: UNIQUE constraint failed: keyword_index.id
2025-07-30 09:51:58,057 - ERROR - DB insert error: UNIQUE constraint failed: keyword_index.id
2025-07-30 09:51:58,057 - ERROR - DB insert error: UNIQUE constraint failed: keyword_index.id
2025-07-30 09:51:58,057 - ERROR - DB insert error: UNIQUE constraint failed: keyword_index.id
2025-07-30 09:51:58,057 - ERROR - DB insert error: UNIQUE constraint failed: keyword_index.id
2025-07-30 09:51:58,058 - ERROR - DB insert error: UNIQUE constraint failed: keyword_index.id
2025-07-30 09:51:58,058 - ERROR - DB insert error: UNIQUE constraint failed: keyword_index.id
2025-07-30 09:51:58,058 - ERROR - DB insert error: UNIQUE constraint failed: keyword_index.id
2025-07-30 09:51:58,058 - ERROR - DB insert error: UNIQUE constraint failed: keyword_index.id
2025-07-30 09:51:58,059 - ERROR - DB insert error: UNIQUE constraint failed: keyword_index.id
2025-07-30 09:51:58,059 - ERROR - DB insert error: UNIQUE constraint failed: keyword_index.id
2025-07-30 09:51:58,059 - ERROR - DB insert error: UNIQUE constraint failed: keyword_index.id
2025-07-30 09:51:58,059 - ERROR - DB insert error: UNIQUE constraint failed: keyword_index.id
2025-07-30 09:51:58,060 - ERROR - DB insert error: UNIQUE constraint failed: keyword_index.id
2025-07-30 09:51:58,060 - ERROR - DB insert error: UNIQUE constraint failed: keyword_index.id
2025-07-30 09:51:58,060 - ERROR - DB insert error: UNIQUE constraint failed: keyword_index.id
2025-07-30 09:51:58,060 - ERROR - DB insert error: UNIQUE constraint failed: keyword_index.id
2025-07-30 09:51:58,061 - ERROR - DB insert error: UNIQUE constraint failed: keyword_index.id
2025-07-30 09:51:58,061 - ERROR - DB insert error: UNIQUE constraint failed: keyword_index.id
2025-07-30 09:51:58,061 - ERROR - DB insert error: UNIQUE constraint failed: keyword_index.id
2025-07-30 09:51:58,061 - ERROR - DB insert error: UNIQUE constraint failed: keyword_index.id
2025-07-30 09:51:58,061 - ERROR - DB insert error: UNIQUE constraint failed: keyword_index.id
2025-07-30 09:51:58,062 - ERROR - DB insert error: UNIQUE constraint failed: keyword_index.id
2025-07-30 09:51:58,062 - ERROR - DB insert error: UNIQUE constraint failed: keyword_index.id
2025-07-30 09:51:58,062 - ERROR - DB insert error: UNIQUE constraint failed: keyword_index.id
2025-07-30 09:51:58,063 - ERROR - DB insert error: UNIQUE constraint failed: keyword_index.id
2025-07-30 09:51:58,063 - ERROR - DB insert error: UNIQUE constraint failed: keyword_index.id
2025-07-30 09:51:58,063 - ERROR - DB insert error: UNIQUE constraint failed: keyword_index.id
2025-07-30 09:51:58,063 - ERROR - DB insert error: UNIQUE constraint failed: keyword_index.id
2025-07-30 09:51:58,063 - ERROR - DB insert error: UNIQUE constraint failed: keyword_index.id
2025-07-30 09:51:58,064 - ERROR - DB insert error: UNIQUE constraint failed: keyword_index.id
2025-07-30 09:51:58,064 - ERROR - DB insert error: UNIQUE constraint failed: keyword_index.id
2025-07-30 09:51:58,065 - ERROR - DB insert error: UNIQUE constraint failed: keyword_index.id
2025-07-30 09:51:58,065 - ERROR - DB insert error: UNIQUE constraint failed: keyword_index.id
2025-07-30 09:51:58,065 - ERROR - DB insert error: UNIQUE constraint failed: keyword_index.id
2025-07-30 09:51:58,065 - ERROR - DB insert error: UNIQUE constraint failed: keyword_index.id
2025-07-30 09:51:58,065 - ERROR - DB insert error: UNIQUE constraint failed: keyword_index.id
2025-07-30 09:51:58,066 - ERROR - DB insert error: UNIQUE constraint failed: keyword_index.id
2025-07-30 09:51:58,066 - ERROR - DB insert error: UNIQUE constraint failed: keyword_index.id
2025-07-30 09:51:58,066 - ERROR - DB insert error: UNIQUE constraint failed: keyword_index.id
2025-07-30 09:51:58,066 - ERROR - DB insert error: UNIQUE constraint failed: keyword_index.id
2025-07-30 09:51:58,066 - ERROR - DB insert error: UNIQUE constraint failed: keyword_index.id
2025-07-30 09:51:58,067 - ERROR - DB insert error: UNIQUE constraint failed: keyword_index.id
2025-07-30 09:51:58,067 - ERROR - DB insert error: UNIQUE constraint failed: keyword_index.id
2025-07-30 09:51:58,067 - ERROR - DB insert error: UNIQUE constraint failed: keyword_index.id
2025-07-30 09:51:58,068 - ERROR - DB insert error: UNIQUE constraint failed: keyword_index.id
2025-07-30 09:51:58,068 - ERROR - DB insert error: UNIQUE constraint failed: keyword_index.id
2025-07-30 09:51:58,068 - ERROR - DB insert error: UNIQUE constraint failed: keyword_index.id
2025-07-30 09:51:58,068 - ERROR - DB insert error: UNIQUE constraint failed: keyword_index.id
2025-07-30 09:51:58,068 - ERROR - DB insert error: UNIQUE constraint failed: keyword_index.id
2025-07-30 09:51:58,069 - ERROR - DB insert error: UNIQUE constraint failed: keyword_index.id
2025-07-30 09:51:58,069 - ERROR - DB insert error: UNIQUE constraint failed: keyword_index.id
2025-07-30 09:51:58,069 - ERROR - DB insert error: UNIQUE constraint failed: keyword_index.id
2025-07-30 09:51:58,069 - ERROR - DB insert error: UNIQUE constraint failed: keyword_index.id
2025-07-30 09:51:58,070 - ERROR - DB insert error: UNIQUE constraint failed: keyword_index.id
2025-07-30 09:51:58,070 - ERROR - DB insert error: UNIQUE constraint failed: keyword_index.id
2025-07-30 09:51:58,070 - ERROR - DB insert error: UNIQUE constraint failed: keyword_index.id
2025-07-30 09:51:58,070 - ERROR - DB insert error: UNIQUE constraint failed: keyword_index.id
2025-07-30 09:51:58,070 - ERROR - DB insert error: UNIQUE constraint failed: keyword_index.id
2025-07-30 09:51:58,071 - ERROR - DB insert error: UNIQUE constraint failed: keyword_index.id
2025-07-30 09:51:58,071 - ERROR - DB insert error: UNIQUE constraint failed: keyword_index.id
2025-07-30 09:51:58,072 - ERROR - DB insert error: UNIQUE constraint failed: keyword_index.id
2025-07-30 09:51:58,072 - ERROR - DB insert error: UNIQUE constraint failed: keyword_index.id
2025-07-30 09:51:58,072 - ERROR - DB insert error: UNIQUE constraint failed: keyword_index.id
2025-07-30 09:51:58,072 - ERROR - DB insert error: UNIQUE constraint failed: keyword_index.id
2025-07-30 09:51:58,072 - ERROR - DB insert error: UNIQUE constraint failed: keyword_index.id
2025-07-30 09:51:58,073 - ERROR - DB insert error: UNIQUE constraint failed: keyword_index.id
2025-07-30 09:51:58,073 - ERROR - DB insert error: UNIQUE constraint failed: keyword_index.id
2025-07-30 09:51:58,073 - ERROR - DB insert error: UNIQUE constraint failed: keyword_index.id
2025-07-30 09:51:58,073 - ERROR - DB insert error: UNIQUE constraint failed: keyword_index.id
2025-07-30 09:51:58,074 - ERROR - DB insert error: UNIQUE constraint failed: keyword_index.id
2025-07-30 09:51:58,074 - ERROR - DB insert error: UNIQUE constraint failed: keyword_index.id
2025-07-30 09:51:58,074 - ERROR - DB insert error: UNIQUE constraint failed: keyword_index.id
2025-07-30 09:51:58,075 - ERROR - DB insert error: UNIQUE constraint failed: keyword_index.id
2025-07-30 09:51:58,075 - ERROR - DB insert error: UNIQUE constraint failed: keyword_index.id
2025-07-30 09:51:58,075 - ERROR - DB insert error: UNIQUE constraint failed: keyword_index.id
2025-07-30 09:51:58,076 - ERROR - DB insert error: UNIQUE constraint failed: keyword_index.id
2025-07-30 09:51:58,076 - ERROR - DB insert error: UNIQUE constraint failed: keyword_index.id
2025-07-30 09:51:58,076 - ERROR - DB insert error: UNIQUE constraint failed: keyword_index.id
2025-07-30 09:51:58,076 - ERROR - DB insert error: UNIQUE constraint failed: keyword_index.id
2025-07-30 09:51:58,077 - ERROR - DB insert error: UNIQUE constraint failed: keyword_index.id
2025-07-30 09:51:58,077 - ERROR - DB insert error: UNIQUE constraint failed: keyword_index.id
2025-07-30 09:51:58,077 - ERROR - DB insert error: UNIQUE constraint failed: keyword_index.id
2025-07-30 09:51:58,078 - ERROR - DB insert error: UNIQUE constraint failed: keyword_index.id
2025-07-30 09:51:58,078 - ERROR - DB insert error: UNIQUE constraint failed: keyword_index.id
2025-07-30 09:51:58,078 - ERROR - DB insert error: UNIQUE constraint failed: keyword_index.id
2025-07-30 09:51:58,078 - ERROR - DB insert error: UNIQUE constraint failed: keyword_index.id
2025-07-30 09:51:58,078 - ERROR - DB insert error: UNIQUE constraint failed: keyword_index.id
2025-07-30 09:51:58,079 - ERROR - DB insert error: UNIQUE constraint failed: keyword_index.id
2025-07-30 09:51:58,079 - ERROR - DB insert error: UNIQUE constraint failed: keyword_index.id
2025-07-30 09:51:58,079 - ERROR - DB insert error: UNIQUE constraint failed: keyword_index.id
2025-07-30 09:51:58,079 - ERROR - DB insert error: UNIQUE constraint failed: keyword_index.id
2025-07-30 09:51:58,080 - ERROR - DB insert error: UNIQUE constraint failed: keyword_index.id
2025-07-30 09:51:58,080 - ERROR - DB insert error: UNIQUE constraint failed: keyword_index.id
2025-07-30 09:51:58,080 - ERROR - DB insert error: UNIQUE constraint failed: keyword_index.id
2025-07-30 09:51:58,080 - ERROR - DB insert error: UNIQUE constraint failed: keyword_index.id
2025-07-30 09:51:58,081 - ERROR - DB insert error: UNIQUE constraint failed: keyword_index.id
2025-07-30 09:51:58,081 - ERROR - DB insert error: UNIQUE constraint failed: keyword_index.id
2025-07-30 09:51:58,081 - ERROR - DB insert error: UNIQUE constraint failed: keyword_index.id
2025-07-30 09:51:58,081 - ERROR - DB insert error: UNIQUE constraint failed: keyword_index.id
2025-07-30 09:51:58,081 - ERROR - DB insert error: UNIQUE constraint failed: keyword_index.id
2025-07-30 09:51:58,082 - ERROR - DB insert error: UNIQUE constraint failed: keyword_index.id
2025-07-30 09:51:58,082 - ERROR - DB insert error: UNIQUE constraint failed: keyword_index.id
2025-07-30 09:51:58,082 - ERROR - DB insert error: UNIQUE constraint failed: keyword_index.id
2025-07-30 09:51:58,082 - ERROR - DB insert error: UNIQUE constraint failed: keyword_index.id
2025-07-30 09:51:58,082 - ERROR - DB insert error: UNIQUE constraint failed: keyword_index.id
2025-07-30 09:51:58,083 - ERROR - DB insert error: UNIQUE constraint failed: keyword_index.id
2025-07-30 09:51:58,083 - ERROR - DB insert error: UNIQUE constraint failed: keyword_index.id
2025-07-30 09:51:58,083 - ERROR - DB insert error: UNIQUE constraint failed: keyword_index.id
2025-07-30 09:51:58,083 - ERROR - DB insert error: UNIQUE constraint failed: keyword_index.id
2025-07-30 09:51:58,084 - ERROR - DB insert error: UNIQUE constraint failed: keyword_index.id
2025-07-30 09:51:58,084 - ERROR - DB insert error: UNIQUE constraint failed: keyword_index.id
2025-07-30 09:51:58,084 - ERROR - DB insert error: UNIQUE constraint failed: keyword_index.id
2025-07-30 09:51:58,084 - ERROR - DB insert error: UNIQUE constraint failed: keyword_index.id
2025-07-30 09:51:58,085 - ERROR - DB insert error: UNIQUE constraint failed: keyword_index.id
2025-07-30 09:51:58,085 - ERROR - DB insert error: UNIQUE constraint failed: keyword_index.id
2025-07-30 09:51:58,085 - ERROR - DB insert error: UNIQUE constraint failed: keyword_index.id
2025-07-30 09:51:58,085 - ERROR - DB insert error: UNIQUE constraint failed: keyword_index.id
2025-07-30 09:51:58,085 - ERROR - DB insert error: UNIQUE constraint failed: keyword_index.id
2025-07-30 09:51:58,086 - ERROR - DB insert error: UNIQUE constraint failed: keyword_index.id
2025-07-30 09:51:58,086 - ERROR - DB insert error: UNIQUE constraint failed: keyword_index.id
2025-07-30 09:51:58,086 - ERROR - DB insert error: UNIQUE constraint failed: keyword_index.id
2025-07-30 09:51:58,086 - ERROR - DB insert error: UNIQUE constraint failed: keyword_index.id
2025-07-30 09:51:58,087 - ERROR - DB insert error: UNIQUE constraint failed: keyword_index.id
2025-07-30 09:51:58,087 - ERROR - DB insert error: UNIQUE constraint failed: keyword_index.id
2025-07-30 09:51:58,087 - ERROR - DB insert error: UNIQUE constraint failed: keyword_index.id
2025-07-30 09:51:58,088 - ERROR - DB insert error: UNIQUE constraint failed: keyword_index.id
2025-07-30 09:51:58,088 - ERROR - DB insert error: UNIQUE constraint failed: keyword_index.id
2025-07-30 09:51:58,088 - ERROR - DB insert error: UNIQUE constraint failed: keyword_index.id
2025-07-30 09:51:58,088 - ERROR - DB insert error: UNIQUE constraint failed: keyword_index.id
2025-07-30 09:51:58,089 - ERROR - DB insert error: UNIQUE constraint failed: keyword_index.id
2025-07-30 09:51:58,089 - ERROR - DB insert error: UNIQUE constraint failed: keyword_index.id
2025-07-30 09:51:58,089 - ERROR - DB insert error: UNIQUE constraint failed: keyword_index.id
2025-07-30 09:51:58,089 - ERROR - DB insert error: UNIQUE constraint failed: keyword_index.id
2025-07-30 09:51:58,090 - ERROR - DB insert error: UNIQUE constraint failed: keyword_index.id
2025-07-30 09:51:58,090 - ERROR - DB insert error: UNIQUE constraint failed: keyword_index.id
2025-07-30 09:51:58,090 - ERROR - DB insert error: UNIQUE constraint failed: keyword_index.id
2025-07-30 09:51:58,090 - ERROR - DB insert error: UNIQUE constraint failed: keyword_index.id
2025-07-30 09:51:58,091 - ERROR - DB insert error: UNIQUE constraint failed: keyword_index.id
2025-07-30 09:51:58,091 - ERROR - DB insert error: UNIQUE constraint failed: keyword_index.id
2025-07-30 09:51:58,091 - ERROR - DB insert error: UNIQUE constraint failed: keyword_index.id
2025-07-30 09:51:58,091 - ERROR - DB insert error: UNIQUE constraint failed: keyword_index.id
2025-07-30 09:51:58,091 - ERROR - DB insert error: UNIQUE constraint failed: keyword_index.id
2025-07-30 09:51:58,092 - ERROR - DB insert error: UNIQUE constraint failed: keyword_index.id
2025-07-30 09:51:58,092 - ERROR - DB insert error: UNIQUE constraint failed: keyword_index.id
2025-07-30 09:51:58,092 - ERROR - DB insert error: UNIQUE constraint failed: keyword_index.id
2025-07-30 09:51:58,092 - ERROR - DB insert error: UNIQUE constraint failed: keyword_index.id
2025-07-30 09:51:58,092 - ERROR - DB insert error: UNIQUE constraint failed: keyword_index.id
2025-07-30 09:51:58,093 - ERROR - DB insert error: UNIQUE constraint failed: keyword_index.id
2025-07-30 09:51:58,093 - ERROR - DB insert error: UNIQUE constraint failed: keyword_index.id
2025-07-30 09:51:58,093 - ERROR - DB insert error: UNIQUE constraint failed: keyword_index.id
2025-07-30 09:51:58,094 - ERROR - DB insert error: UNIQUE constraint failed: keyword_index.id
2025-07-30 09:51:58,094 - ERROR - DB insert error: UNIQUE constraint failed: keyword_index.id
2025-07-30 09:51:58,094 - ERROR - DB insert error: UNIQUE constraint failed: keyword_index.id
2025-07-30 09:51:58,094 - ERROR - DB insert error: UNIQUE constraint failed: keyword_index.id
2025-07-30 09:51:58,095 - ERROR - DB insert error: UNIQUE constraint failed: keyword_index.id
2025-07-30 09:51:58,095 - ERROR - DB insert error: UNIQUE constraint failed: keyword_index.id
2025-07-30 09:51:58,095 - ERROR - DB insert error: UNIQUE constraint failed: keyword_index.id
2025-07-30 09:51:58,095 - ERROR - DB insert error: UNIQUE constraint failed: keyword_index.id
2025-07-30 09:51:58,096 - ERROR - DB insert error: UNIQUE constraint failed: keyword_index.id
2025-07-30 09:51:58,096 - ERROR - DB insert error: UNIQUE constraint failed: keyword_index.id
2025-07-30 09:51:58,096 - ERROR - DB insert error: UNIQUE constraint failed: keyword_index.id
2025-07-30 09:51:58,096 - ERROR - DB insert error: UNIQUE constraint failed: keyword_index.id
2025-07-30 09:51:58,097 - ERROR - DB insert error: UNIQUE constraint failed: keyword_index.id
2025-07-30 09:51:58,097 - ERROR - DB insert error: UNIQUE constraint failed: keyword_index.id
2025-07-30 09:51:58,097 - ERROR - DB insert error: UNIQUE constraint failed: keyword_index.id
2025-07-30 09:51:58,098 - ERROR - DB insert error: UNIQUE constraint failed: keyword_index.id
2025-07-30 09:51:58,098 - ERROR - DB insert error: UNIQUE constraint failed: keyword_index.id
2025-07-30 09:51:58,098 - ERROR - DB insert error: UNIQUE constraint failed: keyword_index.id
2025-07-30 09:51:58,099 - ERROR - DB insert error: UNIQUE constraint failed: keyword_index.id
2025-07-30 09:51:58,099 - ERROR - DB insert error: UNIQUE constraint failed: keyword_index.id
2025-07-30 09:51:58,099 - ERROR - DB insert error: UNIQUE constraint failed: keyword_index.id
2025-07-30 09:51:58,099 - ERROR - DB insert error: UNIQUE constraint failed: keyword_index.id
2025-07-30 09:51:58,100 - ERROR - DB insert error: UNIQUE constraint failed: keyword_index.id
2025-07-30 09:51:58,100 - ERROR - DB insert error: UNIQUE constraint failed: keyword_index.id
2025-07-30 09:51:58,100 - ERROR - DB insert error: UNIQUE constraint failed: keyword_index.id
2025-07-30 09:51:58,100 - ERROR - DB insert error: UNIQUE constraint failed: keyword_index.id
2025-07-30 09:51:58,100 - ERROR - DB insert error: UNIQUE constraint failed: keyword_index.id
2025-07-30 09:51:58,101 - ERROR - DB insert error: UNIQUE constraint failed: keyword_index.id
2025-07-30 09:51:58,101 - ERROR - DB insert error: UNIQUE constraint failed: keyword_index.id
2025-07-30 09:51:58,101 - ERROR - DB insert error: UNIQUE constraint failed: keyword_index.id
2025-07-30 09:51:58,102 - ERROR - DB insert error: UNIQUE constraint failed: keyword_index.id
2025-07-30 09:51:58,102 - ERROR - DB insert error: UNIQUE constraint failed: keyword_index.id
2025-07-30 09:51:58,102 - ERROR - DB insert error: UNIQUE constraint failed: keyword_index.id
2025-07-30 09:51:58,102 - ERROR - DB insert error: UNIQUE constraint failed: keyword_index.id
2025-07-30 09:51:58,103 - ERROR - DB insert error: UNIQUE constraint failed: keyword_index.id
2025-07-30 09:51:58,103 - ERROR - DB insert error: UNIQUE constraint failed: keyword_index.id
2025-07-30 09:51:58,103 - ERROR - DB insert error: UNIQUE constraint failed: keyword_index.id
2025-07-30 09:51:58,104 - ERROR - DB insert error: UNIQUE constraint failed: keyword_index.id
2025-07-30 09:51:58,104 - ERROR - DB insert error: UNIQUE constraint failed: keyword_index.id
2025-07-30 09:51:58,104 - ERROR - DB insert error: UNIQUE constraint failed: keyword_index.id
2025-07-30 09:51:58,105 - ERROR - DB insert error: UNIQUE constraint failed: keyword_index.id
2025-07-30 09:51:58,105 - ERROR - DB insert error: UNIQUE constraint failed: keyword_index.id
2025-07-30 09:51:58,105 - ERROR - DB insert error: UNIQUE constraint failed: keyword_index.id
2025-07-30 09:51:58,106 - ERROR - DB insert error: UNIQUE constraint failed: keyword_index.id
2025-07-30 09:51:58,106 - ERROR - DB insert error: UNIQUE constraint failed: keyword_index.id
2025-07-30 09:51:58,106 - ERROR - DB insert error: UNIQUE constraint failed: keyword_index.id
2025-07-30 09:51:58,106 - ERROR - DB insert error: UNIQUE constraint failed: keyword_index.id
2025-07-30 09:51:58,106 - ERROR - DB insert error: UNIQUE constraint failed: keyword_index.id
2025-07-30 09:51:58,107 - ERROR - DB insert error: UNIQUE constraint failed: keyword_index.id
2025-07-30 09:51:58,107 - ERROR - DB insert error: UNIQUE constraint failed: keyword_index.id
2025-07-30 09:51:58,107 - ERROR - DB insert error: UNIQUE constraint failed: keyword_index.id
2025-07-30 09:51:58,107 - ERROR - DB insert error: UNIQUE constraint failed: keyword_index.id
2025-07-30 09:51:58,108 - ERROR - DB insert error: UNIQUE constraint failed: keyword_index.id
2025-07-30 09:51:58,108 - ERROR - DB insert error: UNIQUE constraint failed: keyword_index.id
2025-07-30 09:51:58,109 - ERROR - DB insert error: UNIQUE constraint failed: keyword_index.id
2025-07-30 09:51:58,109 - ERROR - DB insert error: UNIQUE constraint failed: keyword_index.id
2025-07-30 09:51:58,109 - ERROR - DB insert error: UNIQUE constraint failed: keyword_index.id
2025-07-30 09:51:58,110 - ERROR - DB insert error: UNIQUE constraint failed: keyword_index.id
2025-07-30 09:51:58,110 - ERROR - DB insert error: UNIQUE constraint failed: keyword_index.id
2025-07-30 09:51:58,110 - ERROR - DB insert error: UNIQUE constraint failed: keyword_index.id
2025-07-30 09:51:58,110 - ERROR - DB insert error: UNIQUE constraint failed: keyword_index.id
2025-07-30 09:51:58,111 - ERROR - DB insert error: UNIQUE constraint failed: keyword_index.id
2025-07-30 09:51:58,111 - ERROR - DB insert error: UNIQUE constraint failed: keyword_index.id
2025-07-30 09:51:58,111 - ERROR - DB insert error: UNIQUE constraint failed: keyword_index.id
2025-07-30 09:51:58,112 - ERROR - DB insert error: UNIQUE constraint failed: keyword_index.id
2025-07-30 09:51:58,112 - ERROR - DB insert error: UNIQUE constraint failed: keyword_index.id
2025-07-30 09:51:58,112 - ERROR - DB insert error: UNIQUE constraint failed: keyword_index.id
2025-07-30 09:51:58,112 - ERROR - DB insert error: UNIQUE constraint failed: keyword_index.id
2025-07-30 09:51:58,113 - ERROR - DB insert error: UNIQUE constraint failed: keyword_index.id
2025-07-30 09:51:58,113 - ERROR - DB insert error: UNIQUE constraint failed: keyword_index.id
2025-07-30 09:51:58,113 - ERROR - DB insert error: UNIQUE constraint failed: keyword_index.id
2025-07-30 09:51:58,113 - ERROR - DB insert error: UNIQUE constraint failed: keyword_index.id
2025-07-30 09:51:58,114 - ERROR - DB insert error: UNIQUE constraint failed: keyword_index.id
2025-07-30 09:51:58,114 - ERROR - DB insert error: UNIQUE constraint failed: keyword_index.id
2025-07-30 09:51:58,114 - ERROR - DB insert error: UNIQUE constraint failed: keyword_index.id
2025-07-30 09:51:58,114 - ERROR - DB insert error: UNIQUE constraint failed: keyword_index.id
2025-07-30 09:51:58,115 - ERROR - DB insert error: UNIQUE constraint failed: keyword_index.id
2025-07-30 09:51:58,115 - ERROR - DB insert error: UNIQUE constraint failed: keyword_index.id
2025-07-30 09:51:58,115 - ERROR - DB insert error: UNIQUE constraint failed: keyword_index.id
2025-07-30 09:51:58,115 - ERROR - DB insert error: UNIQUE constraint failed: keyword_index.id
2025-07-30 09:51:58,115 - ERROR - DB insert error: UNIQUE constraint failed: keyword_index.id
2025-07-30 09:51:58,116 - ERROR - DB insert error: UNIQUE constraint failed: keyword_index.id
2025-07-30 09:51:58,116 - ERROR - DB insert error: UNIQUE constraint failed: keyword_index.id
2025-07-30 09:51:58,116 - ERROR - DB insert error: UNIQUE constraint failed: keyword_index.id
2025-07-30 09:51:58,116 - ERROR - DB insert error: UNIQUE constraint failed: keyword_index.id
2025-07-30 09:51:58,117 - ERROR - DB insert error: UNIQUE constraint failed: keyword_index.id
2025-07-30 09:51:58,117 - ERROR - DB insert error: UNIQUE constraint failed: keyword_index.id
2025-07-30 09:51:58,117 - ERROR - DB insert error: UNIQUE constraint failed: keyword_index.id
2025-07-30 09:51:58,117 - ERROR - DB insert error: UNIQUE constraint failed: keyword_index.id
2025-07-30 09:51:58,118 - ERROR - DB insert error: UNIQUE constraint failed: keyword_index.id
2025-07-30 09:51:58,118 - ERROR - DB insert error: UNIQUE constraint failed: keyword_index.id
2025-07-30 09:51:58,118 - ERROR - DB insert error: UNIQUE constraint failed: keyword_index.id
2025-07-30 09:51:58,119 - ERROR - DB insert error: UNIQUE constraint failed: keyword_index.id
2025-07-30 09:51:58,119 - ERROR - DB insert error: UNIQUE constraint failed: keyword_index.id
2025-07-30 09:51:58,119 - ERROR - DB insert error: UNIQUE constraint failed: keyword_index.id
2025-07-30 09:51:58,119 - ERROR - DB insert error: UNIQUE constraint failed: keyword_index.id
2025-07-30 09:51:58,120 - ERROR - DB insert error: UNIQUE constraint failed: keyword_index.id
2025-07-30 09:51:58,120 - ERROR - DB insert error: UNIQUE constraint failed: keyword_index.id
2025-07-30 09:51:58,120 - ERROR - DB insert error: UNIQUE constraint failed: keyword_index.id
2025-07-30 09:51:58,120 - ERROR - DB insert error: UNIQUE constraint failed: keyword_index.id
2025-07-30 09:51:58,121 - ERROR - DB insert error: UNIQUE constraint failed: keyword_index.id
2025-07-30 09:51:58,121 - ERROR - DB insert error: UNIQUE constraint failed: keyword_index.id
2025-07-30 09:51:58,121 - ERROR - DB insert error: UNIQUE constraint failed: keyword_index.id
2025-07-30 09:51:58,121 - ERROR - DB insert error: UNIQUE constraint failed: keyword_index.id
2025-07-30 09:51:58,121 - ERROR - DB insert error: UNIQUE constraint failed: keyword_index.id
2025-07-30 09:51:58,122 - ERROR - DB insert error: UNIQUE constraint failed: keyword_index.id
2025-07-30 09:51:58,122 - ERROR - DB insert error: UNIQUE constraint failed: keyword_index.id
2025-07-30 09:51:58,123 - ERROR - DB insert error: UNIQUE constraint failed: keyword_index.id
2025-07-30 09:51:58,123 - ERROR - DB insert error: UNIQUE constraint failed: keyword_index.id
2025-07-30 09:51:58,123 - ERROR - DB insert error: UNIQUE constraint failed: keyword_index.id
2025-07-30 09:51:58,124 - ERROR - DB insert error: UNIQUE constraint failed: keyword_index.id
2025-07-30 09:51:58,124 - ERROR - DB insert error: UNIQUE constraint failed: keyword_index.id
2025-07-30 09:51:58,124 - ERROR - DB insert error: UNIQUE constraint failed: keyword_index.id
2025-07-30 09:51:58,124 - ERROR - DB insert error: UNIQUE constraint failed: keyword_index.id
2025-07-30 09:51:58,125 - ERROR - DB insert error: UNIQUE constraint failed: keyword_index.id
2025-07-30 09:51:58,125 - ERROR - DB insert error: UNIQUE constraint failed: keyword_index.id
2025-07-30 09:51:58,125 - ERROR - DB insert error: UNIQUE constraint failed: keyword_index.id
2025-07-30 09:51:58,126 - ERROR - DB insert error: UNIQUE constraint failed: keyword_index.id
2025-07-30 09:51:58,126 - ERROR - DB insert error: UNIQUE constraint failed: keyword_index.id
2025-07-30 09:51:58,126 - ERROR - DB insert error: UNIQUE constraint failed: keyword_index.id
2025-07-30 09:51:58,126 - ERROR - DB insert error: UNIQUE constraint failed: keyword_index.id
2025-07-30 09:51:58,127 - ERROR - DB insert error: UNIQUE constraint failed: keyword_index.id
2025-07-30 09:51:58,127 - ERROR - DB insert error: UNIQUE constraint failed: keyword_index.id
2025-07-30 09:51:58,127 - ERROR - DB insert error: UNIQUE constraint failed: keyword_index.id
2025-07-30 09:51:58,127 - ERROR - DB insert error: UNIQUE constraint failed: keyword_index.id
2025-07-30 09:51:58,128 - ERROR - DB insert error: UNIQUE constraint failed: keyword_index.id
2025-07-30 09:51:58,128 - ERROR - DB insert error: UNIQUE constraint failed: keyword_index.id
2025-07-30 09:51:58,128 - ERROR - DB insert error: UNIQUE constraint failed: keyword_index.id
2025-07-30 09:51:58,128 - ERROR - DB insert error: UNIQUE constraint failed: keyword_index.id
2025-07-30 09:51:58,128 - ERROR - DB insert error: UNIQUE constraint failed: keyword_index.id
2025-07-30 09:51:58,129 - ERROR - DB insert error: UNIQUE constraint failed: keyword_index.id
2025-07-30 09:51:58,129 - ERROR - DB insert error: UNIQUE constraint failed: keyword_index.id
2025-07-30 09:51:58,129 - ERROR - DB insert error: UNIQUE constraint failed: keyword_index.id
2025-07-30 09:51:58,129 - ERROR - DB insert error: UNIQUE constraint failed: keyword_index.id
2025-07-30 09:51:58,130 - ERROR - DB insert error: UNIQUE constraint failed: keyword_index.id
2025-07-30 09:51:58,130 - ERROR - DB insert error: UNIQUE constraint failed: keyword_index.id
2025-07-30 09:51:58,130 - ERROR - DB insert error: UNIQUE constraint failed: keyword_index.id
2025-07-30 09:51:58,131 - ERROR - DB insert error: UNIQUE constraint failed: keyword_index.id
2025-07-30 09:51:58,131 - ERROR - DB insert error: UNIQUE constraint failed: keyword_index.id
2025-07-30 09:51:58,131 - ERROR - DB insert error: UNIQUE constraint failed: keyword_index.id
2025-07-30 09:51:58,132 - ERROR - DB insert error: UNIQUE constraint failed: keyword_index.id
2025-07-30 09:51:58,132 - ERROR - DB insert error: UNIQUE constraint failed: keyword_index.id
2025-07-30 09:51:58,132 - ERROR - DB insert error: UNIQUE constraint failed: keyword_index.id
2025-07-30 09:51:58,132 - ERROR - DB insert error: UNIQUE constraint failed: keyword_index.id
2025-07-30 09:51:58,133 - ERROR - DB insert error: UNIQUE constraint failed: keyword_index.id
2025-07-30 09:51:58,133 - ERROR - DB insert error: UNIQUE constraint failed: keyword_index.id
2025-07-30 09:51:58,133 - ERROR - DB insert error: UNIQUE constraint failed: keyword_index.id
2025-07-30 09:51:58,133 - ERROR - DB insert error: UNIQUE constraint failed: keyword_index.id
2025-07-30 09:51:58,133 - ERROR - DB insert error: UNIQUE constraint failed: keyword_index.id
2025-07-30 09:51:58,134 - ERROR - DB insert error: UNIQUE constraint failed: keyword_index.id
2025-07-30 09:51:58,134 - ERROR - DB insert error: UNIQUE constraint failed: keyword_index.id
2025-07-30 09:51:58,134 - ERROR - DB insert error: UNIQUE constraint failed: keyword_index.id
2025-07-30 09:51:58,134 - ERROR - DB insert error: UNIQUE constraint failed: keyword_index.id
2025-07-30 09:51:58,134 - ERROR - DB insert error: UNIQUE constraint failed: keyword_index.id
2025-07-30 09:51:58,135 - ERROR - DB insert error: UNIQUE constraint failed: keyword_index.id
2025-07-30 09:51:58,135 - ERROR - DB insert error: UNIQUE constraint failed: keyword_index.id
2025-07-30 09:51:58,135 - ERROR - DB insert error: UNIQUE constraint failed: keyword_index.id
2025-07-30 09:51:58,135 - ERROR - DB insert error: UNIQUE constraint failed: keyword_index.id
2025-07-30 09:51:58,136 - ERROR - DB insert error: UNIQUE constraint failed: keyword_index.id
2025-07-30 09:51:58,136 - ERROR - DB insert error: UNIQUE constraint failed: keyword_index.id
2025-07-30 09:51:58,136 - ERROR - DB insert error: UNIQUE constraint failed: keyword_index.id
2025-07-30 09:51:58,136 - ERROR - DB insert error: UNIQUE constraint failed: keyword_index.id
2025-07-30 09:51:58,137 - ERROR - DB insert error: UNIQUE constraint failed: keyword_index.id
2025-07-30 09:51:58,137 - ERROR - DB insert error: UNIQUE constraint failed: keyword_index.id
2025-07-30 09:51:58,137 - ERROR - DB insert error: UNIQUE constraint failed: keyword_index.id
2025-07-30 09:51:58,137 - ERROR - DB insert error: UNIQUE constraint failed: keyword_index.id
2025-07-30 09:51:58,138 - ERROR - DB insert error: UNIQUE constraint failed: keyword_index.id
2025-07-30 09:51:58,138 - ERROR - DB insert error: UNIQUE constraint failed: keyword_index.id
2025-07-30 09:51:58,138 - ERROR - DB insert error: UNIQUE constraint failed: keyword_index.id
2025-07-30 09:51:58,139 - ERROR - DB insert error: UNIQUE constraint failed: keyword_index.id
2025-07-30 09:51:58,139 - ERROR - DB insert error: UNIQUE constraint failed: keyword_index.id
2025-07-30 09:51:58,139 - ERROR - DB insert error: UNIQUE constraint failed: keyword_index.id
2025-07-30 09:51:58,139 - ERROR - DB insert error: UNIQUE constraint failed: keyword_index.id
2025-07-30 09:51:58,139 - ERROR - DB insert error: UNIQUE constraint failed: keyword_index.id
2025-07-30 09:51:58,140 - ERROR - DB insert error: UNIQUE constraint failed: keyword_index.id
2025-07-30 09:51:58,140 - ERROR - DB insert error: UNIQUE constraint failed: keyword_index.id
2025-07-30 09:51:58,140 - ERROR - DB insert error: UNIQUE constraint failed: keyword_index.id
2025-07-30 09:51:58,140 - ERROR - DB insert error: UNIQUE constraint failed: keyword_index.id
2025-07-30 09:51:58,140 - ERROR - DB insert error: UNIQUE constraint failed: keyword_index.id
2025-07-30 09:51:58,141 - ERROR - DB insert error: UNIQUE constraint failed: keyword_index.id
2025-07-30 09:51:58,141 - ERROR - DB insert error: UNIQUE constraint failed: keyword_index.id
2025-07-30 09:51:58,141 - ERROR - DB insert error: UNIQUE constraint failed: keyword_index.id
2025-07-30 09:51:58,141 - ERROR - DB insert error: UNIQUE constraint failed: keyword_index.id
2025-07-30 09:51:58,142 - ERROR - DB insert error: UNIQUE constraint failed: keyword_index.id
2025-07-30 09:51:58,142 - ERROR - DB insert error: UNIQUE constraint failed: keyword_index.id
2025-07-30 09:51:58,142 - ERROR - DB insert error: UNIQUE constraint failed: keyword_index.id
2025-07-30 09:51:58,142 - ERROR - DB insert error: UNIQUE constraint failed: keyword_index.id
2025-07-30 09:51:58,143 - ERROR - DB insert error: UNIQUE constraint failed: keyword_index.id
2025-07-30 09:51:58,143 - ERROR - DB insert error: UNIQUE constraint failed: keyword_index.id
2025-07-30 09:51:58,143 - ERROR - DB insert error: UNIQUE constraint failed: keyword_index.id
2025-07-30 09:51:58,143 - ERROR - DB insert error: UNIQUE constraint failed: keyword_index.id
2025-07-30 09:51:58,144 - ERROR - DB insert error: UNIQUE constraint failed: keyword_index.id
2025-07-30 09:51:58,144 - ERROR - DB insert error: UNIQUE constraint failed: keyword_index.id
2025-07-30 09:51:58,144 - ERROR - DB insert error: UNIQUE constraint failed: keyword_index.id
2025-07-30 09:51:58,144 - ERROR - DB insert error: UNIQUE constraint failed: keyword_index.id
2025-07-30 09:51:58,145 - ERROR - DB insert error: UNIQUE constraint failed: keyword_index.id
2025-07-30 09:51:58,145 - ERROR - DB insert error: UNIQUE constraint failed: keyword_index.id
2025-07-30 09:51:58,146 - ERROR - DB insert error: UNIQUE constraint failed: keyword_index.id
2025-07-30 09:51:58,146 - ERROR - DB insert error: UNIQUE constraint failed: keyword_index.id
2025-07-30 09:51:58,146 - ERROR - DB insert error: UNIQUE constraint failed: keyword_index.id
2025-07-30 09:51:58,146 - ERROR - DB insert error: UNIQUE constraint failed: keyword_index.id
2025-07-30 09:51:58,147 - ERROR - DB insert error: UNIQUE constraint failed: keyword_index.id
2025-07-30 09:51:58,147 - ERROR - DB insert error: UNIQUE constraint failed: keyword_index.id
2025-07-30 09:51:58,148 - ERROR - DB insert error: UNIQUE constraint failed: keyword_index.id
2025-07-30 09:51:58,148 - ERROR - DB insert error: UNIQUE constraint failed: keyword_index.id
2025-07-30 09:51:58,148 - ERROR - DB insert error: UNIQUE constraint failed: keyword_index.id
2025-07-30 09:51:58,148 - ERROR - DB insert error: UNIQUE constraint failed: keyword_index.id
2025-07-30 09:51:58,149 - ERROR - DB insert error: UNIQUE constraint failed: keyword_index.id
2025-07-30 09:51:58,149 - ERROR - DB insert error: UNIQUE constraint failed: keyword_index.id
2025-07-30 09:51:58,149 - ERROR - DB insert error: UNIQUE constraint failed: keyword_index.id
2025-07-30 09:51:58,149 - ERROR - DB insert error: UNIQUE constraint failed: keyword_index.id
2025-07-30 09:51:58,150 - ERROR - DB insert error: UNIQUE constraint failed: keyword_index.id
2025-07-30 09:51:58,150 - ERROR - DB insert error: UNIQUE constraint failed: keyword_index.id
2025-07-30 09:51:58,150 - ERROR - DB insert error: UNIQUE constraint failed: keyword_index.id
2025-07-30 09:51:58,150 - ERROR - DB insert error: UNIQUE constraint failed: keyword_index.id
2025-07-30 09:51:58,151 - ERROR - DB insert error: UNIQUE constraint failed: keyword_index.id
2025-07-30 09:51:58,151 - ERROR - DB insert error: UNIQUE constraint failed: keyword_index.id
2025-07-30 09:51:58,151 - ERROR - DB insert error: UNIQUE constraint failed: keyword_index.id
2025-07-30 09:51:58,151 - ERROR - DB insert error: UNIQUE constraint failed: keyword_index.id
2025-07-30 09:51:58,151 - ERROR - DB insert error: UNIQUE constraint failed: keyword_index.id
2025-07-30 09:51:58,152 - ERROR - DB insert error: UNIQUE constraint failed: keyword_index.id
2025-07-30 09:51:58,152 - ERROR - DB insert error: UNIQUE constraint failed: keyword_index.id
2025-07-30 09:51:58,152 - ERROR - DB insert error: UNIQUE constraint failed: keyword_index.id
2025-07-30 09:51:58,153 - ERROR - DB insert error: UNIQUE constraint failed: keyword_index.id
2025-07-30 09:51:58,153 - ERROR - DB insert error: UNIQUE constraint failed: keyword_index.id
2025-07-30 09:51:58,153 - ERROR - DB insert error: UNIQUE constraint failed: keyword_index.id
2025-07-30 09:51:58,153 - ERROR - DB insert error: UNIQUE constraint failed: keyword_index.id
2025-07-30 09:51:58,154 - ERROR - DB insert error: UNIQUE constraint failed: keyword_index.id
2025-07-30 09:51:58,154 - ERROR - DB insert error: UNIQUE constraint failed: keyword_index.id
2025-07-30 09:51:58,154 - ERROR - DB insert error: UNIQUE constraint failed: keyword_index.id
2025-07-30 09:51:58,154 - ERROR - DB insert error: UNIQUE constraint failed: keyword_index.id
2025-07-30 09:51:58,154 - ERROR - DB insert error: UNIQUE constraint failed: keyword_index.id
2025-07-30 09:51:58,155 - ERROR - DB insert error: UNIQUE constraint failed: keyword_index.id
2025-07-30 09:51:58,155 - ERROR - DB insert error: UNIQUE constraint failed: keyword_index.id
2025-07-30 09:51:58,155 - ERROR - DB insert error: UNIQUE constraint failed: keyword_index.id
2025-07-30 09:51:58,156 - ERROR - DB insert error: UNIQUE constraint failed: keyword_index.id
2025-07-30 09:51:58,156 - ERROR - DB insert error: UNIQUE constraint failed: keyword_index.id
2025-07-30 09:51:58,156 - ERROR - DB insert error: UNIQUE constraint failed: keyword_index.id
2025-07-30 09:51:58,156 - ERROR - DB insert error: UNIQUE constraint failed: keyword_index.id
2025-07-30 09:51:58,157 - ERROR - DB insert error: UNIQUE constraint failed: keyword_index.id
2025-07-30 09:51:58,157 - ERROR - DB insert error: UNIQUE constraint failed: keyword_index.id
2025-07-30 09:51:58,157 - ERROR - DB insert error: UNIQUE constraint failed: keyword_index.id
2025-07-30 09:51:58,158 - ERROR - DB insert error: UNIQUE constraint failed: keyword_index.id
2025-07-30 09:51:58,158 - ERROR - DB insert error: UNIQUE constraint failed: keyword_index.id
2025-07-30 09:51:58,158 - ERROR - DB insert error: UNIQUE constraint failed: keyword_index.id
2025-07-30 09:51:58,159 - ERROR - DB insert error: UNIQUE constraint failed: keyword_index.id
2025-07-30 09:51:58,159 - ERROR - DB insert error: UNIQUE constraint failed: keyword_index.id
2025-07-30 09:51:58,159 - ERROR - DB insert error: UNIQUE constraint failed: keyword_index.id
2025-07-30 09:51:58,159 - ERROR - DB insert error: UNIQUE constraint failed: keyword_index.id
2025-07-30 09:51:58,160 - ERROR - DB insert error: UNIQUE constraint failed: keyword_index.id
2025-07-30 09:51:58,160 - ERROR - DB insert error: UNIQUE constraint failed: keyword_index.id
2025-07-30 09:51:58,160 - ERROR - DB insert error: UNIQUE constraint failed: keyword_index.id
2025-07-30 09:51:58,161 - ERROR - DB insert error: UNIQUE constraint failed: keyword_index.id
2025-07-30 09:51:58,161 - ERROR - DB insert error: UNIQUE constraint failed: keyword_index.id
2025-07-30 09:51:58,161 - ERROR - DB insert error: UNIQUE constraint failed: keyword_index.id
2025-07-30 09:51:58,161 - ERROR - DB insert error: UNIQUE constraint failed: keyword_index.id
2025-07-30 09:51:58,162 - ERROR - DB insert error: UNIQUE constraint failed: keyword_index.id
2025-07-30 09:51:58,162 - ERROR - DB insert error: UNIQUE constraint failed: keyword_index.id
2025-07-30 09:51:58,162 - ERROR - DB insert error: UNIQUE constraint failed: keyword_index.id
2025-07-30 09:51:58,163 - ERROR - DB insert error: UNIQUE constraint failed: keyword_index.id
2025-07-30 09:51:58,163 - ERROR - DB insert error: UNIQUE constraint failed: keyword_index.id
2025-07-30 09:51:58,163 - ERROR - DB insert error: UNIQUE constraint failed: keyword_index.id
2025-07-30 09:51:58,163 - ERROR - DB insert error: UNIQUE constraint failed: keyword_index.id
2025-07-30 09:51:58,163 - ERROR - DB insert error: UNIQUE constraint failed: keyword_index.id
2025-07-30 09:51:58,164 - ERROR - DB insert error: UNIQUE constraint failed: keyword_index.id
2025-07-30 09:51:58,164 - ERROR - DB insert error: UNIQUE constraint failed: keyword_index.id
2025-07-30 09:51:58,165 - ERROR - DB insert error: UNIQUE constraint failed: keyword_index.id
2025-07-30 09:51:58,165 - ERROR - DB insert error: UNIQUE constraint failed: keyword_index.id
2025-07-30 09:51:58,165 - ERROR - DB insert error: UNIQUE constraint failed: keyword_index.id
2025-07-30 09:51:58,166 - ERROR - DB insert error: UNIQUE constraint failed: keyword_index.id
2025-07-30 09:51:58,166 - ERROR - DB insert error: UNIQUE constraint failed: keyword_index.id
2025-07-30 09:51:58,166 - ERROR - DB insert error: UNIQUE constraint failed: keyword_index.id
2025-07-30 09:51:58,167 - ERROR - DB insert error: UNIQUE constraint failed: keyword_index.id
2025-07-30 09:51:58,167 - ERROR - DB insert error: UNIQUE constraint failed: keyword_index.id
2025-07-30 09:51:58,167 - ERROR - DB insert error: UNIQUE constraint failed: keyword_index.id
2025-07-30 09:51:58,167 - ERROR - DB insert error: UNIQUE constraint failed: keyword_index.id
2025-07-30 09:51:58,168 - ERROR - DB insert error: UNIQUE constraint failed: keyword_index.id
2025-07-30 09:51:58,168 - ERROR - DB insert error: UNIQUE constraint failed: keyword_index.id
2025-07-30 09:51:58,168 - ERROR - DB insert error: UNIQUE constraint failed: keyword_index.id
2025-07-30 09:51:58,169 - ERROR - DB insert error: UNIQUE constraint failed: keyword_index.id
2025-07-30 09:51:58,169 - ERROR - DB insert error: UNIQUE constraint failed: keyword_index.id
2025-07-30 09:51:58,169 - ERROR - DB insert error: UNIQUE constraint failed: keyword_index.id
2025-07-30 09:51:58,169 - ERROR - DB insert error: UNIQUE constraint failed: keyword_index.id
2025-07-30 09:51:58,169 - ERROR - DB insert error: UNIQUE constraint failed: keyword_index.id
2025-07-30 09:51:58,170 - ERROR - DB insert error: UNIQUE constraint failed: keyword_index.id
2025-07-30 09:51:58,170 - ERROR - DB insert error: UNIQUE constraint failed: keyword_index.id
2025-07-30 09:51:58,171 - ERROR - DB insert error: UNIQUE constraint failed: keyword_index.id
2025-07-30 09:51:58,171 - ERROR - DB insert error: UNIQUE constraint failed: keyword_index.id
2025-07-30 09:51:58,171 - ERROR - DB insert error: UNIQUE constraint failed: keyword_index.id
2025-07-30 09:51:58,171 - ERROR - DB insert error: UNIQUE constraint failed: keyword_index.id
2025-07-30 09:51:58,172 - ERROR - DB insert error: UNIQUE constraint failed: keyword_index.id
2025-07-30 09:51:58,172 - ERROR - DB insert error: UNIQUE constraint failed: keyword_index.id
2025-07-30 09:51:58,172 - ERROR - DB insert error: UNIQUE constraint failed: keyword_index.id
2025-07-30 09:51:58,172 - ERROR - DB insert error: UNIQUE constraint failed: keyword_index.id
2025-07-30 09:51:58,173 - ERROR - DB insert error: UNIQUE constraint failed: keyword_index.id
2025-07-30 09:51:58,173 - ERROR - DB insert error: UNIQUE constraint failed: keyword_index.id
2025-07-30 09:51:58,173 - ERROR - DB insert error: UNIQUE constraint failed: keyword_index.id
2025-07-30 09:51:58,174 - ERROR - DB insert error: UNIQUE constraint failed: keyword_index.id
2025-07-30 09:51:58,174 - ERROR - DB insert error: UNIQUE constraint failed: keyword_index.id
2025-07-30 09:51:58,174 - ERROR - DB insert error: UNIQUE constraint failed: keyword_index.id
2025-07-30 09:51:58,174 - ERROR - DB insert error: UNIQUE constraint failed: keyword_index.id
2025-07-30 09:51:58,175 - ERROR - DB insert error: UNIQUE constraint failed: keyword_index.id
2025-07-30 09:51:58,175 - ERROR - DB insert error: UNIQUE constraint failed: keyword_index.id
2025-07-30 09:51:58,175 - ERROR - DB insert error: UNIQUE constraint failed: keyword_index.id
2025-07-30 09:51:58,176 - ERROR - DB insert error: UNIQUE constraint failed: keyword_index.id
2025-07-30 09:51:58,176 - ERROR - DB insert error: UNIQUE constraint failed: keyword_index.id
2025-07-30 09:51:58,176 - ERROR - DB insert error: UNIQUE constraint failed: keyword_index.id
2025-07-30 09:51:58,176 - ERROR - DB insert error: UNIQUE constraint failed: keyword_index.id
2025-07-30 09:51:58,176 - ERROR - DB insert error: UNIQUE constraint failed: keyword_index.id
2025-07-30 09:51:58,177 - ERROR - DB insert error: UNIQUE constraint failed: keyword_index.id
2025-07-30 09:51:58,177 - ERROR - DB insert error: UNIQUE constraint failed: keyword_index.id
2025-07-30 09:51:58,177 - ERROR - DB insert error: UNIQUE constraint failed: keyword_index.id
2025-07-30 09:51:58,178 - ERROR - DB insert error: UNIQUE constraint failed: keyword_index.id
2025-07-30 09:51:58,178 - ERROR - DB insert error: UNIQUE constraint failed: keyword_index.id
2025-07-30 09:51:58,178 - ERROR - DB insert error: UNIQUE constraint failed: keyword_index.id
2025-07-30 09:51:58,178 - ERROR - DB insert error: UNIQUE constraint failed: keyword_index.id
2025-07-30 09:51:58,179 - ERROR - DB insert error: UNIQUE constraint failed: keyword_index.id
2025-07-30 09:51:58,179 - ERROR - DB insert error: UNIQUE constraint failed: keyword_index.id
2025-07-30 09:51:58,179 - ERROR - DB insert error: UNIQUE constraint failed: keyword_index.id
2025-07-30 09:51:58,179 - ERROR - DB insert error: UNIQUE constraint failed: keyword_index.id
2025-07-30 09:51:58,180 - ERROR - DB insert error: UNIQUE constraint failed: keyword_index.id
2025-07-30 09:51:58,180 - ERROR - DB insert error: UNIQUE constraint failed: keyword_index.id
2025-07-30 09:51:58,180 - ERROR - DB insert error: UNIQUE constraint failed: keyword_index.id
2025-07-30 09:51:58,181 - ERROR - DB insert error: UNIQUE constraint failed: keyword_index.id
2025-07-30 09:51:58,181 - ERROR - DB insert error: UNIQUE constraint failed: keyword_index.id
2025-07-30 09:51:58,181 - ERROR - DB insert error: UNIQUE constraint failed: keyword_index.id
2025-07-30 09:51:58,181 - ERROR - DB insert error: UNIQUE constraint failed: keyword_index.id
2025-07-30 09:51:58,182 - ERROR - DB insert error: UNIQUE constraint failed: keyword_index.id
2025-07-30 09:51:58,182 - ERROR - DB insert error: UNIQUE constraint failed: keyword_index.id
2025-07-30 09:51:58,182 - ERROR - DB insert error: UNIQUE constraint failed: keyword_index.id
2025-07-30 09:51:58,182 - ERROR - DB insert error: UNIQUE constraint failed: keyword_index.id
2025-07-30 09:51:58,183 - ERROR - DB insert error: UNIQUE constraint failed: keyword_index.id
2025-07-30 09:51:58,183 - ERROR - DB insert error: UNIQUE constraint failed: keyword_index.id
2025-07-30 09:51:58,183 - ERROR - DB insert error: UNIQUE constraint failed: keyword_index.id
2025-07-30 09:51:58,184 - ERROR - DB insert error: UNIQUE constraint failed: keyword_index.id
2025-07-30 09:51:58,184 - ERROR - DB insert error: UNIQUE constraint failed: keyword_index.id
2025-07-30 09:51:58,184 - ERROR - DB insert error: UNIQUE constraint failed: keyword_index.id
2025-07-30 09:51:58,184 - ERROR - DB insert error: UNIQUE constraint failed: keyword_index.id
2025-07-30 09:51:58,185 - ERROR - DB insert error: UNIQUE constraint failed: keyword_index.id
2025-07-30 09:51:58,185 - ERROR - DB insert error: UNIQUE constraint failed: keyword_index.id
2025-07-30 09:51:58,185 - ERROR - DB insert error: UNIQUE constraint failed: keyword_index.id
2025-07-30 09:51:58,186 - ERROR - DB insert error: UNIQUE constraint failed: keyword_index.id
2025-07-30 09:51:58,186 - ERROR - DB insert error: UNIQUE constraint failed: keyword_index.id
2025-07-30 09:51:58,187 - ERROR - DB insert error: UNIQUE constraint failed: keyword_index.id
2025-07-30 09:51:58,187 - ERROR - DB insert error: UNIQUE constraint failed: keyword_index.id
2025-07-30 09:51:58,187 - ERROR - DB insert error: UNIQUE constraint failed: keyword_index.id
2025-07-30 09:51:58,187 - ERROR - DB insert error: UNIQUE constraint failed: keyword_index.id
2025-07-30 09:51:58,187 - ERROR - DB insert error: UNIQUE constraint failed: keyword_index.id
2025-07-30 09:51:58,188 - ERROR - DB insert error: UNIQUE constraint failed: keyword_index.id
2025-07-30 09:51:58,188 - ERROR - DB insert error: UNIQUE constraint failed: keyword_index.id
2025-07-30 09:51:58,188 - ERROR - DB insert error: UNIQUE constraint failed: keyword_index.id
2025-07-30 09:51:58,189 - ERROR - DB insert error: UNIQUE constraint failed: keyword_index.id
2025-07-30 09:51:58,189 - ERROR - DB insert error: UNIQUE constraint failed: keyword_index.id
2025-07-30 09:51:58,190 - ERROR - DB insert error: UNIQUE constraint failed: keyword_index.id
2025-07-30 09:51:58,190 - ERROR - DB insert error: UNIQUE constraint failed: keyword_index.id
2025-07-30 09:51:58,190 - ERROR - DB insert error: UNIQUE constraint failed: keyword_index.id
2025-07-30 09:51:58,190 - ERROR - DB insert error: UNIQUE constraint failed: keyword_index.id
2025-07-30 09:51:58,191 - ERROR - DB insert error: UNIQUE constraint failed: keyword_index.id
2025-07-30 09:51:58,191 - ERROR - DB insert error: UNIQUE constraint failed: keyword_index.id
2025-07-30 09:51:58,191 - ERROR - DB insert error: UNIQUE constraint failed: keyword_index.id
2025-07-30 09:51:58,191 - ERROR - DB insert error: UNIQUE constraint failed: keyword_index.id
2025-07-30 09:51:58,192 - ERROR - DB insert error: UNIQUE constraint failed: keyword_index.id
2025-07-30 09:51:58,192 - ERROR - DB insert error: UNIQUE constraint failed: keyword_index.id
2025-07-30 09:51:58,192 - ERROR - DB insert error: UNIQUE constraint failed: keyword_index.id
2025-07-30 09:51:58,193 - ERROR - DB insert error: UNIQUE constraint failed: keyword_index.id
2025-07-30 09:51:58,193 - ERROR - DB insert error: UNIQUE constraint failed: keyword_index.id
2025-07-30 09:51:58,193 - ERROR - DB insert error: UNIQUE constraint failed: keyword_index.id
2025-07-30 09:51:58,193 - ERROR - DB insert error: UNIQUE constraint failed: keyword_index.id
2025-07-30 09:51:58,194 - ERROR - DB insert error: UNIQUE constraint failed: keyword_index.id
2025-07-30 09:51:58,194 - ERROR - DB insert error: UNIQUE constraint failed: keyword_index.id
2025-07-30 09:51:58,194 - ERROR - DB insert error: UNIQUE constraint failed: keyword_index.id
2025-07-30 09:51:58,195 - ERROR - DB insert error: UNIQUE constraint failed: keyword_index.id
2025-07-30 09:51:58,195 - ERROR - DB insert error: UNIQUE constraint failed: keyword_index.id
2025-07-30 09:51:58,195 - ERROR - DB insert error: UNIQUE constraint failed: keyword_index.id
2025-07-30 09:51:58,195 - ERROR - DB insert error: UNIQUE constraint failed: keyword_index.id
2025-07-30 09:51:58,196 - ERROR - DB insert error: UNIQUE constraint failed: keyword_index.id
2025-07-30 09:51:58,196 - ERROR - DB insert error: UNIQUE constraint failed: keyword_index.id
2025-07-30 09:51:58,196 - ERROR - DB insert error: UNIQUE constraint failed: keyword_index.id
2025-07-30 09:51:58,196 - ERROR - DB insert error: UNIQUE constraint failed: keyword_index.id
2025-07-30 09:51:58,196 - ERROR - DB insert error: UNIQUE constraint failed: keyword_index.id
2025-07-30 09:51:58,197 - ERROR - DB insert error: UNIQUE constraint failed: keyword_index.id
2025-07-30 09:51:58,197 - ERROR - DB insert error: UNIQUE constraint failed: keyword_index.id
2025-07-30 09:51:58,197 - ERROR - DB insert error: UNIQUE constraint failed: keyword_index.id
2025-07-30 09:51:58,197 - ERROR - DB insert error: UNIQUE constraint failed: keyword_index.id
2025-07-30 09:51:58,198 - ERROR - DB insert error: UNIQUE constraint failed: keyword_index.id
2025-07-30 09:51:58,198 - ERROR - DB insert error: UNIQUE constraint failed: keyword_index.id
2025-07-30 09:51:58,198 - ERROR - DB insert error: UNIQUE constraint failed: keyword_index.id
2025-07-30 09:51:58,199 - ERROR - DB insert error: UNIQUE constraint failed: keyword_index.id
2025-07-30 09:51:58,199 - ERROR - DB insert error: UNIQUE constraint failed: keyword_index.id
2025-07-30 09:51:58,199 - ERROR - DB insert error: UNIQUE constraint failed: keyword_index.id
2025-07-30 09:51:58,199 - ERROR - DB insert error: UNIQUE constraint failed: keyword_index.id
2025-07-30 09:51:58,200 - ERROR - DB insert error: UNIQUE constraint failed: keyword_index.id
2025-07-30 09:51:58,200 - ERROR - DB insert error: UNIQUE constraint failed: keyword_index.id
2025-07-30 09:51:58,200 - ERROR - DB insert error: UNIQUE constraint failed: keyword_index.id
2025-07-30 09:51:58,201 - ERROR - DB insert error: UNIQUE constraint failed: keyword_index.id
2025-07-30 09:51:58,201 - ERROR - DB insert error: UNIQUE constraint failed: keyword_index.id
2025-07-30 09:51:58,201 - ERROR - DB insert error: UNIQUE constraint failed: keyword_index.id
2025-07-30 09:51:58,201 - ERROR - DB insert error: UNIQUE constraint failed: keyword_index.id
2025-07-30 09:51:58,202 - ERROR - DB insert error: UNIQUE constraint failed: keyword_index.id
2025-07-30 09:51:58,202 - ERROR - DB insert error: UNIQUE constraint failed: keyword_index.id
2025-07-30 09:51:58,202 - ERROR - DB insert error: UNIQUE constraint failed: keyword_index.id
2025-07-30 09:51:58,202 - ERROR - DB insert error: UNIQUE constraint failed: keyword_index.id
2025-07-30 09:51:58,203 - ERROR - DB insert error: UNIQUE constraint failed: keyword_index.id
2025-07-30 09:51:58,203 - ERROR - DB insert error: UNIQUE constraint failed: keyword_index.id
2025-07-30 09:51:58,203 - ERROR - DB insert error: UNIQUE constraint failed: keyword_index.id
2025-07-30 09:51:58,203 - ERROR - DB insert error: UNIQUE constraint failed: keyword_index.id
2025-07-30 09:51:58,204 - ERROR - DB insert error: UNIQUE constraint failed: keyword_index.id
2025-07-30 09:51:58,204 - ERROR - DB insert error: UNIQUE constraint failed: keyword_index.id
2025-07-30 09:51:58,204 - ERROR - DB insert error: UNIQUE constraint failed: keyword_index.id
2025-07-30 09:51:58,204 - ERROR - DB insert error: UNIQUE constraint failed: keyword_index.id
2025-07-30 09:51:58,205 - ERROR - DB insert error: UNIQUE constraint failed: keyword_index.id
2025-07-30 09:51:58,205 - ERROR - DB insert error: UNIQUE constraint failed: keyword_index.id
2025-07-30 09:51:58,205 - ERROR - DB insert error: UNIQUE constraint failed: keyword_index.id
2025-07-30 09:51:58,206 - ERROR - DB insert error: UNIQUE constraint failed: keyword_index.id
2025-07-30 09:51:58,206 - ERROR - DB insert error: UNIQUE constraint failed: keyword_index.id
2025-07-30 09:51:58,206 - ERROR - DB insert error: UNIQUE constraint failed: keyword_index.id
2025-07-30 09:51:58,206 - ERROR - DB insert error: UNIQUE constraint failed: keyword_index.id
2025-07-30 09:51:58,207 - ERROR - DB insert error: UNIQUE constraint failed: keyword_index.id
2025-07-30 09:51:58,207 - ERROR - DB insert error: UNIQUE constraint failed: keyword_index.id
2025-07-30 09:51:58,208 - ERROR - DB insert error: UNIQUE constraint failed: keyword_index.id
2025-07-30 09:51:58,208 - ERROR - DB insert error: UNIQUE constraint failed: keyword_index.id
2025-07-30 09:51:58,208 - ERROR - DB insert error: UNIQUE constraint failed: keyword_index.id
2025-07-30 09:51:58,208 - ERROR - DB insert error: UNIQUE constraint failed: keyword_index.id
2025-07-30 09:51:58,209 - ERROR - DB insert error: UNIQUE constraint failed: keyword_index.id
2025-07-30 09:51:58,209 - ERROR - DB insert error: UNIQUE constraint failed: keyword_index.id
2025-07-30 09:51:58,209 - ERROR - DB insert error: UNIQUE constraint failed: keyword_index.id
2025-07-30 09:51:58,210 - ERROR - DB insert error: UNIQUE constraint failed: keyword_index.id
2025-07-30 09:51:58,210 - ERROR - DB insert error: UNIQUE constraint failed: keyword_index.id
2025-07-30 09:51:58,210 - ERROR - DB insert error: UNIQUE constraint failed: keyword_index.id
2025-07-30 09:51:58,210 - ERROR - DB insert error: UNIQUE constraint failed: keyword_index.id
2025-07-30 09:51:58,211 - ERROR - DB insert error: UNIQUE constraint failed: keyword_index.id
2025-07-30 09:51:58,211 - ERROR - DB insert error: UNIQUE constraint failed: keyword_index.id
2025-07-30 09:51:58,211 - ERROR - DB insert error: UNIQUE constraint failed: keyword_index.id
2025-07-30 09:51:58,211 - ERROR - DB insert error: UNIQUE constraint failed: keyword_index.id
2025-07-30 09:51:58,212 - ERROR - DB insert error: UNIQUE constraint failed: keyword_index.id
2025-07-30 09:51:58,212 - ERROR - DB insert error: UNIQUE constraint failed: keyword_index.id
2025-07-30 09:51:58,212 - ERROR - DB insert error: UNIQUE constraint failed: keyword_index.id
2025-07-30 09:51:58,213 - ERROR - DB insert error: UNIQUE constraint failed: keyword_index.id
2025-07-30 09:51:58,213 - ERROR - DB insert error: UNIQUE constraint failed: keyword_index.id
2025-07-30 09:51:58,214 - ERROR - DB insert error: UNIQUE constraint failed: keyword_index.id
2025-07-30 09:51:58,214 - ERROR - DB insert error: UNIQUE constraint failed: keyword_index.id
2025-07-30 09:51:58,214 - ERROR - DB insert error: UNIQUE constraint failed: keyword_index.id
2025-07-30 09:51:58,214 - ERROR - DB insert error: UNIQUE constraint failed: keyword_index.id
2025-07-30 09:51:58,215 - ERROR - DB insert error: UNIQUE constraint failed: keyword_index.id
2025-07-30 09:51:58,215 - ERROR - DB insert error: UNIQUE constraint failed: keyword_index.id
2025-07-30 09:51:58,215 - ERROR - DB insert error: UNIQUE constraint failed: keyword_index.id
2025-07-30 09:51:58,215 - ERROR - DB insert error: UNIQUE constraint failed: keyword_index.id
2025-07-30 09:51:58,215 - ERROR - DB insert error: UNIQUE constraint failed: keyword_index.id
2025-07-30 09:51:58,216 - ERROR - DB insert error: UNIQUE constraint failed: keyword_index.id
2025-07-30 09:51:58,216 - ERROR - DB insert error: UNIQUE constraint failed: keyword_index.id
2025-07-30 09:51:58,216 - ERROR - DB insert error: UNIQUE constraint failed: keyword_index.id
2025-07-30 09:51:58,217 - ERROR - DB insert error: UNIQUE constraint failed: keyword_index.id
2025-07-30 09:51:58,217 - ERROR - DB insert error: UNIQUE constraint failed: keyword_index.id
2025-07-30 09:51:58,217 - ERROR - DB insert error: UNIQUE constraint failed: keyword_index.id
2025-07-30 09:51:58,217 - ERROR - DB insert error: UNIQUE constraint failed: keyword_index.id
2025-07-30 09:51:58,218 - ERROR - DB insert error: UNIQUE constraint failed: keyword_index.id
2025-07-30 09:51:58,218 - ERROR - DB insert error: UNIQUE constraint failed: keyword_index.id
2025-07-30 09:51:58,218 - ERROR - DB insert error: UNIQUE constraint failed: keyword_index.id
2025-07-30 09:51:58,218 - ERROR - DB insert error: UNIQUE constraint failed: keyword_index.id
2025-07-30 09:51:58,218 - ERROR - DB insert error: UNIQUE constraint failed: keyword_index.id
2025-07-30 09:51:58,219 - ERROR - DB insert error: UNIQUE constraint failed: keyword_index.id
2025-07-30 09:51:58,219 - ERROR - DB insert error: UNIQUE constraint failed: keyword_index.id
2025-07-30 09:51:58,219 - ERROR - DB insert error: UNIQUE constraint failed: keyword_index.id
2025-07-30 09:51:58,220 - ERROR - DB insert error: UNIQUE constraint failed: keyword_index.id
2025-07-30 09:51:58,220 - ERROR - DB insert error: UNIQUE constraint failed: keyword_index.id
2025-07-30 09:51:58,220 - ERROR - DB insert error: UNIQUE constraint failed: keyword_index.id
2025-07-30 09:51:58,221 - ERROR - DB insert error: UNIQUE constraint failed: keyword_index.id
2025-07-30 09:51:58,221 - ERROR - DB insert error: UNIQUE constraint failed: keyword_index.id
2025-07-30 09:51:58,221 - ERROR - DB insert error: UNIQUE constraint failed: keyword_index.id
2025-07-30 09:51:58,222 - ERROR - DB insert error: UNIQUE constraint failed: keyword_index.id
2025-07-30 09:51:58,222 - ERROR - DB insert error: UNIQUE constraint failed: keyword_index.id
2025-07-30 09:51:58,222 - ERROR - DB insert error: UNIQUE constraint failed: keyword_index.id
2025-07-30 09:51:58,223 - ERROR - DB insert error: UNIQUE constraint failed: keyword_index.id
2025-07-30 09:51:58,223 - ERROR - DB insert error: UNIQUE constraint failed: keyword_index.id
2025-07-30 09:51:58,223 - ERROR - DB insert error: UNIQUE constraint failed: keyword_index.id
2025-07-30 09:51:58,223 - ERROR - DB insert error: UNIQUE constraint failed: keyword_index.id
2025-07-30 09:51:58,224 - ERROR - DB insert error: UNIQUE constraint failed: keyword_index.id
2025-07-30 09:51:58,224 - ERROR - DB insert error: UNIQUE constraint failed: keyword_index.id
2025-07-30 09:51:58,224 - ERROR - DB insert error: UNIQUE constraint failed: keyword_index.id
2025-07-30 09:51:58,225 - ERROR - DB insert error: UNIQUE constraint failed: keyword_index.id
2025-07-30 09:51:58,225 - ERROR - DB insert error: UNIQUE constraint failed: keyword_index.id
2025-07-30 09:51:58,225 - ERROR - DB insert error: UNIQUE constraint failed: keyword_index.id
2025-07-30 09:51:58,225 - ERROR - DB insert error: UNIQUE constraint failed: keyword_index.id
2025-07-30 09:51:58,226 - ERROR - DB insert error: UNIQUE constraint failed: keyword_index.id
2025-07-30 09:51:58,226 - ERROR - DB insert error: UNIQUE constraint failed: keyword_index.id
2025-07-30 09:51:58,226 - ERROR - DB insert error: UNIQUE constraint failed: keyword_index.id
2025-07-30 09:51:58,226 - ERROR - DB insert error: UNIQUE constraint failed: keyword_index.id
2025-07-30 09:51:58,227 - ERROR - DB insert error: UNIQUE constraint failed: keyword_index.id
2025-07-30 09:51:58,227 - ERROR - DB insert error: UNIQUE constraint failed: keyword_index.id
2025-07-30 09:51:58,227 - ERROR - DB insert error: UNIQUE constraint failed: keyword_index.id
2025-07-30 09:51:58,227 - ERROR - DB insert error: UNIQUE constraint failed: keyword_index.id
2025-07-30 09:51:58,228 - ERROR - DB insert error: UNIQUE constraint failed: keyword_index.id
2025-07-30 09:51:58,228 - ERROR - DB insert error: UNIQUE constraint failed: keyword_index.id
2025-07-30 09:51:58,228 - ERROR - DB insert error: UNIQUE constraint failed: keyword_index.id
2025-07-30 09:51:58,228 - ERROR - DB insert error: UNIQUE constraint failed: keyword_index.id
2025-07-30 09:51:58,229 - ERROR - DB insert error: UNIQUE constraint failed: keyword_index.id
2025-07-30 09:51:58,229 - ERROR - DB insert error: UNIQUE constraint failed: keyword_index.id
2025-07-30 09:51:58,229 - ERROR - DB insert error: UNIQUE constraint failed: keyword_index.id
2025-07-30 09:51:58,229 - ERROR - DB insert error: UNIQUE constraint failed: keyword_index.id
2025-07-30 09:51:58,230 - ERROR - DB insert error: UNIQUE constraint failed: keyword_index.id
2025-07-30 09:51:58,230 - ERROR - DB insert error: UNIQUE constraint failed: keyword_index.id
2025-07-30 09:51:58,230 - ERROR - DB insert error: UNIQUE constraint failed: keyword_index.id
2025-07-30 09:51:58,231 - ERROR - DB insert error: UNIQUE constraint failed: keyword_index.id
2025-07-30 09:51:58,231 - ERROR - DB insert error: UNIQUE constraint failed: keyword_index.id
2025-07-30 09:51:58,231 - ERROR - DB insert error: UNIQUE constraint failed: keyword_index.id
2025-07-30 09:51:58,232 - ERROR - DB insert error: UNIQUE constraint failed: keyword_index.id
2025-07-30 09:51:58,232 - ERROR - DB insert error: UNIQUE constraint failed: keyword_index.id
2025-07-30 09:51:58,232 - ERROR - DB insert error: UNIQUE constraint failed: keyword_index.id
2025-07-30 09:51:58,232 - ERROR - DB insert error: UNIQUE constraint failed: keyword_index.id
2025-07-30 09:51:58,233 - ERROR - DB insert error: UNIQUE constraint failed: keyword_index.id
2025-07-30 09:51:58,233 - ERROR - DB insert error: UNIQUE constraint failed: keyword_index.id
2025-07-30 09:51:58,233 - ERROR - DB insert error: UNIQUE constraint failed: keyword_index.id
2025-07-30 09:51:58,234 - ERROR - DB insert error: UNIQUE constraint failed: keyword_index.id
2025-07-30 09:51:58,234 - ERROR - DB insert error: UNIQUE constraint failed: keyword_index.id
2025-07-30 09:51:58,235 - ERROR - DB insert error: UNIQUE constraint failed: keyword_index.id
2025-07-30 09:51:58,235 - ERROR - DB insert error: UNIQUE constraint failed: keyword_index.id
2025-07-30 09:51:58,235 - ERROR - DB insert error: UNIQUE constraint failed: keyword_index.id
2025-07-30 09:51:58,235 - ERROR - DB insert error: UNIQUE constraint failed: keyword_index.id
2025-07-30 09:51:58,236 - ERROR - DB insert error: UNIQUE constraint failed: keyword_index.id
2025-07-30 09:51:58,236 - ERROR - DB insert error: UNIQUE constraint failed: keyword_index.id
2025-07-30 09:51:58,237 - ERROR - DB insert error: UNIQUE constraint failed: keyword_index.id
2025-07-30 09:51:58,237 - ERROR - DB insert error: UNIQUE constraint failed: keyword_index.id
2025-07-30 09:51:58,237 - ERROR - DB insert error: UNIQUE constraint failed: keyword_index.id
2025-07-30 09:51:58,238 - ERROR - DB insert error: UNIQUE constraint failed: keyword_index.id
2025-07-30 09:51:58,238 - ERROR - DB insert error: UNIQUE constraint failed: keyword_index.id
2025-07-30 09:51:58,238 - ERROR - DB insert error: UNIQUE constraint failed: keyword_index.id
2025-07-30 09:51:58,238 - ERROR - DB insert error: UNIQUE constraint failed: keyword_index.id
2025-07-30 09:51:58,239 - ERROR - DB insert error: UNIQUE constraint failed: keyword_index.id
2025-07-30 09:51:58,239 - ERROR - DB insert error: UNIQUE constraint failed: keyword_index.id
2025-07-30 09:51:58,240 - ERROR - DB insert error: UNIQUE constraint failed: keyword_index.id
2025-07-30 09:51:58,240 - ERROR - DB insert error: UNIQUE constraint failed: keyword_index.id
2025-07-30 09:51:58,240 - ERROR - DB insert error: UNIQUE constraint failed: keyword_index.id
2025-07-30 09:51:58,241 - ERROR - DB insert error: UNIQUE constraint failed: keyword_index.id
2025-07-30 09:51:58,241 - ERROR - DB insert error: UNIQUE constraint failed: keyword_index.id
2025-07-30 09:51:58,241 - ERROR - DB insert error: UNIQUE constraint failed: keyword_index.id
2025-07-30 09:51:58,241 - ERROR - DB insert error: UNIQUE constraint failed: keyword_index.id
2025-07-30 09:51:58,242 - ERROR - DB insert error: UNIQUE constraint failed: keyword_index.id
2025-07-30 09:51:58,242 - ERROR - DB insert error: UNIQUE constraint failed: keyword_index.id
2025-07-30 09:51:58,243 - ERROR - DB insert error: UNIQUE constraint failed: keyword_index.id
2025-07-30 09:51:58,243 - ERROR - DB insert error: UNIQUE constraint failed: keyword_index.id
2025-07-30 09:51:58,243 - ERROR - DB insert error: UNIQUE constraint failed: keyword_index.id
2025-07-30 09:51:58,243 - ERROR - DB insert error: UNIQUE constraint failed: keyword_index.id
2025-07-30 09:51:58,244 - ERROR - DB insert error: UNIQUE constraint failed: keyword_index.id
2025-07-30 09:51:58,244 - ERROR - DB insert error: UNIQUE constraint failed: keyword_index.id
2025-07-30 09:51:58,245 - ERROR - DB insert error: UNIQUE constraint failed: keyword_index.id
2025-07-30 09:51:58,245 - ERROR - DB insert error: UNIQUE constraint failed: keyword_index.id
2025-07-30 09:51:58,246 - ERROR - DB insert error: UNIQUE constraint failed: keyword_index.id
2025-07-30 09:51:58,246 - ERROR - DB insert error: UNIQUE constraint failed: keyword_index.id
2025-07-30 09:51:58,246 - ERROR - DB insert error: UNIQUE constraint failed: keyword_index.id
2025-07-30 09:51:58,247 - ERROR - DB insert error: UNIQUE constraint failed: keyword_index.id
2025-07-30 09:51:58,247 - ERROR - DB insert error: UNIQUE constraint failed: keyword_index.id
2025-07-30 09:51:58,247 - ERROR - DB insert error: UNIQUE constraint failed: keyword_index.id
2025-07-30 09:51:58,247 - ERROR - DB insert error: UNIQUE constraint failed: keyword_index.id
2025-07-30 09:51:58,248 - ERROR - DB insert error: UNIQUE constraint failed: keyword_index.id
2025-07-30 09:51:58,248 - ERROR - DB insert error: UNIQUE constraint failed: keyword_index.id
2025-07-30 09:51:58,248 - ERROR - DB insert error: UNIQUE constraint failed: keyword_index.id
2025-07-30 09:51:58,249 - ERROR - DB insert error: UNIQUE constraint failed: keyword_index.id
2025-07-30 09:51:58,249 - ERROR - DB insert error: UNIQUE constraint failed: keyword_index.id
2025-07-30 09:51:58,249 - ERROR - DB insert error: UNIQUE constraint failed: keyword_index.id
2025-07-30 09:51:58,249 - ERROR - DB insert error: UNIQUE constraint failed: keyword_index.id
2025-07-30 09:51:58,249 - ERROR - DB insert error: UNIQUE constraint failed: keyword_index.id
2025-07-30 09:51:58,250 - ERROR - DB insert error: UNIQUE constraint failed: keyword_index.id
2025-07-30 09:51:58,250 - ERROR - DB insert error: UNIQUE constraint failed: keyword_index.id
2025-07-30 09:51:58,250 - ERROR - DB insert error: UNIQUE constraint failed: keyword_index.id
2025-07-30 09:51:58,250 - ERROR - DB insert error: UNIQUE constraint failed: keyword_index.id
2025-07-30 09:51:58,251 - ERROR - DB insert error: UNIQUE constraint failed: keyword_index.id
2025-07-30 09:51:58,251 - ERROR - DB insert error: UNIQUE constraint failed: keyword_index.id
2025-07-30 09:51:58,251 - ERROR - DB insert error: UNIQUE constraint failed: keyword_index.id
2025-07-30 09:51:58,251 - ERROR - DB insert error: UNIQUE constraint failed: keyword_index.id
2025-07-30 09:51:58,252 - ERROR - DB insert error: UNIQUE constraint failed: keyword_index.id
2025-07-30 09:51:58,252 - ERROR - DB insert error: UNIQUE constraint failed: keyword_index.id
2025-07-30 09:51:58,252 - ERROR - DB insert error: UNIQUE constraint failed: keyword_index.id
2025-07-30 09:51:58,252 - ERROR - DB insert error: UNIQUE constraint failed: keyword_index.id
2025-07-30 09:51:58,252 - ERROR - DB insert error: UNIQUE constraint failed: keyword_index.id
2025-07-30 09:51:58,253 - ERROR - DB insert error: UNIQUE constraint failed: keyword_index.id
2025-07-30 09:51:58,253 - ERROR - DB insert error: UNIQUE constraint failed: keyword_index.id
2025-07-30 09:51:58,253 - ERROR - DB insert error: UNIQUE constraint failed: keyword_index.id
2025-07-30 09:51:58,254 - ERROR - DB insert error: UNIQUE constraint failed: keyword_index.id
2025-07-30 09:51:58,254 - ERROR - DB insert error: UNIQUE constraint failed: keyword_index.id
2025-07-30 09:51:58,254 - ERROR - DB insert error: UNIQUE constraint failed: keyword_index.id
2025-07-30 09:51:58,254 - ERROR - DB insert error: UNIQUE constraint failed: keyword_index.id
2025-07-30 09:51:58,255 - ERROR - DB insert error: UNIQUE constraint failed: keyword_index.id
2025-07-30 09:51:58,255 - ERROR - DB insert error: UNIQUE constraint failed: keyword_index.id
2025-07-30 09:51:58,255 - ERROR - DB insert error: UNIQUE constraint failed: keyword_index.id
2025-07-30 09:51:58,255 - ERROR - DB insert error: UNIQUE constraint failed: keyword_index.id
2025-07-30 09:51:58,256 - ERROR - DB insert error: UNIQUE constraint failed: keyword_index.id
2025-07-30 09:51:58,256 - ERROR - DB insert error: UNIQUE constraint failed: keyword_index.id
2025-07-30 09:51:58,256 - ERROR - DB insert error: UNIQUE constraint failed: keyword_index.id
2025-07-30 09:51:58,256 - ERROR - DB insert error: UNIQUE constraint failed: keyword_index.id
2025-07-30 09:51:58,257 - ERROR - DB insert error: UNIQUE constraint failed: keyword_index.id
2025-07-30 09:51:58,257 - ERROR - DB insert error: UNIQUE constraint failed: keyword_index.id
2025-07-30 09:51:58,257 - ERROR - DB insert error: UNIQUE constraint failed: keyword_index.id
2025-07-30 09:51:58,257 - ERROR - DB insert error: UNIQUE constraint failed: keyword_index.id
2025-07-30 09:51:58,258 - ERROR - DB insert error: UNIQUE constraint failed: keyword_index.id
2025-07-30 09:51:58,258 - ERROR - DB insert error: UNIQUE constraint failed: keyword_index.id
2025-07-30 09:51:58,258 - ERROR - DB insert error: UNIQUE constraint failed: keyword_index.id
2025-07-30 09:51:58,258 - ERROR - DB insert error: UNIQUE constraint failed: keyword_index.id
2025-07-30 09:51:58,259 - ERROR - DB insert error: UNIQUE constraint failed: keyword_index.id
2025-07-30 09:51:58,259 - ERROR - DB insert error: UNIQUE constraint failed: keyword_index.id
2025-07-30 09:51:58,260 - ERROR - DB insert error: UNIQUE constraint failed: keyword_index.id
2025-07-30 09:51:58,261 - ERROR - DB insert error: UNIQUE constraint failed: keyword_index.id
2025-07-30 09:51:58,261 - ERROR - DB insert error: UNIQUE constraint failed: keyword_index.id
2025-07-30 09:51:58,262 - ERROR - DB insert error: UNIQUE constraint failed: keyword_index.id
2025-07-30 09:51:58,262 - ERROR - DB insert error: UNIQUE constraint failed: keyword_index.id
2025-07-30 09:51:58,263 - ERROR - DB insert error: UNIQUE constraint failed: keyword_index.id
2025-07-30 09:51:58,263 - ERROR - DB insert error: UNIQUE constraint failed: keyword_index.id
2025-07-30 09:51:58,263 - ERROR - DB insert error: UNIQUE constraint failed: keyword_index.id
2025-07-30 09:51:58,263 - ERROR - DB insert error: UNIQUE constraint failed: keyword_index.id
2025-07-30 09:51:58,264 - ERROR - DB insert error: UNIQUE constraint failed: keyword_index.id
2025-07-30 09:51:58,264 - ERROR - DB insert error: UNIQUE constraint failed: keyword_index.id
2025-07-30 09:51:58,264 - ERROR - DB insert error: UNIQUE constraint failed: keyword_index.id
2025-07-30 09:51:58,264 - ERROR - DB insert error: UNIQUE constraint failed: keyword_index.id
2025-07-30 09:51:58,265 - ERROR - DB insert error: UNIQUE constraint failed: keyword_index.id
2025-07-30 09:51:58,265 - ERROR - DB insert error: UNIQUE constraint failed: keyword_index.id
2025-07-30 09:51:58,265 - ERROR - DB insert error: UNIQUE constraint failed: keyword_index.id
2025-07-30 09:51:58,265 - ERROR - DB insert error: UNIQUE constraint failed: keyword_index.id
2025-07-30 09:51:58,266 - ERROR - DB insert error: UNIQUE constraint failed: keyword_index.id
2025-07-30 09:51:58,266 - ERROR - DB insert error: UNIQUE constraint failed: keyword_index.id
2025-07-30 09:51:58,266 - ERROR - DB insert error: UNIQUE constraint failed: keyword_index.id
2025-07-30 09:51:58,266 - ERROR - DB insert error: UNIQUE constraint failed: keyword_index.id
2025-07-30 09:51:58,266 - ERROR - DB insert error: UNIQUE constraint failed: keyword_index.id
2025-07-30 09:51:58,267 - ERROR - DB insert error: UNIQUE constraint failed: keyword_index.id
2025-07-30 09:51:58,267 - ERROR - DB insert error: UNIQUE constraint failed: keyword_index.id
2025-07-30 09:51:58,267 - ERROR - DB insert error: UNIQUE constraint failed: keyword_index.id
2025-07-30 09:51:58,267 - ERROR - DB insert error: UNIQUE constraint failed: keyword_index.id
2025-07-30 09:51:58,267 - ERROR - DB insert error: UNIQUE constraint failed: keyword_index.id
2025-07-30 09:51:58,267 - ERROR - DB insert error: UNIQUE constraint failed: keyword_index.id
2025-07-30 09:51:58,268 - INFO - Indexed 888 chunks successfully
2025-07-30 09:52:07,573 - INFO - Indexing 888 new chunks...
2025-07-30 09:52:08,075 - INFO - Upserted 888 vectors
2025-07-30 09:52:08,077 - ERROR - DB insert error: UNIQUE constraint failed: keyword_index.id
2025-07-30 09:52:08,077 - ERROR - DB insert error: UNIQUE constraint failed: keyword_index.id
2025-07-30 09:52:08,077 - ERROR - DB insert error: UNIQUE constraint failed: keyword_index.id
2025-07-30 09:52:08,077 - ERROR - DB insert error: UNIQUE constraint failed: keyword_index.id
2025-07-30 09:52:08,078 - ERROR - DB insert error: UNIQUE constraint failed: keyword_index.id
2025-07-30 09:52:08,078 - ERROR - DB insert error: UNIQUE constraint failed: keyword_index.id
2025-07-30 09:52:08,079 - ERROR - DB insert error: UNIQUE constraint failed: keyword_index.id
2025-07-30 09:52:08,079 - ERROR - DB insert error: UNIQUE constraint failed: keyword_index.id
2025-07-30 09:52:08,080 - ERROR - DB insert error: UNIQUE constraint failed: keyword_index.id
2025-07-30 09:52:08,080 - ERROR - DB insert error: UNIQUE constraint failed: keyword_index.id
2025-07-30 09:52:08,080 - ERROR - DB insert error: UNIQUE constraint failed: keyword_index.id
2025-07-30 09:52:08,080 - ERROR - DB insert error: UNIQUE constraint failed: keyword_index.id
2025-07-30 09:52:08,081 - ERROR - DB insert error: UNIQUE constraint failed: keyword_index.id
2025-07-30 09:52:08,081 - ERROR - DB insert error: UNIQUE constraint failed: keyword_index.id
2025-07-30 09:52:08,081 - ERROR - DB insert error: UNIQUE constraint failed: keyword_index.id
2025-07-30 09:52:08,082 - ERROR - DB insert error: UNIQUE constraint failed: keyword_index.id
2025-07-30 09:52:08,082 - ERROR - DB insert error: UNIQUE constraint failed: keyword_index.id
2025-07-30 09:52:08,082 - ERROR - DB insert error: UNIQUE constraint failed: keyword_index.id
2025-07-30 09:52:08,082 - ERROR - DB insert error: UNIQUE constraint failed: keyword_index.id
2025-07-30 09:52:08,082 - ERROR - DB insert error: UNIQUE constraint failed: keyword_index.id
2025-07-30 09:52:08,082 - ERROR - DB insert error: UNIQUE constraint failed: keyword_index.id
2025-07-30 09:52:08,083 - ERROR - DB insert error: UNIQUE constraint failed: keyword_index.id
2025-07-30 09:52:08,083 - ERROR - DB insert error: UNIQUE constraint failed: keyword_index.id
2025-07-30 09:52:08,083 - ERROR - DB insert error: UNIQUE constraint failed: keyword_index.id
2025-07-30 09:52:08,084 - ERROR - DB insert error: UNIQUE constraint failed: keyword_index.id
2025-07-30 09:52:08,084 - ERROR - DB insert error: UNIQUE constraint failed: keyword_index.id
2025-07-30 09:52:08,084 - ERROR - DB insert error: UNIQUE constraint failed: keyword_index.id
2025-07-30 09:52:08,085 - ERROR - DB insert error: UNIQUE constraint failed: keyword_index.id
2025-07-30 09:52:08,085 - ERROR - DB insert error: UNIQUE constraint failed: keyword_index.id
2025-07-30 09:52:08,085 - ERROR - DB insert error: UNIQUE constraint failed: keyword_index.id
2025-07-30 09:52:08,085 - ERROR - DB insert error: UNIQUE constraint failed: keyword_index.id
2025-07-30 09:52:08,085 - ERROR - DB insert error: UNIQUE constraint failed: keyword_index.id
2025-07-30 09:52:08,086 - ERROR - DB insert error: UNIQUE constraint failed: keyword_index.id
2025-07-30 09:52:08,086 - ERROR - DB insert error: UNIQUE constraint failed: keyword_index.id
2025-07-30 09:52:08,086 - ERROR - DB insert error: UNIQUE constraint failed: keyword_index.id
2025-07-30 09:52:08,086 - ERROR - DB insert error: UNIQUE constraint failed: keyword_index.id
2025-07-30 09:52:08,087 - ERROR - DB insert error: UNIQUE constraint failed: keyword_index.id
2025-07-30 09:52:08,087 - ERROR - DB insert error: UNIQUE constraint failed: keyword_index.id
2025-07-30 09:52:08,087 - ERROR - DB insert error: UNIQUE constraint failed: keyword_index.id
2025-07-30 09:52:08,087 - ERROR - DB insert error: UNIQUE constraint failed: keyword_index.id
2025-07-30 09:52:08,087 - ERROR - DB insert error: UNIQUE constraint failed: keyword_index.id
2025-07-30 09:52:08,088 - ERROR - DB insert error: UNIQUE constraint failed: keyword_index.id
2025-07-30 09:52:08,088 - ERROR - DB insert error: UNIQUE constraint failed: keyword_index.id
2025-07-30 09:52:08,088 - ERROR - DB insert error: UNIQUE constraint failed: keyword_index.id
2025-07-30 09:52:08,088 - ERROR - DB insert error: UNIQUE constraint failed: keyword_index.id
2025-07-30 09:52:08,088 - ERROR - DB insert error: UNIQUE constraint failed: keyword_index.id
2025-07-30 09:52:08,089 - ERROR - DB insert error: UNIQUE constraint failed: keyword_index.id
2025-07-30 09:52:08,089 - ERROR - DB insert error: UNIQUE constraint failed: keyword_index.id
2025-07-30 09:52:08,089 - ERROR - DB insert error: UNIQUE constraint failed: keyword_index.id
2025-07-30 09:52:08,089 - ERROR - DB insert error: UNIQUE constraint failed: keyword_index.id
2025-07-30 09:52:08,090 - ERROR - DB insert error: UNIQUE constraint failed: keyword_index.id
2025-07-30 09:52:08,090 - ERROR - DB insert error: UNIQUE constraint failed: keyword_index.id
2025-07-30 09:52:08,090 - ERROR - DB insert error: UNIQUE constraint failed: keyword_index.id
2025-07-30 09:52:08,090 - ERROR - DB insert error: UNIQUE constraint failed: keyword_index.id
2025-07-30 09:52:08,091 - ERROR - DB insert error: UNIQUE constraint failed: keyword_index.id
2025-07-30 09:52:08,091 - ERROR - DB insert error: UNIQUE constraint failed: keyword_index.id
2025-07-30 09:52:08,091 - ERROR - DB insert error: UNIQUE constraint failed: keyword_index.id
2025-07-30 09:52:08,091 - ERROR - DB insert error: UNIQUE constraint failed: keyword_index.id
2025-07-30 09:52:08,091 - ERROR - DB insert error: UNIQUE constraint failed: keyword_index.id
2025-07-30 09:52:08,092 - ERROR - DB insert error: UNIQUE constraint failed: keyword_index.id
2025-07-30 09:52:08,092 - ERROR - DB insert error: UNIQUE constraint failed: keyword_index.id
2025-07-30 09:52:08,092 - ERROR - DB insert error: UNIQUE constraint failed: keyword_index.id
2025-07-30 09:52:08,093 - ERROR - DB insert error: UNIQUE constraint failed: keyword_index.id
2025-07-30 09:52:08,093 - ERROR - DB insert error: UNIQUE constraint failed: keyword_index.id
2025-07-30 09:52:08,093 - ERROR - DB insert error: UNIQUE constraint failed: keyword_index.id
2025-07-30 09:52:08,093 - ERROR - DB insert error: UNIQUE constraint failed: keyword_index.id
2025-07-30 09:52:08,094 - ERROR - DB insert error: UNIQUE constraint failed: keyword_index.id
2025-07-30 09:52:08,094 - ERROR - DB insert error: UNIQUE constraint failed: keyword_index.id
2025-07-30 09:52:08,094 - ERROR - DB insert error: UNIQUE constraint failed: keyword_index.id
2025-07-30 09:52:08,094 - ERROR - DB insert error: UNIQUE constraint failed: keyword_index.id
2025-07-30 09:52:08,094 - ERROR - DB insert error: UNIQUE constraint failed: keyword_index.id
2025-07-30 09:52:08,094 - ERROR - DB insert error: UNIQUE constraint failed: keyword_index.id
2025-07-30 09:52:08,095 - ERROR - DB insert error: UNIQUE constraint failed: keyword_index.id
2025-07-30 09:52:08,095 - ERROR - DB insert error: UNIQUE constraint failed: keyword_index.id
2025-07-30 09:52:08,095 - ERROR - DB insert error: UNIQUE constraint failed: keyword_index.id
2025-07-30 09:52:08,096 - ERROR - DB insert error: UNIQUE constraint failed: keyword_index.id
2025-07-30 09:52:08,096 - ERROR - DB insert error: UNIQUE constraint failed: keyword_index.id
2025-07-30 09:52:08,096 - ERROR - DB insert error: UNIQUE constraint failed: keyword_index.id
2025-07-30 09:52:08,097 - ERROR - DB insert error: UNIQUE constraint failed: keyword_index.id
2025-07-30 09:52:08,097 - ERROR - DB insert error: UNIQUE constraint failed: keyword_index.id
2025-07-30 09:52:08,097 - ERROR - DB insert error: UNIQUE constraint failed: keyword_index.id
2025-07-30 09:52:08,097 - ERROR - DB insert error: UNIQUE constraint failed: keyword_index.id
2025-07-30 09:52:08,097 - ERROR - DB insert error: UNIQUE constraint failed: keyword_index.id
2025-07-30 09:52:08,098 - ERROR - DB insert error: UNIQUE constraint failed: keyword_index.id
2025-07-30 09:52:08,098 - ERROR - DB insert error: UNIQUE constraint failed: keyword_index.id
2025-07-30 09:52:08,098 - ERROR - DB insert error: UNIQUE constraint failed: keyword_index.id
2025-07-30 09:52:08,098 - ERROR - DB insert error: UNIQUE constraint failed: keyword_index.id
2025-07-30 09:52:08,099 - ERROR - DB insert error: UNIQUE constraint failed: keyword_index.id
2025-07-30 09:52:08,099 - ERROR - DB insert error: UNIQUE constraint failed: keyword_index.id
2025-07-30 09:52:08,099 - ERROR - DB insert error: UNIQUE constraint failed: keyword_index.id
2025-07-30 09:52:08,100 - ERROR - DB insert error: UNIQUE constraint failed: keyword_index.id
2025-07-30 09:52:08,100 - ERROR - DB insert error: UNIQUE constraint failed: keyword_index.id
2025-07-30 09:52:08,100 - ERROR - DB insert error: UNIQUE constraint failed: keyword_index.id
2025-07-30 09:52:08,100 - ERROR - DB insert error: UNIQUE constraint failed: keyword_index.id
2025-07-30 09:52:08,101 - ERROR - DB insert error: UNIQUE constraint failed: keyword_index.id
2025-07-30 09:52:08,101 - ERROR - DB insert error: UNIQUE constraint failed: keyword_index.id
2025-07-30 09:52:08,101 - ERROR - DB insert error: UNIQUE constraint failed: keyword_index.id
2025-07-30 09:52:08,101 - ERROR - DB insert error: UNIQUE constraint failed: keyword_index.id
2025-07-30 09:52:08,101 - ERROR - DB insert error: UNIQUE constraint failed: keyword_index.id
2025-07-30 09:52:08,102 - ERROR - DB insert error: UNIQUE constraint failed: keyword_index.id
2025-07-30 09:52:08,102 - ERROR - DB insert error: UNIQUE constraint failed: keyword_index.id
2025-07-30 09:52:08,102 - ERROR - DB insert error: UNIQUE constraint failed: keyword_index.id
2025-07-30 09:52:08,102 - ERROR - DB insert error: UNIQUE constraint failed: keyword_index.id
2025-07-30 09:52:08,102 - ERROR - DB insert error: UNIQUE constraint failed: keyword_index.id
2025-07-30 09:52:08,103 - ERROR - DB insert error: UNIQUE constraint failed: keyword_index.id
2025-07-30 09:52:08,103 - ERROR - DB insert error: UNIQUE constraint failed: keyword_index.id
2025-07-30 09:52:08,103 - ERROR - DB insert error: UNIQUE constraint failed: keyword_index.id
2025-07-30 09:52:08,103 - ERROR - DB insert error: UNIQUE constraint failed: keyword_index.id
2025-07-30 09:52:08,104 - ERROR - DB insert error: UNIQUE constraint failed: keyword_index.id
2025-07-30 09:52:08,104 - ERROR - DB insert error: UNIQUE constraint failed: keyword_index.id
2025-07-30 09:52:08,104 - ERROR - DB insert error: UNIQUE constraint failed: keyword_index.id
2025-07-30 09:52:08,104 - ERROR - DB insert error: UNIQUE constraint failed: keyword_index.id
2025-07-30 09:52:08,104 - ERROR - DB insert error: UNIQUE constraint failed: keyword_index.id
2025-07-30 09:52:08,105 - ERROR - DB insert error: UNIQUE constraint failed: keyword_index.id
2025-07-30 09:52:08,105 - ERROR - DB insert error: UNIQUE constraint failed: keyword_index.id
2025-07-30 09:52:08,105 - ERROR - DB insert error: UNIQUE constraint failed: keyword_index.id
2025-07-30 09:52:08,106 - ERROR - DB insert error: UNIQUE constraint failed: keyword_index.id
2025-07-30 09:52:08,106 - ERROR - DB insert error: UNIQUE constraint failed: keyword_index.id
2025-07-30 09:52:08,106 - ERROR - DB insert error: UNIQUE constraint failed: keyword_index.id
2025-07-30 09:52:08,106 - ERROR - DB insert error: UNIQUE constraint failed: keyword_index.id
2025-07-30 09:52:08,107 - ERROR - DB insert error: UNIQUE constraint failed: keyword_index.id
2025-07-30 09:52:08,107 - ERROR - DB insert error: UNIQUE constraint failed: keyword_index.id
2025-07-30 09:52:08,107 - ERROR - DB insert error: UNIQUE constraint failed: keyword_index.id
2025-07-30 09:52:08,108 - ERROR - DB insert error: UNIQUE constraint failed: keyword_index.id
2025-07-30 09:52:08,108 - ERROR - DB insert error: UNIQUE constraint failed: keyword_index.id
2025-07-30 09:52:08,108 - ERROR - DB insert error: UNIQUE constraint failed: keyword_index.id
2025-07-30 09:52:08,108 - ERROR - DB insert error: UNIQUE constraint failed: keyword_index.id
2025-07-30 09:52:08,109 - ERROR - DB insert error: UNIQUE constraint failed: keyword_index.id
2025-07-30 09:52:08,109 - ERROR - DB insert error: UNIQUE constraint failed: keyword_index.id
2025-07-30 09:52:08,109 - ERROR - DB insert error: UNIQUE constraint failed: keyword_index.id
2025-07-30 09:52:08,109 - ERROR - DB insert error: UNIQUE constraint failed: keyword_index.id
2025-07-30 09:52:08,110 - ERROR - DB insert error: UNIQUE constraint failed: keyword_index.id
2025-07-30 09:52:08,110 - ERROR - DB insert error: UNIQUE constraint failed: keyword_index.id
2025-07-30 09:52:08,110 - ERROR - DB insert error: UNIQUE constraint failed: keyword_index.id
2025-07-30 09:52:08,110 - ERROR - DB insert error: UNIQUE constraint failed: keyword_index.id
2025-07-30 09:52:08,111 - ERROR - DB insert error: UNIQUE constraint failed: keyword_index.id
2025-07-30 09:52:08,111 - ERROR - DB insert error: UNIQUE constraint failed: keyword_index.id
2025-07-30 09:52:08,111 - ERROR - DB insert error: UNIQUE constraint failed: keyword_index.id
2025-07-30 09:52:08,111 - ERROR - DB insert error: UNIQUE constraint failed: keyword_index.id
2025-07-30 09:52:08,111 - ERROR - DB insert error: UNIQUE constraint failed: keyword_index.id
2025-07-30 09:52:08,112 - ERROR - DB insert error: UNIQUE constraint failed: keyword_index.id
2025-07-30 09:52:08,112 - ERROR - DB insert error: UNIQUE constraint failed: keyword_index.id
2025-07-30 09:52:08,112 - ERROR - DB insert error: UNIQUE constraint failed: keyword_index.id
2025-07-30 09:52:08,113 - ERROR - DB insert error: UNIQUE constraint failed: keyword_index.id
2025-07-30 09:52:08,113 - ERROR - DB insert error: UNIQUE constraint failed: keyword_index.id
2025-07-30 09:52:08,113 - ERROR - DB insert error: UNIQUE constraint failed: keyword_index.id
2025-07-30 09:52:08,113 - ERROR - DB insert error: UNIQUE constraint failed: keyword_index.id
2025-07-30 09:52:08,114 - ERROR - DB insert error: UNIQUE constraint failed: keyword_index.id
2025-07-30 09:52:08,114 - ERROR - DB insert error: UNIQUE constraint failed: keyword_index.id
2025-07-30 09:52:08,114 - ERROR - DB insert error: UNIQUE constraint failed: keyword_index.id
2025-07-30 09:52:08,114 - ERROR - DB insert error: UNIQUE constraint failed: keyword_index.id
2025-07-30 09:52:08,115 - ERROR - DB insert error: UNIQUE constraint failed: keyword_index.id
2025-07-30 09:52:08,115 - ERROR - DB insert error: UNIQUE constraint failed: keyword_index.id
2025-07-30 09:52:08,115 - ERROR - DB insert error: UNIQUE constraint failed: keyword_index.id
2025-07-30 09:52:08,115 - ERROR - DB insert error: UNIQUE constraint failed: keyword_index.id
2025-07-30 09:52:08,116 - ERROR - DB insert error: UNIQUE constraint failed: keyword_index.id
2025-07-30 09:52:08,116 - ERROR - DB insert error: UNIQUE constraint failed: keyword_index.id
2025-07-30 09:52:08,116 - ERROR - DB insert error: UNIQUE constraint failed: keyword_index.id
2025-07-30 09:52:08,116 - ERROR - DB insert error: UNIQUE constraint failed: keyword_index.id
2025-07-30 09:52:08,116 - ERROR - DB insert error: UNIQUE constraint failed: keyword_index.id
2025-07-30 09:52:08,117 - ERROR - DB insert error: UNIQUE constraint failed: keyword_index.id
2025-07-30 09:52:08,117 - ERROR - DB insert error: UNIQUE constraint failed: keyword_index.id
2025-07-30 09:52:08,117 - ERROR - DB insert error: UNIQUE constraint failed: keyword_index.id
2025-07-30 09:52:08,117 - ERROR - DB insert error: UNIQUE constraint failed: keyword_index.id
2025-07-30 09:52:08,118 - ERROR - DB insert error: UNIQUE constraint failed: keyword_index.id
2025-07-30 09:52:08,118 - ERROR - DB insert error: UNIQUE constraint failed: keyword_index.id
2025-07-30 09:52:08,118 - ERROR - DB insert error: UNIQUE constraint failed: keyword_index.id
2025-07-30 09:52:08,118 - ERROR - DB insert error: UNIQUE constraint failed: keyword_index.id
2025-07-30 09:52:08,118 - ERROR - DB insert error: UNIQUE constraint failed: keyword_index.id
2025-07-30 09:52:08,119 - ERROR - DB insert error: UNIQUE constraint failed: keyword_index.id
2025-07-30 09:52:08,119 - ERROR - DB insert error: UNIQUE constraint failed: keyword_index.id
2025-07-30 09:52:08,120 - ERROR - DB insert error: UNIQUE constraint failed: keyword_index.id
2025-07-30 09:52:08,120 - ERROR - DB insert error: UNIQUE constraint failed: keyword_index.id
2025-07-30 09:52:08,120 - ERROR - DB insert error: UNIQUE constraint failed: keyword_index.id
2025-07-30 09:52:08,120 - ERROR - DB insert error: UNIQUE constraint failed: keyword_index.id
2025-07-30 09:52:08,120 - ERROR - DB insert error: UNIQUE constraint failed: keyword_index.id
2025-07-30 09:52:08,120 - ERROR - DB insert error: UNIQUE constraint failed: keyword_index.id
2025-07-30 09:52:08,121 - ERROR - DB insert error: UNIQUE constraint failed: keyword_index.id
2025-07-30 09:52:08,121 - ERROR - DB insert error: UNIQUE constraint failed: keyword_index.id
2025-07-30 09:52:08,121 - ERROR - DB insert error: UNIQUE constraint failed: keyword_index.id
2025-07-30 09:52:08,122 - ERROR - DB insert error: UNIQUE constraint failed: keyword_index.id
2025-07-30 09:52:08,122 - ERROR - DB insert error: UNIQUE constraint failed: keyword_index.id
2025-07-30 09:52:08,122 - ERROR - DB insert error: UNIQUE constraint failed: keyword_index.id
2025-07-30 09:52:08,123 - ERROR - DB insert error: UNIQUE constraint failed: keyword_index.id
2025-07-30 09:52:08,123 - ERROR - DB insert error: UNIQUE constraint failed: keyword_index.id
2025-07-30 09:52:08,123 - ERROR - DB insert error: UNIQUE constraint failed: keyword_index.id
2025-07-30 09:52:08,124 - ERROR - DB insert error: UNIQUE constraint failed: keyword_index.id
2025-07-30 09:52:08,124 - ERROR - DB insert error: UNIQUE constraint failed: keyword_index.id
2025-07-30 09:52:08,124 - ERROR - DB insert error: UNIQUE constraint failed: keyword_index.id
2025-07-30 09:52:08,124 - ERROR - DB insert error: UNIQUE constraint failed: keyword_index.id
2025-07-30 09:52:08,125 - ERROR - DB insert error: UNIQUE constraint failed: keyword_index.id
2025-07-30 09:52:08,125 - ERROR - DB insert error: UNIQUE constraint failed: keyword_index.id
2025-07-30 09:52:08,125 - ERROR - DB insert error: UNIQUE constraint failed: keyword_index.id
2025-07-30 09:52:08,125 - ERROR - DB insert error: UNIQUE constraint failed: keyword_index.id
2025-07-30 09:52:08,126 - ERROR - DB insert error: UNIQUE constraint failed: keyword_index.id
2025-07-30 09:52:08,126 - ERROR - DB insert error: UNIQUE constraint failed: keyword_index.id
2025-07-30 09:52:08,126 - ERROR - DB insert error: UNIQUE constraint failed: keyword_index.id
2025-07-30 09:52:08,126 - ERROR - DB insert error: UNIQUE constraint failed: keyword_index.id
2025-07-30 09:52:08,127 - ERROR - DB insert error: UNIQUE constraint failed: keyword_index.id
2025-07-30 09:52:08,127 - ERROR - DB insert error: UNIQUE constraint failed: keyword_index.id
2025-07-30 09:52:08,127 - ERROR - DB insert error: UNIQUE constraint failed: keyword_index.id
2025-07-30 09:52:08,127 - ERROR - DB insert error: UNIQUE constraint failed: keyword_index.id
2025-07-30 09:52:08,128 - ERROR - DB insert error: UNIQUE constraint failed: keyword_index.id
2025-07-30 09:52:08,128 - ERROR - DB insert error: UNIQUE constraint failed: keyword_index.id
2025-07-30 09:52:08,128 - ERROR - DB insert error: UNIQUE constraint failed: keyword_index.id
2025-07-30 09:52:08,128 - ERROR - DB insert error: UNIQUE constraint failed: keyword_index.id
2025-07-30 09:52:08,129 - ERROR - DB insert error: UNIQUE constraint failed: keyword_index.id
2025-07-30 09:52:08,129 - ERROR - DB insert error: UNIQUE constraint failed: keyword_index.id
2025-07-30 09:52:08,129 - ERROR - DB insert error: UNIQUE constraint failed: keyword_index.id
2025-07-30 09:52:08,129 - ERROR - DB insert error: UNIQUE constraint failed: keyword_index.id
2025-07-30 09:52:08,129 - ERROR - DB insert error: UNIQUE constraint failed: keyword_index.id
2025-07-30 09:52:08,130 - ERROR - DB insert error: UNIQUE constraint failed: keyword_index.id
2025-07-30 09:52:08,130 - ERROR - DB insert error: UNIQUE constraint failed: keyword_index.id
2025-07-30 09:52:08,130 - ERROR - DB insert error: UNIQUE constraint failed: keyword_index.id
2025-07-30 09:52:08,130 - ERROR - DB insert error: UNIQUE constraint failed: keyword_index.id
2025-07-30 09:52:08,130 - ERROR - DB insert error: UNIQUE constraint failed: keyword_index.id
2025-07-30 09:52:08,131 - ERROR - DB insert error: UNIQUE constraint failed: keyword_index.id
2025-07-30 09:52:08,131 - ERROR - DB insert error: UNIQUE constraint failed: keyword_index.id
2025-07-30 09:52:08,131 - ERROR - DB insert error: UNIQUE constraint failed: keyword_index.id
2025-07-30 09:52:08,131 - ERROR - DB insert error: UNIQUE constraint failed: keyword_index.id
2025-07-30 09:52:08,132 - ERROR - DB insert error: UNIQUE constraint failed: keyword_index.id
2025-07-30 09:52:08,132 - ERROR - DB insert error: UNIQUE constraint failed: keyword_index.id
2025-07-30 09:52:08,132 - ERROR - DB insert error: UNIQUE constraint failed: keyword_index.id
2025-07-30 09:52:08,133 - ERROR - DB insert error: UNIQUE constraint failed: keyword_index.id
2025-07-30 09:52:08,133 - ERROR - DB insert error: UNIQUE constraint failed: keyword_index.id
2025-07-30 09:52:08,133 - ERROR - DB insert error: UNIQUE constraint failed: keyword_index.id
2025-07-30 09:52:08,133 - ERROR - DB insert error: UNIQUE constraint failed: keyword_index.id
2025-07-30 09:52:08,134 - ERROR - DB insert error: UNIQUE constraint failed: keyword_index.id
2025-07-30 09:52:08,134 - ERROR - DB insert error: UNIQUE constraint failed: keyword_index.id
2025-07-30 09:52:08,134 - ERROR - DB insert error: UNIQUE constraint failed: keyword_index.id
2025-07-30 09:52:08,134 - ERROR - DB insert error: UNIQUE constraint failed: keyword_index.id
2025-07-30 09:52:08,134 - ERROR - DB insert error: UNIQUE constraint failed: keyword_index.id
2025-07-30 09:52:08,135 - ERROR - DB insert error: UNIQUE constraint failed: keyword_index.id
2025-07-30 09:52:08,135 - ERROR - DB insert error: UNIQUE constraint failed: keyword_index.id
2025-07-30 09:52:08,135 - ERROR - DB insert error: UNIQUE constraint failed: keyword_index.id
2025-07-30 09:52:08,135 - ERROR - DB insert error: UNIQUE constraint failed: keyword_index.id
2025-07-30 09:52:08,136 - ERROR - DB insert error: UNIQUE constraint failed: keyword_index.id
2025-07-30 09:52:08,136 - ERROR - DB insert error: UNIQUE constraint failed: keyword_index.id
2025-07-30 09:52:08,136 - ERROR - DB insert error: UNIQUE constraint failed: keyword_index.id
2025-07-30 09:52:08,136 - ERROR - DB insert error: UNIQUE constraint failed: keyword_index.id
2025-07-30 09:52:08,137 - ERROR - DB insert error: UNIQUE constraint failed: keyword_index.id
2025-07-30 09:52:08,137 - ERROR - DB insert error: UNIQUE constraint failed: keyword_index.id
2025-07-30 09:52:08,137 - ERROR - DB insert error: UNIQUE constraint failed: keyword_index.id
2025-07-30 09:52:08,137 - ERROR - DB insert error: UNIQUE constraint failed: keyword_index.id
2025-07-30 09:52:08,138 - ERROR - DB insert error: UNIQUE constraint failed: keyword_index.id
2025-07-30 09:52:08,138 - ERROR - DB insert error: UNIQUE constraint failed: keyword_index.id
2025-07-30 09:52:08,138 - ERROR - DB insert error: UNIQUE constraint failed: keyword_index.id
2025-07-30 09:52:08,138 - ERROR - DB insert error: UNIQUE constraint failed: keyword_index.id
2025-07-30 09:52:08,139 - ERROR - DB insert error: UNIQUE constraint failed: keyword_index.id
2025-07-30 09:52:08,139 - ERROR - DB insert error: UNIQUE constraint failed: keyword_index.id
2025-07-30 09:52:08,139 - ERROR - DB insert error: UNIQUE constraint failed: keyword_index.id
2025-07-30 09:52:08,139 - ERROR - DB insert error: UNIQUE constraint failed: keyword_index.id
2025-07-30 09:52:08,139 - ERROR - DB insert error: UNIQUE constraint failed: keyword_index.id
2025-07-30 09:52:08,140 - ERROR - DB insert error: UNIQUE constraint failed: keyword_index.id
2025-07-30 09:52:08,140 - ERROR - DB insert error: UNIQUE constraint failed: keyword_index.id
2025-07-30 09:52:08,140 - ERROR - DB insert error: UNIQUE constraint failed: keyword_index.id
2025-07-30 09:52:08,140 - ERROR - DB insert error: UNIQUE constraint failed: keyword_index.id
2025-07-30 09:52:08,141 - ERROR - DB insert error: UNIQUE constraint failed: keyword_index.id
2025-07-30 09:52:08,141 - ERROR - DB insert error: UNIQUE constraint failed: keyword_index.id
2025-07-30 09:52:08,141 - ERROR - DB insert error: UNIQUE constraint failed: keyword_index.id
2025-07-30 09:52:08,141 - ERROR - DB insert error: UNIQUE constraint failed: keyword_index.id
2025-07-30 09:52:08,142 - ERROR - DB insert error: UNIQUE constraint failed: keyword_index.id
2025-07-30 09:52:08,142 - ERROR - DB insert error: UNIQUE constraint failed: keyword_index.id
2025-07-30 09:52:08,142 - ERROR - DB insert error: UNIQUE constraint failed: keyword_index.id
2025-07-30 09:52:08,142 - ERROR - DB insert error: UNIQUE constraint failed: keyword_index.id
2025-07-30 09:52:08,143 - ERROR - DB insert error: UNIQUE constraint failed: keyword_index.id
2025-07-30 09:52:08,143 - ERROR - DB insert error: UNIQUE constraint failed: keyword_index.id
2025-07-30 09:52:08,143 - ERROR - DB insert error: UNIQUE constraint failed: keyword_index.id
2025-07-30 09:52:08,144 - ERROR - DB insert error: UNIQUE constraint failed: keyword_index.id
2025-07-30 09:52:08,144 - ERROR - DB insert error: UNIQUE constraint failed: keyword_index.id
2025-07-30 09:52:08,144 - ERROR - DB insert error: UNIQUE constraint failed: keyword_index.id
2025-07-30 09:52:08,144 - ERROR - DB insert error: UNIQUE constraint failed: keyword_index.id
2025-07-30 09:52:08,145 - ERROR - DB insert error: UNIQUE constraint failed: keyword_index.id
2025-07-30 09:52:08,145 - ERROR - DB insert error: UNIQUE constraint failed: keyword_index.id
2025-07-30 09:52:08,145 - ERROR - DB insert error: UNIQUE constraint failed: keyword_index.id
2025-07-30 09:52:08,146 - ERROR - DB insert error: UNIQUE constraint failed: keyword_index.id
2025-07-30 09:52:08,146 - ERROR - DB insert error: UNIQUE constraint failed: keyword_index.id
2025-07-30 09:52:08,146 - ERROR - DB insert error: UNIQUE constraint failed: keyword_index.id
2025-07-30 09:52:08,146 - ERROR - DB insert error: UNIQUE constraint failed: keyword_index.id
2025-07-30 09:52:08,147 - ERROR - DB insert error: UNIQUE constraint failed: keyword_index.id
2025-07-30 09:52:08,147 - ERROR - DB insert error: UNIQUE constraint failed: keyword_index.id
2025-07-30 09:52:08,147 - ERROR - DB insert error: UNIQUE constraint failed: keyword_index.id
2025-07-30 09:52:08,147 - ERROR - DB insert error: UNIQUE constraint failed: keyword_index.id
2025-07-30 09:52:08,148 - ERROR - DB insert error: UNIQUE constraint failed: keyword_index.id
2025-07-30 09:52:08,148 - ERROR - DB insert error: UNIQUE constraint failed: keyword_index.id
2025-07-30 09:52:08,148 - ERROR - DB insert error: UNIQUE constraint failed: keyword_index.id
2025-07-30 09:52:08,148 - ERROR - DB insert error: UNIQUE constraint failed: keyword_index.id
2025-07-30 09:52:08,149 - ERROR - DB insert error: UNIQUE constraint failed: keyword_index.id
2025-07-30 09:52:08,149 - ERROR - DB insert error: UNIQUE constraint failed: keyword_index.id
2025-07-30 09:52:08,149 - ERROR - DB insert error: UNIQUE constraint failed: keyword_index.id
2025-07-30 09:52:08,149 - ERROR - DB insert error: UNIQUE constraint failed: keyword_index.id
2025-07-30 09:52:08,150 - ERROR - DB insert error: UNIQUE constraint failed: keyword_index.id
2025-07-30 09:52:08,150 - ERROR - DB insert error: UNIQUE constraint failed: keyword_index.id
2025-07-30 09:52:08,150 - ERROR - DB insert error: UNIQUE constraint failed: keyword_index.id
2025-07-30 09:52:08,151 - ERROR - DB insert error: UNIQUE constraint failed: keyword_index.id
2025-07-30 09:52:08,151 - ERROR - DB insert error: UNIQUE constraint failed: keyword_index.id
2025-07-30 09:52:08,151 - ERROR - DB insert error: UNIQUE constraint failed: keyword_index.id
2025-07-30 09:52:08,152 - ERROR - DB insert error: UNIQUE constraint failed: keyword_index.id
2025-07-30 09:52:08,152 - ERROR - DB insert error: UNIQUE constraint failed: keyword_index.id
2025-07-30 09:52:08,152 - ERROR - DB insert error: UNIQUE constraint failed: keyword_index.id
2025-07-30 09:52:08,153 - ERROR - DB insert error: UNIQUE constraint failed: keyword_index.id
2025-07-30 09:52:08,153 - ERROR - DB insert error: UNIQUE constraint failed: keyword_index.id
2025-07-30 09:52:08,153 - ERROR - DB insert error: UNIQUE constraint failed: keyword_index.id
2025-07-30 09:52:08,153 - ERROR - DB insert error: UNIQUE constraint failed: keyword_index.id
2025-07-30 09:52:08,154 - ERROR - DB insert error: UNIQUE constraint failed: keyword_index.id
2025-07-30 09:52:08,154 - ERROR - DB insert error: UNIQUE constraint failed: keyword_index.id
2025-07-30 09:52:08,154 - ERROR - DB insert error: UNIQUE constraint failed: keyword_index.id
2025-07-30 09:52:08,154 - ERROR - DB insert error: UNIQUE constraint failed: keyword_index.id
2025-07-30 09:52:08,155 - ERROR - DB insert error: UNIQUE constraint failed: keyword_index.id
2025-07-30 09:52:08,155 - ERROR - DB insert error: UNIQUE constraint failed: keyword_index.id
2025-07-30 09:52:08,155 - ERROR - DB insert error: UNIQUE constraint failed: keyword_index.id
2025-07-30 09:52:08,156 - ERROR - DB insert error: UNIQUE constraint failed: keyword_index.id
2025-07-30 09:52:08,156 - ERROR - DB insert error: UNIQUE constraint failed: keyword_index.id
2025-07-30 09:52:08,156 - ERROR - DB insert error: UNIQUE constraint failed: keyword_index.id
2025-07-30 09:52:08,157 - ERROR - DB insert error: UNIQUE constraint failed: keyword_index.id
2025-07-30 09:52:08,157 - ERROR - DB insert error: UNIQUE constraint failed: keyword_index.id
2025-07-30 09:52:08,158 - ERROR - DB insert error: UNIQUE constraint failed: keyword_index.id
2025-07-30 09:52:08,158 - ERROR - DB insert error: UNIQUE constraint failed: keyword_index.id
2025-07-30 09:52:08,158 - ERROR - DB insert error: UNIQUE constraint failed: keyword_index.id
2025-07-30 09:52:08,159 - ERROR - DB insert error: UNIQUE constraint failed: keyword_index.id
2025-07-30 09:52:08,159 - ERROR - DB insert error: UNIQUE constraint failed: keyword_index.id
2025-07-30 09:52:08,159 - ERROR - DB insert error: UNIQUE constraint failed: keyword_index.id
2025-07-30 09:52:08,159 - ERROR - DB insert error: UNIQUE constraint failed: keyword_index.id
2025-07-30 09:52:08,160 - ERROR - DB insert error: UNIQUE constraint failed: keyword_index.id
2025-07-30 09:52:08,160 - ERROR - DB insert error: UNIQUE constraint failed: keyword_index.id
2025-07-30 09:52:08,160 - ERROR - DB insert error: UNIQUE constraint failed: keyword_index.id
2025-07-30 09:52:08,161 - ERROR - DB insert error: UNIQUE constraint failed: keyword_index.id
2025-07-30 09:52:08,161 - ERROR - DB insert error: UNIQUE constraint failed: keyword_index.id
2025-07-30 09:52:08,161 - ERROR - DB insert error: UNIQUE constraint failed: keyword_index.id
2025-07-30 09:52:08,161 - ERROR - DB insert error: UNIQUE constraint failed: keyword_index.id
2025-07-30 09:52:08,161 - ERROR - DB insert error: UNIQUE constraint failed: keyword_index.id
2025-07-30 09:52:08,162 - ERROR - DB insert error: UNIQUE constraint failed: keyword_index.id
2025-07-30 09:52:08,162 - ERROR - DB insert error: UNIQUE constraint failed: keyword_index.id
2025-07-30 09:52:08,162 - ERROR - DB insert error: UNIQUE constraint failed: keyword_index.id
2025-07-30 09:52:08,162 - ERROR - DB insert error: UNIQUE constraint failed: keyword_index.id
2025-07-30 09:52:08,162 - ERROR - DB insert error: UNIQUE constraint failed: keyword_index.id
2025-07-30 09:52:08,163 - ERROR - DB insert error: UNIQUE constraint failed: keyword_index.id
2025-07-30 09:52:08,163 - ERROR - DB insert error: UNIQUE constraint failed: keyword_index.id
2025-07-30 09:52:08,163 - ERROR - DB insert error: UNIQUE constraint failed: keyword_index.id
2025-07-30 09:52:08,163 - ERROR - DB insert error: UNIQUE constraint failed: keyword_index.id
2025-07-30 09:52:08,164 - ERROR - DB insert error: UNIQUE constraint failed: keyword_index.id
2025-07-30 09:52:08,164 - ERROR - DB insert error: UNIQUE constraint failed: keyword_index.id
2025-07-30 09:52:08,164 - ERROR - DB insert error: UNIQUE constraint failed: keyword_index.id
2025-07-30 09:52:08,164 - ERROR - DB insert error: UNIQUE constraint failed: keyword_index.id
2025-07-30 09:52:08,164 - ERROR - DB insert error: UNIQUE constraint failed: keyword_index.id
2025-07-30 09:52:08,165 - ERROR - DB insert error: UNIQUE constraint failed: keyword_index.id
2025-07-30 09:52:08,165 - ERROR - DB insert error: UNIQUE constraint failed: keyword_index.id
2025-07-30 09:52:08,165 - ERROR - DB insert error: UNIQUE constraint failed: keyword_index.id
2025-07-30 09:52:08,166 - ERROR - DB insert error: UNIQUE constraint failed: keyword_index.id
2025-07-30 09:52:08,166 - ERROR - DB insert error: UNIQUE constraint failed: keyword_index.id
2025-07-30 09:52:08,166 - ERROR - DB insert error: UNIQUE constraint failed: keyword_index.id
2025-07-30 09:52:08,167 - ERROR - DB insert error: UNIQUE constraint failed: keyword_index.id
2025-07-30 09:52:08,167 - ERROR - DB insert error: UNIQUE constraint failed: keyword_index.id
2025-07-30 09:52:08,167 - ERROR - DB insert error: UNIQUE constraint failed: keyword_index.id
2025-07-30 09:52:08,167 - ERROR - DB insert error: UNIQUE constraint failed: keyword_index.id
2025-07-30 09:52:08,168 - ERROR - DB insert error: UNIQUE constraint failed: keyword_index.id
2025-07-30 09:52:08,168 - ERROR - DB insert error: UNIQUE constraint failed: keyword_index.id
2025-07-30 09:52:08,168 - ERROR - DB insert error: UNIQUE constraint failed: keyword_index.id
2025-07-30 09:52:08,169 - ERROR - DB insert error: UNIQUE constraint failed: keyword_index.id
2025-07-30 09:52:08,169 - ERROR - DB insert error: UNIQUE constraint failed: keyword_index.id
2025-07-30 09:52:08,169 - ERROR - DB insert error: UNIQUE constraint failed: keyword_index.id
2025-07-30 09:52:08,169 - ERROR - DB insert error: UNIQUE constraint failed: keyword_index.id
2025-07-30 09:52:08,169 - ERROR - DB insert error: UNIQUE constraint failed: keyword_index.id
2025-07-30 09:52:08,170 - ERROR - DB insert error: UNIQUE constraint failed: keyword_index.id
2025-07-30 09:52:08,170 - ERROR - DB insert error: UNIQUE constraint failed: keyword_index.id
2025-07-30 09:52:08,170 - ERROR - DB insert error: UNIQUE constraint failed: keyword_index.id
2025-07-30 09:52:08,170 - ERROR - DB insert error: UNIQUE constraint failed: keyword_index.id
2025-07-30 09:52:08,171 - ERROR - DB insert error: UNIQUE constraint failed: keyword_index.id
2025-07-30 09:52:08,171 - ERROR - DB insert error: UNIQUE constraint failed: keyword_index.id
2025-07-30 09:52:08,171 - ERROR - DB insert error: UNIQUE constraint failed: keyword_index.id
2025-07-30 09:52:08,172 - ERROR - DB insert error: UNIQUE constraint failed: keyword_index.id
2025-07-30 09:52:08,172 - ERROR - DB insert error: UNIQUE constraint failed: keyword_index.id
2025-07-30 09:52:08,172 - ERROR - DB insert error: UNIQUE constraint failed: keyword_index.id
2025-07-30 09:52:08,173 - ERROR - DB insert error: UNIQUE constraint failed: keyword_index.id
2025-07-30 09:52:08,173 - ERROR - DB insert error: UNIQUE constraint failed: keyword_index.id
2025-07-30 09:52:08,174 - ERROR - DB insert error: UNIQUE constraint failed: keyword_index.id
2025-07-30 09:52:08,174 - ERROR - DB insert error: UNIQUE constraint failed: keyword_index.id
2025-07-30 09:52:08,174 - ERROR - DB insert error: UNIQUE constraint failed: keyword_index.id
2025-07-30 09:52:08,174 - ERROR - DB insert error: UNIQUE constraint failed: keyword_index.id
2025-07-30 09:52:08,174 - ERROR - DB insert error: UNIQUE constraint failed: keyword_index.id
2025-07-30 09:52:08,175 - ERROR - DB insert error: UNIQUE constraint failed: keyword_index.id
2025-07-30 09:52:08,175 - ERROR - DB insert error: UNIQUE constraint failed: keyword_index.id
2025-07-30 09:52:08,175 - ERROR - DB insert error: UNIQUE constraint failed: keyword_index.id
2025-07-30 09:52:08,175 - ERROR - DB insert error: UNIQUE constraint failed: keyword_index.id
2025-07-30 09:52:08,176 - ERROR - DB insert error: UNIQUE constraint failed: keyword_index.id
2025-07-30 09:52:08,176 - ERROR - DB insert error: UNIQUE constraint failed: keyword_index.id
2025-07-30 09:52:08,176 - ERROR - DB insert error: UNIQUE constraint failed: keyword_index.id
2025-07-30 09:52:08,177 - ERROR - DB insert error: UNIQUE constraint failed: keyword_index.id
2025-07-30 09:52:08,177 - ERROR - DB insert error: UNIQUE constraint failed: keyword_index.id
2025-07-30 09:52:08,177 - ERROR - DB insert error: UNIQUE constraint failed: keyword_index.id
2025-07-30 09:52:08,177 - ERROR - DB insert error: UNIQUE constraint failed: keyword_index.id
2025-07-30 09:52:08,177 - ERROR - DB insert error: UNIQUE constraint failed: keyword_index.id
2025-07-30 09:52:08,178 - ERROR - DB insert error: UNIQUE constraint failed: keyword_index.id
2025-07-30 09:52:08,178 - ERROR - DB insert error: UNIQUE constraint failed: keyword_index.id
2025-07-30 09:52:08,178 - ERROR - DB insert error: UNIQUE constraint failed: keyword_index.id
2025-07-30 09:52:08,178 - ERROR - DB insert error: UNIQUE constraint failed: keyword_index.id
2025-07-30 09:52:08,178 - ERROR - DB insert error: UNIQUE constraint failed: keyword_index.id
2025-07-30 09:52:08,179 - ERROR - DB insert error: UNIQUE constraint failed: keyword_index.id
2025-07-30 09:52:08,179 - ERROR - DB insert error: UNIQUE constraint failed: keyword_index.id
2025-07-30 09:52:08,179 - ERROR - DB insert error: UNIQUE constraint failed: keyword_index.id
2025-07-30 09:52:08,180 - ERROR - DB insert error: UNIQUE constraint failed: keyword_index.id
2025-07-30 09:52:08,180 - ERROR - DB insert error: UNIQUE constraint failed: keyword_index.id
2025-07-30 09:52:08,180 - ERROR - DB insert error: UNIQUE constraint failed: keyword_index.id
2025-07-30 09:52:08,180 - ERROR - DB insert error: UNIQUE constraint failed: keyword_index.id
2025-07-30 09:52:08,181 - ERROR - DB insert error: UNIQUE constraint failed: keyword_index.id
2025-07-30 09:52:08,181 - ERROR - DB insert error: UNIQUE constraint failed: keyword_index.id
2025-07-30 09:52:08,181 - ERROR - DB insert error: UNIQUE constraint failed: keyword_index.id
2025-07-30 09:52:08,182 - ERROR - DB insert error: UNIQUE constraint failed: keyword_index.id
2025-07-30 09:52:08,182 - ERROR - DB insert error: UNIQUE constraint failed: keyword_index.id
2025-07-30 09:52:08,182 - ERROR - DB insert error: UNIQUE constraint failed: keyword_index.id
2025-07-30 09:52:08,182 - ERROR - DB insert error: UNIQUE constraint failed: keyword_index.id
2025-07-30 09:52:08,182 - ERROR - DB insert error: UNIQUE constraint failed: keyword_index.id
2025-07-30 09:52:08,183 - ERROR - DB insert error: UNIQUE constraint failed: keyword_index.id
2025-07-30 09:52:08,183 - ERROR - DB insert error: UNIQUE constraint failed: keyword_index.id
2025-07-30 09:52:08,183 - ERROR - DB insert error: UNIQUE constraint failed: keyword_index.id
2025-07-30 09:52:08,183 - ERROR - DB insert error: UNIQUE constraint failed: keyword_index.id
2025-07-30 09:52:08,184 - ERROR - DB insert error: UNIQUE constraint failed: keyword_index.id
2025-07-30 09:52:08,184 - ERROR - DB insert error: UNIQUE constraint failed: keyword_index.id
2025-07-30 09:52:08,184 - ERROR - DB insert error: UNIQUE constraint failed: keyword_index.id
2025-07-30 09:52:08,184 - ERROR - DB insert error: UNIQUE constraint failed: keyword_index.id
2025-07-30 09:52:08,184 - ERROR - DB insert error: UNIQUE constraint failed: keyword_index.id
2025-07-30 09:52:08,185 - ERROR - DB insert error: UNIQUE constraint failed: keyword_index.id
2025-07-30 09:52:08,185 - ERROR - DB insert error: UNIQUE constraint failed: keyword_index.id
2025-07-30 09:52:08,185 - ERROR - DB insert error: UNIQUE constraint failed: keyword_index.id
2025-07-30 09:52:08,185 - ERROR - DB insert error: UNIQUE constraint failed: keyword_index.id
2025-07-30 09:52:08,186 - ERROR - DB insert error: UNIQUE constraint failed: keyword_index.id
2025-07-30 09:52:08,186 - ERROR - DB insert error: UNIQUE constraint failed: keyword_index.id
2025-07-30 09:52:08,186 - ERROR - DB insert error: UNIQUE constraint failed: keyword_index.id
2025-07-30 09:52:08,186 - ERROR - DB insert error: UNIQUE constraint failed: keyword_index.id
2025-07-30 09:52:08,187 - ERROR - DB insert error: UNIQUE constraint failed: keyword_index.id
2025-07-30 09:52:08,187 - ERROR - DB insert error: UNIQUE constraint failed: keyword_index.id
2025-07-30 09:52:08,187 - ERROR - DB insert error: UNIQUE constraint failed: keyword_index.id
2025-07-30 09:52:08,188 - ERROR - DB insert error: UNIQUE constraint failed: keyword_index.id
2025-07-30 09:52:08,188 - ERROR - DB insert error: UNIQUE constraint failed: keyword_index.id
2025-07-30 09:52:08,188 - ERROR - DB insert error: UNIQUE constraint failed: keyword_index.id
2025-07-30 09:52:08,188 - ERROR - DB insert error: UNIQUE constraint failed: keyword_index.id
2025-07-30 09:52:08,188 - ERROR - DB insert error: UNIQUE constraint failed: keyword_index.id
2025-07-30 09:52:08,189 - ERROR - DB insert error: UNIQUE constraint failed: keyword_index.id
2025-07-30 09:52:08,189 - ERROR - DB insert error: UNIQUE constraint failed: keyword_index.id
2025-07-30 09:52:08,189 - ERROR - DB insert error: UNIQUE constraint failed: keyword_index.id
2025-07-30 09:52:08,189 - ERROR - DB insert error: UNIQUE constraint failed: keyword_index.id
2025-07-30 09:52:08,190 - ERROR - DB insert error: UNIQUE constraint failed: keyword_index.id
2025-07-30 09:52:08,190 - ERROR - DB insert error: UNIQUE constraint failed: keyword_index.id
2025-07-30 09:52:08,190 - ERROR - DB insert error: UNIQUE constraint failed: keyword_index.id
2025-07-30 09:52:08,190 - ERROR - DB insert error: UNIQUE constraint failed: keyword_index.id
2025-07-30 09:52:08,190 - ERROR - DB insert error: UNIQUE constraint failed: keyword_index.id
2025-07-30 09:52:08,191 - ERROR - DB insert error: UNIQUE constraint failed: keyword_index.id
2025-07-30 09:52:08,191 - ERROR - DB insert error: UNIQUE constraint failed: keyword_index.id
2025-07-30 09:52:08,191 - ERROR - DB insert error: UNIQUE constraint failed: keyword_index.id
2025-07-30 09:52:08,192 - ERROR - DB insert error: UNIQUE constraint failed: keyword_index.id
2025-07-30 09:52:08,192 - ERROR - DB insert error: UNIQUE constraint failed: keyword_index.id
2025-07-30 09:52:08,192 - ERROR - DB insert error: UNIQUE constraint failed: keyword_index.id
2025-07-30 09:52:08,192 - ERROR - DB insert error: UNIQUE constraint failed: keyword_index.id
2025-07-30 09:52:08,193 - ERROR - DB insert error: UNIQUE constraint failed: keyword_index.id
2025-07-30 09:52:08,193 - ERROR - DB insert error: UNIQUE constraint failed: keyword_index.id
2025-07-30 09:52:08,193 - ERROR - DB insert error: UNIQUE constraint failed: keyword_index.id
2025-07-30 09:52:08,193 - ERROR - DB insert error: UNIQUE constraint failed: keyword_index.id
2025-07-30 09:52:08,194 - ERROR - DB insert error: UNIQUE constraint failed: keyword_index.id
2025-07-30 09:52:08,194 - ERROR - DB insert error: UNIQUE constraint failed: keyword_index.id
2025-07-30 09:52:08,195 - ERROR - DB insert error: UNIQUE constraint failed: keyword_index.id
2025-07-30 09:52:08,195 - ERROR - DB insert error: UNIQUE constraint failed: keyword_index.id
2025-07-30 09:52:08,195 - ERROR - DB insert error: UNIQUE constraint failed: keyword_index.id
2025-07-30 09:52:08,195 - ERROR - DB insert error: UNIQUE constraint failed: keyword_index.id
2025-07-30 09:52:08,196 - ERROR - DB insert error: UNIQUE constraint failed: keyword_index.id
2025-07-30 09:52:08,196 - ERROR - DB insert error: UNIQUE constraint failed: keyword_index.id
2025-07-30 09:52:08,196 - ERROR - DB insert error: UNIQUE constraint failed: keyword_index.id
2025-07-30 09:52:08,197 - ERROR - DB insert error: UNIQUE constraint failed: keyword_index.id
2025-07-30 09:52:08,197 - ERROR - DB insert error: UNIQUE constraint failed: keyword_index.id
2025-07-30 09:52:08,197 - ERROR - DB insert error: UNIQUE constraint failed: keyword_index.id
2025-07-30 09:52:08,197 - ERROR - DB insert error: UNIQUE constraint failed: keyword_index.id
2025-07-30 09:52:08,198 - ERROR - DB insert error: UNIQUE constraint failed: keyword_index.id
2025-07-30 09:52:08,198 - ERROR - DB insert error: UNIQUE constraint failed: keyword_index.id
2025-07-30 09:52:08,198 - ERROR - DB insert error: UNIQUE constraint failed: keyword_index.id
2025-07-30 09:52:08,199 - ERROR - DB insert error: UNIQUE constraint failed: keyword_index.id
2025-07-30 09:52:08,199 - ERROR - DB insert error: UNIQUE constraint failed: keyword_index.id
2025-07-30 09:52:08,199 - ERROR - DB insert error: UNIQUE constraint failed: keyword_index.id
2025-07-30 09:52:08,199 - ERROR - DB insert error: UNIQUE constraint failed: keyword_index.id
2025-07-30 09:52:08,199 - ERROR - DB insert error: UNIQUE constraint failed: keyword_index.id
2025-07-30 09:52:08,200 - ERROR - DB insert error: UNIQUE constraint failed: keyword_index.id
2025-07-30 09:52:08,200 - ERROR - DB insert error: UNIQUE constraint failed: keyword_index.id
2025-07-30 09:52:08,200 - ERROR - DB insert error: UNIQUE constraint failed: keyword_index.id
2025-07-30 09:52:08,200 - ERROR - DB insert error: UNIQUE constraint failed: keyword_index.id
2025-07-30 09:52:08,201 - ERROR - DB insert error: UNIQUE constraint failed: keyword_index.id
2025-07-30 09:52:08,201 - ERROR - DB insert error: UNIQUE constraint failed: keyword_index.id
2025-07-30 09:52:08,201 - ERROR - DB insert error: UNIQUE constraint failed: keyword_index.id
2025-07-30 09:52:08,202 - ERROR - DB insert error: UNIQUE constraint failed: keyword_index.id
2025-07-30 09:52:08,202 - ERROR - DB insert error: UNIQUE constraint failed: keyword_index.id
2025-07-30 09:52:08,202 - ERROR - DB insert error: UNIQUE constraint failed: keyword_index.id
2025-07-30 09:52:08,202 - ERROR - DB insert error: UNIQUE constraint failed: keyword_index.id
2025-07-30 09:52:08,202 - ERROR - DB insert error: UNIQUE constraint failed: keyword_index.id
2025-07-30 09:52:08,202 - ERROR - DB insert error: UNIQUE constraint failed: keyword_index.id
2025-07-30 09:52:08,203 - ERROR - DB insert error: UNIQUE constraint failed: keyword_index.id
2025-07-30 09:52:08,203 - ERROR - DB insert error: UNIQUE constraint failed: keyword_index.id
2025-07-30 09:52:08,203 - ERROR - DB insert error: UNIQUE constraint failed: keyword_index.id
2025-07-30 09:52:08,203 - ERROR - DB insert error: UNIQUE constraint failed: keyword_index.id
2025-07-30 09:52:08,204 - ERROR - DB insert error: UNIQUE constraint failed: keyword_index.id
2025-07-30 09:52:08,204 - ERROR - DB insert error: UNIQUE constraint failed: keyword_index.id
2025-07-30 09:52:08,204 - ERROR - DB insert error: UNIQUE constraint failed: keyword_index.id
2025-07-30 09:52:08,204 - ERROR - DB insert error: UNIQUE constraint failed: keyword_index.id
2025-07-30 09:52:08,205 - ERROR - DB insert error: UNIQUE constraint failed: keyword_index.id
2025-07-30 09:52:08,205 - ERROR - DB insert error: UNIQUE constraint failed: keyword_index.id
2025-07-30 09:52:08,205 - ERROR - DB insert error: UNIQUE constraint failed: keyword_index.id
2025-07-30 09:52:08,206 - ERROR - DB insert error: UNIQUE constraint failed: keyword_index.id
2025-07-30 09:52:08,206 - ERROR - DB insert error: UNIQUE constraint failed: keyword_index.id
2025-07-30 09:52:08,206 - ERROR - DB insert error: UNIQUE constraint failed: keyword_index.id
2025-07-30 09:52:08,207 - ERROR - DB insert error: UNIQUE constraint failed: keyword_index.id
2025-07-30 09:52:08,207 - ERROR - DB insert error: UNIQUE constraint failed: keyword_index.id
2025-07-30 09:52:08,207 - ERROR - DB insert error: UNIQUE constraint failed: keyword_index.id
2025-07-30 09:52:08,208 - ERROR - DB insert error: UNIQUE constraint failed: keyword_index.id
2025-07-30 09:52:08,208 - ERROR - DB insert error: UNIQUE constraint failed: keyword_index.id
2025-07-30 09:52:08,208 - ERROR - DB insert error: UNIQUE constraint failed: keyword_index.id
2025-07-30 09:52:08,208 - ERROR - DB insert error: UNIQUE constraint failed: keyword_index.id
2025-07-30 09:52:08,209 - ERROR - DB insert error: UNIQUE constraint failed: keyword_index.id
2025-07-30 09:52:08,209 - ERROR - DB insert error: UNIQUE constraint failed: keyword_index.id
2025-07-30 09:52:08,209 - ERROR - DB insert error: UNIQUE constraint failed: keyword_index.id
2025-07-30 09:52:08,210 - ERROR - DB insert error: UNIQUE constraint failed: keyword_index.id
2025-07-30 09:52:08,210 - ERROR - DB insert error: UNIQUE constraint failed: keyword_index.id
2025-07-30 09:52:08,210 - ERROR - DB insert error: UNIQUE constraint failed: keyword_index.id
2025-07-30 09:52:08,211 - ERROR - DB insert error: UNIQUE constraint failed: keyword_index.id
2025-07-30 09:52:08,211 - ERROR - DB insert error: UNIQUE constraint failed: keyword_index.id
2025-07-30 09:52:08,211 - ERROR - DB insert error: UNIQUE constraint failed: keyword_index.id
2025-07-30 09:52:08,211 - ERROR - DB insert error: UNIQUE constraint failed: keyword_index.id
2025-07-30 09:52:08,211 - ERROR - DB insert error: UNIQUE constraint failed: keyword_index.id
2025-07-30 09:52:08,212 - ERROR - DB insert error: UNIQUE constraint failed: keyword_index.id
2025-07-30 09:52:08,212 - ERROR - DB insert error: UNIQUE constraint failed: keyword_index.id
2025-07-30 09:52:08,212 - ERROR - DB insert error: UNIQUE constraint failed: keyword_index.id
2025-07-30 09:52:08,213 - ERROR - DB insert error: UNIQUE constraint failed: keyword_index.id
2025-07-30 09:52:08,213 - ERROR - DB insert error: UNIQUE constraint failed: keyword_index.id
2025-07-30 09:52:08,213 - ERROR - DB insert error: UNIQUE constraint failed: keyword_index.id
2025-07-30 09:52:08,214 - ERROR - DB insert error: UNIQUE constraint failed: keyword_index.id
2025-07-30 09:52:08,214 - ERROR - DB insert error: UNIQUE constraint failed: keyword_index.id
2025-07-30 09:52:08,215 - ERROR - DB insert error: UNIQUE constraint failed: keyword_index.id
2025-07-30 09:52:08,215 - ERROR - DB insert error: UNIQUE constraint failed: keyword_index.id
2025-07-30 09:52:08,215 - ERROR - DB insert error: UNIQUE constraint failed: keyword_index.id
2025-07-30 09:52:08,216 - ERROR - DB insert error: UNIQUE constraint failed: keyword_index.id
2025-07-30 09:52:08,216 - ERROR - DB insert error: UNIQUE constraint failed: keyword_index.id
2025-07-30 09:52:08,216 - ERROR - DB insert error: UNIQUE constraint failed: keyword_index.id
2025-07-30 09:52:08,216 - ERROR - DB insert error: UNIQUE constraint failed: keyword_index.id
2025-07-30 09:52:08,217 - ERROR - DB insert error: UNIQUE constraint failed: keyword_index.id
2025-07-30 09:52:08,217 - ERROR - DB insert error: UNIQUE constraint failed: keyword_index.id
2025-07-30 09:52:08,217 - ERROR - DB insert error: UNIQUE constraint failed: keyword_index.id
2025-07-30 09:52:08,217 - ERROR - DB insert error: UNIQUE constraint failed: keyword_index.id
2025-07-30 09:52:08,217 - ERROR - DB insert error: UNIQUE constraint failed: keyword_index.id
2025-07-30 09:52:08,218 - ERROR - DB insert error: UNIQUE constraint failed: keyword_index.id
2025-07-30 09:52:08,218 - ERROR - DB insert error: UNIQUE constraint failed: keyword_index.id
2025-07-30 09:52:08,218 - ERROR - DB insert error: UNIQUE constraint failed: keyword_index.id
2025-07-30 09:52:08,219 - ERROR - DB insert error: UNIQUE constraint failed: keyword_index.id
2025-07-30 09:52:08,219 - ERROR - DB insert error: UNIQUE constraint failed: keyword_index.id
2025-07-30 09:52:08,219 - ERROR - DB insert error: UNIQUE constraint failed: keyword_index.id
2025-07-30 09:52:08,220 - ERROR - DB insert error: UNIQUE constraint failed: keyword_index.id
2025-07-30 09:52:08,220 - ERROR - DB insert error: UNIQUE constraint failed: keyword_index.id
2025-07-30 09:52:08,220 - ERROR - DB insert error: UNIQUE constraint failed: keyword_index.id
2025-07-30 09:52:08,220 - ERROR - DB insert error: UNIQUE constraint failed: keyword_index.id
2025-07-30 09:52:08,220 - ERROR - DB insert error: UNIQUE constraint failed: keyword_index.id
2025-07-30 09:52:08,221 - ERROR - DB insert error: UNIQUE constraint failed: keyword_index.id
2025-07-30 09:52:08,221 - ERROR - DB insert error: UNIQUE constraint failed: keyword_index.id
2025-07-30 09:52:08,221 - ERROR - DB insert error: UNIQUE constraint failed: keyword_index.id
2025-07-30 09:52:08,222 - ERROR - DB insert error: UNIQUE constraint failed: keyword_index.id
2025-07-30 09:52:08,222 - ERROR - DB insert error: UNIQUE constraint failed: keyword_index.id
2025-07-30 09:52:08,222 - ERROR - DB insert error: UNIQUE constraint failed: keyword_index.id
2025-07-30 09:52:08,223 - ERROR - DB insert error: UNIQUE constraint failed: keyword_index.id
2025-07-30 09:52:08,223 - ERROR - DB insert error: UNIQUE constraint failed: keyword_index.id
2025-07-30 09:52:08,223 - ERROR - DB insert error: UNIQUE constraint failed: keyword_index.id
2025-07-30 09:52:08,224 - ERROR - DB insert error: UNIQUE constraint failed: keyword_index.id
2025-07-30 09:52:08,224 - ERROR - DB insert error: UNIQUE constraint failed: keyword_index.id
2025-07-30 09:52:08,224 - ERROR - DB insert error: UNIQUE constraint failed: keyword_index.id
2025-07-30 09:52:08,224 - ERROR - DB insert error: UNIQUE constraint failed: keyword_index.id
2025-07-30 09:52:08,224 - ERROR - DB insert error: UNIQUE constraint failed: keyword_index.id
2025-07-30 09:52:08,225 - ERROR - DB insert error: UNIQUE constraint failed: keyword_index.id
2025-07-30 09:52:08,225 - ERROR - DB insert error: UNIQUE constraint failed: keyword_index.id
2025-07-30 09:52:08,225 - ERROR - DB insert error: UNIQUE constraint failed: keyword_index.id
2025-07-30 09:52:08,226 - ERROR - DB insert error: UNIQUE constraint failed: keyword_index.id
2025-07-30 09:52:08,226 - ERROR - DB insert error: UNIQUE constraint failed: keyword_index.id
2025-07-30 09:52:08,226 - ERROR - DB insert error: UNIQUE constraint failed: keyword_index.id
2025-07-30 09:52:08,226 - ERROR - DB insert error: UNIQUE constraint failed: keyword_index.id
2025-07-30 09:52:08,227 - ERROR - DB insert error: UNIQUE constraint failed: keyword_index.id
2025-07-30 09:52:08,227 - ERROR - DB insert error: UNIQUE constraint failed: keyword_index.id
2025-07-30 09:52:08,227 - ERROR - DB insert error: UNIQUE constraint failed: keyword_index.id
2025-07-30 09:52:08,227 - ERROR - DB insert error: UNIQUE constraint failed: keyword_index.id
2025-07-30 09:52:08,228 - ERROR - DB insert error: UNIQUE constraint failed: keyword_index.id
2025-07-30 09:52:08,228 - ERROR - DB insert error: UNIQUE constraint failed: keyword_index.id
2025-07-30 09:52:08,228 - ERROR - DB insert error: UNIQUE constraint failed: keyword_index.id
2025-07-30 09:52:08,228 - ERROR - DB insert error: UNIQUE constraint failed: keyword_index.id
2025-07-30 09:52:08,229 - ERROR - DB insert error: UNIQUE constraint failed: keyword_index.id
2025-07-30 09:52:08,229 - ERROR - DB insert error: UNIQUE constraint failed: keyword_index.id
2025-07-30 09:52:08,229 - ERROR - DB insert error: UNIQUE constraint failed: keyword_index.id
2025-07-30 09:52:08,229 - ERROR - DB insert error: UNIQUE constraint failed: keyword_index.id
2025-07-30 09:52:08,230 - ERROR - DB insert error: UNIQUE constraint failed: keyword_index.id
2025-07-30 09:52:08,230 - ERROR - DB insert error: UNIQUE constraint failed: keyword_index.id
2025-07-30 09:52:08,230 - ERROR - DB insert error: UNIQUE constraint failed: keyword_index.id
2025-07-30 09:52:08,230 - ERROR - DB insert error: UNIQUE constraint failed: keyword_index.id
2025-07-30 09:52:08,231 - ERROR - DB insert error: UNIQUE constraint failed: keyword_index.id
2025-07-30 09:52:08,231 - ERROR - DB insert error: UNIQUE constraint failed: keyword_index.id
2025-07-30 09:52:08,231 - ERROR - DB insert error: UNIQUE constraint failed: keyword_index.id
2025-07-30 09:52:08,232 - ERROR - DB insert error: UNIQUE constraint failed: keyword_index.id
2025-07-30 09:52:08,232 - ERROR - DB insert error: UNIQUE constraint failed: keyword_index.id
2025-07-30 09:52:08,232 - ERROR - DB insert error: UNIQUE constraint failed: keyword_index.id
2025-07-30 09:52:08,233 - ERROR - DB insert error: UNIQUE constraint failed: keyword_index.id
2025-07-30 09:52:08,233 - ERROR - DB insert error: UNIQUE constraint failed: keyword_index.id
2025-07-30 09:52:08,233 - ERROR - DB insert error: UNIQUE constraint failed: keyword_index.id
2025-07-30 09:52:08,234 - ERROR - DB insert error: UNIQUE constraint failed: keyword_index.id
2025-07-30 09:52:08,234 - ERROR - DB insert error: UNIQUE constraint failed: keyword_index.id
2025-07-30 09:52:08,234 - ERROR - DB insert error: UNIQUE constraint failed: keyword_index.id
2025-07-30 09:52:08,235 - ERROR - DB insert error: UNIQUE constraint failed: keyword_index.id
2025-07-30 09:52:08,235 - ERROR - DB insert error: UNIQUE constraint failed: keyword_index.id
2025-07-30 09:52:08,235 - ERROR - DB insert error: UNIQUE constraint failed: keyword_index.id
2025-07-30 09:52:08,235 - ERROR - DB insert error: UNIQUE constraint failed: keyword_index.id
2025-07-30 09:52:08,236 - ERROR - DB insert error: UNIQUE constraint failed: keyword_index.id
2025-07-30 09:52:08,236 - ERROR - DB insert error: UNIQUE constraint failed: keyword_index.id
2025-07-30 09:52:08,236 - ERROR - DB insert error: UNIQUE constraint failed: keyword_index.id
2025-07-30 09:52:08,237 - ERROR - DB insert error: UNIQUE constraint failed: keyword_index.id
2025-07-30 09:52:08,237 - ERROR - DB insert error: UNIQUE constraint failed: keyword_index.id
2025-07-30 09:52:08,237 - ERROR - DB insert error: UNIQUE constraint failed: keyword_index.id
2025-07-30 09:52:08,237 - ERROR - DB insert error: UNIQUE constraint failed: keyword_index.id
2025-07-30 09:52:08,238 - ERROR - DB insert error: UNIQUE constraint failed: keyword_index.id
2025-07-30 09:52:08,238 - ERROR - DB insert error: UNIQUE constraint failed: keyword_index.id
2025-07-30 09:52:08,238 - ERROR - DB insert error: UNIQUE constraint failed: keyword_index.id
2025-07-30 09:52:08,239 - ERROR - DB insert error: UNIQUE constraint failed: keyword_index.id
2025-07-30 09:52:08,239 - ERROR - DB insert error: UNIQUE constraint failed: keyword_index.id
2025-07-30 09:52:08,239 - ERROR - DB insert error: UNIQUE constraint failed: keyword_index.id
2025-07-30 09:52:08,240 - ERROR - DB insert error: UNIQUE constraint failed: keyword_index.id
2025-07-30 09:52:08,240 - ERROR - DB insert error: UNIQUE constraint failed: keyword_index.id
2025-07-30 09:52:08,240 - ERROR - DB insert error: UNIQUE constraint failed: keyword_index.id
2025-07-30 09:52:08,240 - ERROR - DB insert error: UNIQUE constraint failed: keyword_index.id
2025-07-30 09:52:08,241 - ERROR - DB insert error: UNIQUE constraint failed: keyword_index.id
2025-07-30 09:52:08,241 - ERROR - DB insert error: UNIQUE constraint failed: keyword_index.id
2025-07-30 09:52:08,241 - ERROR - DB insert error: UNIQUE constraint failed: keyword_index.id
2025-07-30 09:52:08,241 - ERROR - DB insert error: UNIQUE constraint failed: keyword_index.id
2025-07-30 09:52:08,242 - ERROR - DB insert error: UNIQUE constraint failed: keyword_index.id
2025-07-30 09:52:08,242 - ERROR - DB insert error: UNIQUE constraint failed: keyword_index.id
2025-07-30 09:52:08,242 - ERROR - DB insert error: UNIQUE constraint failed: keyword_index.id
2025-07-30 09:52:08,243 - ERROR - DB insert error: UNIQUE constraint failed: keyword_index.id
2025-07-30 09:52:08,243 - ERROR - DB insert error: UNIQUE constraint failed: keyword_index.id
2025-07-30 09:52:08,243 - ERROR - DB insert error: UNIQUE constraint failed: keyword_index.id
2025-07-30 09:52:08,243 - ERROR - DB insert error: UNIQUE constraint failed: keyword_index.id
2025-07-30 09:52:08,244 - ERROR - DB insert error: UNIQUE constraint failed: keyword_index.id
2025-07-30 09:52:08,244 - ERROR - DB insert error: UNIQUE constraint failed: keyword_index.id
2025-07-30 09:52:08,244 - ERROR - DB insert error: UNIQUE constraint failed: keyword_index.id
2025-07-30 09:52:08,244 - ERROR - DB insert error: UNIQUE constraint failed: keyword_index.id
2025-07-30 09:52:08,245 - ERROR - DB insert error: UNIQUE constraint failed: keyword_index.id
2025-07-30 09:52:08,245 - ERROR - DB insert error: UNIQUE constraint failed: keyword_index.id
2025-07-30 09:52:08,245 - ERROR - DB insert error: UNIQUE constraint failed: keyword_index.id
2025-07-30 09:52:08,245 - ERROR - DB insert error: UNIQUE constraint failed: keyword_index.id
2025-07-30 09:52:08,246 - ERROR - DB insert error: UNIQUE constraint failed: keyword_index.id
2025-07-30 09:52:08,246 - ERROR - DB insert error: UNIQUE constraint failed: keyword_index.id
2025-07-30 09:52:08,246 - ERROR - DB insert error: UNIQUE constraint failed: keyword_index.id
2025-07-30 09:52:08,246 - ERROR - DB insert error: UNIQUE constraint failed: keyword_index.id
2025-07-30 09:52:08,247 - ERROR - DB insert error: UNIQUE constraint failed: keyword_index.id
2025-07-30 09:52:08,247 - ERROR - DB insert error: UNIQUE constraint failed: keyword_index.id
2025-07-30 09:52:08,247 - ERROR - DB insert error: UNIQUE constraint failed: keyword_index.id
2025-07-30 09:52:08,247 - ERROR - DB insert error: UNIQUE constraint failed: keyword_index.id
2025-07-30 09:52:08,248 - ERROR - DB insert error: UNIQUE constraint failed: keyword_index.id
2025-07-30 09:52:08,248 - ERROR - DB insert error: UNIQUE constraint failed: keyword_index.id
2025-07-30 09:52:08,248 - ERROR - DB insert error: UNIQUE constraint failed: keyword_index.id
2025-07-30 09:52:08,249 - ERROR - DB insert error: UNIQUE constraint failed: keyword_index.id
2025-07-30 09:52:08,249 - ERROR - DB insert error: UNIQUE constraint failed: keyword_index.id
2025-07-30 09:52:08,249 - ERROR - DB insert error: UNIQUE constraint failed: keyword_index.id
2025-07-30 09:52:08,249 - ERROR - DB insert error: UNIQUE constraint failed: keyword_index.id
2025-07-30 09:52:08,250 - ERROR - DB insert error: UNIQUE constraint failed: keyword_index.id
2025-07-30 09:52:08,250 - ERROR - DB insert error: UNIQUE constraint failed: keyword_index.id
2025-07-30 09:52:08,250 - ERROR - DB insert error: UNIQUE constraint failed: keyword_index.id
2025-07-30 09:52:08,251 - ERROR - DB insert error: UNIQUE constraint failed: keyword_index.id
2025-07-30 09:52:08,251 - ERROR - DB insert error: UNIQUE constraint failed: keyword_index.id
2025-07-30 09:52:08,251 - ERROR - DB insert error: UNIQUE constraint failed: keyword_index.id
2025-07-30 09:52:08,251 - ERROR - DB insert error: UNIQUE constraint failed: keyword_index.id
2025-07-30 09:52:08,252 - ERROR - DB insert error: UNIQUE constraint failed: keyword_index.id
2025-07-30 09:52:08,252 - ERROR - DB insert error: UNIQUE constraint failed: keyword_index.id
2025-07-30 09:52:08,252 - ERROR - DB insert error: UNIQUE constraint failed: keyword_index.id
2025-07-30 09:52:08,252 - ERROR - DB insert error: UNIQUE constraint failed: keyword_index.id
2025-07-30 09:52:08,253 - ERROR - DB insert error: UNIQUE constraint failed: keyword_index.id
2025-07-30 09:52:08,253 - ERROR - DB insert error: UNIQUE constraint failed: keyword_index.id
2025-07-30 09:52:08,253 - ERROR - DB insert error: UNIQUE constraint failed: keyword_index.id
2025-07-30 09:52:08,253 - ERROR - DB insert error: UNIQUE constraint failed: keyword_index.id
2025-07-30 09:52:08,254 - ERROR - DB insert error: UNIQUE constraint failed: keyword_index.id
2025-07-30 09:52:08,254 - ERROR - DB insert error: UNIQUE constraint failed: keyword_index.id
2025-07-30 09:52:08,254 - ERROR - DB insert error: UNIQUE constraint failed: keyword_index.id
2025-07-30 09:52:08,254 - ERROR - DB insert error: UNIQUE constraint failed: keyword_index.id
2025-07-30 09:52:08,255 - ERROR - DB insert error: UNIQUE constraint failed: keyword_index.id
2025-07-30 09:52:08,255 - ERROR - DB insert error: UNIQUE constraint failed: keyword_index.id
2025-07-30 09:52:08,256 - ERROR - DB insert error: UNIQUE constraint failed: keyword_index.id
2025-07-30 09:52:08,256 - ERROR - DB insert error: UNIQUE constraint failed: keyword_index.id
2025-07-30 09:52:08,256 - ERROR - DB insert error: UNIQUE constraint failed: keyword_index.id
2025-07-30 09:52:08,257 - ERROR - DB insert error: UNIQUE constraint failed: keyword_index.id
2025-07-30 09:52:08,257 - ERROR - DB insert error: UNIQUE constraint failed: keyword_index.id
2025-07-30 09:52:08,257 - ERROR - DB insert error: UNIQUE constraint failed: keyword_index.id
2025-07-30 09:52:08,258 - ERROR - DB insert error: UNIQUE constraint failed: keyword_index.id
2025-07-30 09:52:08,258 - ERROR - DB insert error: UNIQUE constraint failed: keyword_index.id
2025-07-30 09:52:08,258 - ERROR - DB insert error: UNIQUE constraint failed: keyword_index.id
2025-07-30 09:52:08,258 - ERROR - DB insert error: UNIQUE constraint failed: keyword_index.id
2025-07-30 09:52:08,258 - ERROR - DB insert error: UNIQUE constraint failed: keyword_index.id
2025-07-30 09:52:08,259 - ERROR - DB insert error: UNIQUE constraint failed: keyword_index.id
2025-07-30 09:52:08,259 - ERROR - DB insert error: UNIQUE constraint failed: keyword_index.id
2025-07-30 09:52:08,259 - ERROR - DB insert error: UNIQUE constraint failed: keyword_index.id
2025-07-30 09:52:08,259 - ERROR - DB insert error: UNIQUE constraint failed: keyword_index.id
2025-07-30 09:52:08,260 - ERROR - DB insert error: UNIQUE constraint failed: keyword_index.id
2025-07-30 09:52:08,260 - ERROR - DB insert error: UNIQUE constraint failed: keyword_index.id
2025-07-30 09:52:08,260 - ERROR - DB insert error: UNIQUE constraint failed: keyword_index.id
2025-07-30 09:52:08,261 - ERROR - DB insert error: UNIQUE constraint failed: keyword_index.id
2025-07-30 09:52:08,261 - ERROR - DB insert error: UNIQUE constraint failed: keyword_index.id
2025-07-30 09:52:08,262 - ERROR - DB insert error: UNIQUE constraint failed: keyword_index.id
2025-07-30 09:52:08,262 - ERROR - DB insert error: UNIQUE constraint failed: keyword_index.id
2025-07-30 09:52:08,262 - ERROR - DB insert error: UNIQUE constraint failed: keyword_index.id
2025-07-30 09:52:08,262 - ERROR - DB insert error: UNIQUE constraint failed: keyword_index.id
2025-07-30 09:52:08,262 - ERROR - DB insert error: UNIQUE constraint failed: keyword_index.id
2025-07-30 09:52:08,263 - ERROR - DB insert error: UNIQUE constraint failed: keyword_index.id
2025-07-30 09:52:08,263 - ERROR - DB insert error: UNIQUE constraint failed: keyword_index.id
2025-07-30 09:52:08,263 - ERROR - DB insert error: UNIQUE constraint failed: keyword_index.id
2025-07-30 09:52:08,263 - ERROR - DB insert error: UNIQUE constraint failed: keyword_index.id
2025-07-30 09:52:08,264 - ERROR - DB insert error: UNIQUE constraint failed: keyword_index.id
2025-07-30 09:52:08,264 - ERROR - DB insert error: UNIQUE constraint failed: keyword_index.id
2025-07-30 09:52:08,264 - ERROR - DB insert error: UNIQUE constraint failed: keyword_index.id
2025-07-30 09:52:08,264 - ERROR - DB insert error: UNIQUE constraint failed: keyword_index.id
2025-07-30 09:52:08,265 - ERROR - DB insert error: UNIQUE constraint failed: keyword_index.id
2025-07-30 09:52:08,265 - ERROR - DB insert error: UNIQUE constraint failed: keyword_index.id
2025-07-30 09:52:08,265 - ERROR - DB insert error: UNIQUE constraint failed: keyword_index.id
2025-07-30 09:52:08,266 - ERROR - DB insert error: UNIQUE constraint failed: keyword_index.id
2025-07-30 09:52:08,266 - ERROR - DB insert error: UNIQUE constraint failed: keyword_index.id
2025-07-30 09:52:08,266 - ERROR - DB insert error: UNIQUE constraint failed: keyword_index.id
2025-07-30 09:52:08,266 - ERROR - DB insert error: UNIQUE constraint failed: keyword_index.id
2025-07-30 09:52:08,267 - ERROR - DB insert error: UNIQUE constraint failed: keyword_index.id
2025-07-30 09:52:08,267 - ERROR - DB insert error: UNIQUE constraint failed: keyword_index.id
2025-07-30 09:52:08,267 - ERROR - DB insert error: UNIQUE constraint failed: keyword_index.id
2025-07-30 09:52:08,267 - ERROR - DB insert error: UNIQUE constraint failed: keyword_index.id
2025-07-30 09:52:08,268 - ERROR - DB insert error: UNIQUE constraint failed: keyword_index.id
2025-07-30 09:52:08,268 - ERROR - DB insert error: UNIQUE constraint failed: keyword_index.id
2025-07-30 09:52:08,268 - ERROR - DB insert error: UNIQUE constraint failed: keyword_index.id
2025-07-30 09:52:08,268 - ERROR - DB insert error: UNIQUE constraint failed: keyword_index.id
2025-07-30 09:52:08,269 - ERROR - DB insert error: UNIQUE constraint failed: keyword_index.id
2025-07-30 09:52:08,269 - ERROR - DB insert error: UNIQUE constraint failed: keyword_index.id
2025-07-30 09:52:08,269 - ERROR - DB insert error: UNIQUE constraint failed: keyword_index.id
2025-07-30 09:52:08,270 - ERROR - DB insert error: UNIQUE constraint failed: keyword_index.id
2025-07-30 09:52:08,270 - ERROR - DB insert error: UNIQUE constraint failed: keyword_index.id
2025-07-30 09:52:08,271 - ERROR - DB insert error: UNIQUE constraint failed: keyword_index.id
2025-07-30 09:52:08,271 - ERROR - DB insert error: UNIQUE constraint failed: keyword_index.id
2025-07-30 09:52:08,271 - ERROR - DB insert error: UNIQUE constraint failed: keyword_index.id
2025-07-30 09:52:08,271 - ERROR - DB insert error: UNIQUE constraint failed: keyword_index.id
2025-07-30 09:52:08,271 - ERROR - DB insert error: UNIQUE constraint failed: keyword_index.id
2025-07-30 09:52:08,272 - ERROR - DB insert error: UNIQUE constraint failed: keyword_index.id
2025-07-30 09:52:08,272 - ERROR - DB insert error: UNIQUE constraint failed: keyword_index.id
2025-07-30 09:52:08,273 - ERROR - DB insert error: UNIQUE constraint failed: keyword_index.id
2025-07-30 09:52:08,273 - ERROR - DB insert error: UNIQUE constraint failed: keyword_index.id
2025-07-30 09:52:08,273 - ERROR - DB insert error: UNIQUE constraint failed: keyword_index.id
2025-07-30 09:52:08,273 - ERROR - DB insert error: UNIQUE constraint failed: keyword_index.id
2025-07-30 09:52:08,274 - ERROR - DB insert error: UNIQUE constraint failed: keyword_index.id
2025-07-30 09:52:08,274 - ERROR - DB insert error: UNIQUE constraint failed: keyword_index.id
2025-07-30 09:52:08,274 - ERROR - DB insert error: UNIQUE constraint failed: keyword_index.id
2025-07-30 09:52:08,274 - ERROR - DB insert error: UNIQUE constraint failed: keyword_index.id
2025-07-30 09:52:08,275 - ERROR - DB insert error: UNIQUE constraint failed: keyword_index.id
2025-07-30 09:52:08,275 - ERROR - DB insert error: UNIQUE constraint failed: keyword_index.id
2025-07-30 09:52:08,275 - ERROR - DB insert error: UNIQUE constraint failed: keyword_index.id
2025-07-30 09:52:08,275 - ERROR - DB insert error: UNIQUE constraint failed: keyword_index.id
2025-07-30 09:52:08,276 - ERROR - DB insert error: UNIQUE constraint failed: keyword_index.id
2025-07-30 09:52:08,276 - ERROR - DB insert error: UNIQUE constraint failed: keyword_index.id
2025-07-30 09:52:08,276 - ERROR - DB insert error: UNIQUE constraint failed: keyword_index.id
2025-07-30 09:52:08,276 - ERROR - DB insert error: UNIQUE constraint failed: keyword_index.id
2025-07-30 09:52:08,277 - ERROR - DB insert error: UNIQUE constraint failed: keyword_index.id
2025-07-30 09:52:08,277 - ERROR - DB insert error: UNIQUE constraint failed: keyword_index.id
2025-07-30 09:52:08,277 - ERROR - DB insert error: UNIQUE constraint failed: keyword_index.id
2025-07-30 09:52:08,277 - ERROR - DB insert error: UNIQUE constraint failed: keyword_index.id
2025-07-30 09:52:08,277 - ERROR - DB insert error: UNIQUE constraint failed: keyword_index.id
2025-07-30 09:52:08,278 - ERROR - DB insert error: UNIQUE constraint failed: keyword_index.id
2025-07-30 09:52:08,278 - ERROR - DB insert error: UNIQUE constraint failed: keyword_index.id
2025-07-30 09:52:08,278 - ERROR - DB insert error: UNIQUE constraint failed: keyword_index.id
2025-07-30 09:52:08,279 - ERROR - DB insert error: UNIQUE constraint failed: keyword_index.id
2025-07-30 09:52:08,279 - ERROR - DB insert error: UNIQUE constraint failed: keyword_index.id
2025-07-30 09:52:08,279 - ERROR - DB insert error: UNIQUE constraint failed: keyword_index.id
2025-07-30 09:52:08,279 - ERROR - DB insert error: UNIQUE constraint failed: keyword_index.id
2025-07-30 09:52:08,280 - ERROR - DB insert error: UNIQUE constraint failed: keyword_index.id
2025-07-30 09:52:08,280 - ERROR - DB insert error: UNIQUE constraint failed: keyword_index.id
2025-07-30 09:52:08,280 - ERROR - DB insert error: UNIQUE constraint failed: keyword_index.id
2025-07-30 09:52:08,280 - ERROR - DB insert error: UNIQUE constraint failed: keyword_index.id
2025-07-30 09:52:08,281 - ERROR - DB insert error: UNIQUE constraint failed: keyword_index.id
2025-07-30 09:52:08,281 - ERROR - DB insert error: UNIQUE constraint failed: keyword_index.id
2025-07-30 09:52:08,282 - ERROR - DB insert error: UNIQUE constraint failed: keyword_index.id
2025-07-30 09:52:08,282 - ERROR - DB insert error: UNIQUE constraint failed: keyword_index.id
2025-07-30 09:52:08,282 - ERROR - DB insert error: UNIQUE constraint failed: keyword_index.id
2025-07-30 09:52:08,283 - ERROR - DB insert error: UNIQUE constraint failed: keyword_index.id
2025-07-30 09:52:08,283 - ERROR - DB insert error: UNIQUE constraint failed: keyword_index.id
2025-07-30 09:52:08,283 - ERROR - DB insert error: UNIQUE constraint failed: keyword_index.id
2025-07-30 09:52:08,284 - ERROR - DB insert error: UNIQUE constraint failed: keyword_index.id
2025-07-30 09:52:08,284 - ERROR - DB insert error: UNIQUE constraint failed: keyword_index.id
2025-07-30 09:52:08,285 - ERROR - DB insert error: UNIQUE constraint failed: keyword_index.id
2025-07-30 09:52:08,285 - ERROR - DB insert error: UNIQUE constraint failed: keyword_index.id
2025-07-30 09:52:08,285 - ERROR - DB insert error: UNIQUE constraint failed: keyword_index.id
2025-07-30 09:52:08,285 - ERROR - DB insert error: UNIQUE constraint failed: keyword_index.id
2025-07-30 09:52:08,285 - ERROR - DB insert error: UNIQUE constraint failed: keyword_index.id
2025-07-30 09:52:08,286 - ERROR - DB insert error: UNIQUE constraint failed: keyword_index.id
2025-07-30 09:52:08,286 - ERROR - DB insert error: UNIQUE constraint failed: keyword_index.id
2025-07-30 09:52:08,287 - ERROR - DB insert error: UNIQUE constraint failed: keyword_index.id
2025-07-30 09:52:08,287 - ERROR - DB insert error: UNIQUE constraint failed: keyword_index.id
2025-07-30 09:52:08,287 - ERROR - DB insert error: UNIQUE constraint failed: keyword_index.id
2025-07-30 09:52:08,288 - ERROR - DB insert error: UNIQUE constraint failed: keyword_index.id
2025-07-30 09:52:08,288 - ERROR - DB insert error: UNIQUE constraint failed: keyword_index.id
2025-07-30 09:52:08,288 - ERROR - DB insert error: UNIQUE constraint failed: keyword_index.id
2025-07-30 09:52:08,288 - ERROR - DB insert error: UNIQUE constraint failed: keyword_index.id
2025-07-30 09:52:08,289 - ERROR - DB insert error: UNIQUE constraint failed: keyword_index.id
2025-07-30 09:52:08,289 - ERROR - DB insert error: UNIQUE constraint failed: keyword_index.id
2025-07-30 09:52:08,290 - ERROR - DB insert error: UNIQUE constraint failed: keyword_index.id
2025-07-30 09:52:08,290 - ERROR - DB insert error: UNIQUE constraint failed: keyword_index.id
2025-07-30 09:52:08,290 - ERROR - DB insert error: UNIQUE constraint failed: keyword_index.id
2025-07-30 09:52:08,291 - ERROR - DB insert error: UNIQUE constraint failed: keyword_index.id
2025-07-30 09:52:08,291 - ERROR - DB insert error: UNIQUE constraint failed: keyword_index.id
2025-07-30 09:52:08,291 - ERROR - DB insert error: UNIQUE constraint failed: keyword_index.id
2025-07-30 09:52:08,291 - ERROR - DB insert error: UNIQUE constraint failed: keyword_index.id
2025-07-30 09:52:08,292 - ERROR - DB insert error: UNIQUE constraint failed: keyword_index.id
2025-07-30 09:52:08,292 - ERROR - DB insert error: UNIQUE constraint failed: keyword_index.id
2025-07-30 09:52:08,293 - ERROR - DB insert error: UNIQUE constraint failed: keyword_index.id
2025-07-30 09:52:08,293 - ERROR - DB insert error: UNIQUE constraint failed: keyword_index.id
2025-07-30 09:52:08,294 - ERROR - DB insert error: UNIQUE constraint failed: keyword_index.id
2025-07-30 09:52:08,294 - ERROR - DB insert error: UNIQUE constraint failed: keyword_index.id
2025-07-30 09:52:08,294 - ERROR - DB insert error: UNIQUE constraint failed: keyword_index.id
2025-07-30 09:52:08,295 - ERROR - DB insert error: UNIQUE constraint failed: keyword_index.id
2025-07-30 09:52:08,295 - ERROR - DB insert error: UNIQUE constraint failed: keyword_index.id
2025-07-30 09:52:08,295 - ERROR - DB insert error: UNIQUE constraint failed: keyword_index.id
2025-07-30 09:52:08,295 - ERROR - DB insert error: UNIQUE constraint failed: keyword_index.id
2025-07-30 09:52:08,296 - ERROR - DB insert error: UNIQUE constraint failed: keyword_index.id
2025-07-30 09:52:08,296 - ERROR - DB insert error: UNIQUE constraint failed: keyword_index.id
2025-07-30 09:52:08,296 - ERROR - DB insert error: UNIQUE constraint failed: keyword_index.id
2025-07-30 09:52:08,296 - ERROR - DB insert error: UNIQUE constraint failed: keyword_index.id
2025-07-30 09:52:08,296 - ERROR - DB insert error: UNIQUE constraint failed: keyword_index.id
2025-07-30 09:52:08,297 - ERROR - DB insert error: UNIQUE constraint failed: keyword_index.id
2025-07-30 09:52:08,297 - ERROR - DB insert error: UNIQUE constraint failed: keyword_index.id
2025-07-30 09:52:08,297 - ERROR - DB insert error: UNIQUE constraint failed: keyword_index.id
2025-07-30 09:52:08,297 - ERROR - DB insert error: UNIQUE constraint failed: keyword_index.id
2025-07-30 09:52:08,298 - ERROR - DB insert error: UNIQUE constraint failed: keyword_index.id
2025-07-30 09:52:08,298 - ERROR - DB insert error: UNIQUE constraint failed: keyword_index.id
2025-07-30 09:52:08,298 - ERROR - DB insert error: UNIQUE constraint failed: keyword_index.id
2025-07-30 09:52:08,298 - ERROR - DB insert error: UNIQUE constraint failed: keyword_index.id
2025-07-30 09:52:08,299 - ERROR - DB insert error: UNIQUE constraint failed: keyword_index.id
2025-07-30 09:52:08,299 - ERROR - DB insert error: UNIQUE constraint failed: keyword_index.id
2025-07-30 09:52:08,299 - ERROR - DB insert error: UNIQUE constraint failed: keyword_index.id
2025-07-30 09:52:08,299 - ERROR - DB insert error: UNIQUE constraint failed: keyword_index.id
2025-07-30 09:52:08,299 - ERROR - DB insert error: UNIQUE constraint failed: keyword_index.id
2025-07-30 09:52:08,300 - ERROR - DB insert error: UNIQUE constraint failed: keyword_index.id
2025-07-30 09:52:08,300 - ERROR - DB insert error: UNIQUE constraint failed: keyword_index.id
2025-07-30 09:52:08,300 - ERROR - DB insert error: UNIQUE constraint failed: keyword_index.id
2025-07-30 09:52:08,300 - ERROR - DB insert error: UNIQUE constraint failed: keyword_index.id
2025-07-30 09:52:08,301 - ERROR - DB insert error: UNIQUE constraint failed: keyword_index.id
2025-07-30 09:52:08,301 - ERROR - DB insert error: UNIQUE constraint failed: keyword_index.id
2025-07-30 09:52:08,301 - ERROR - DB insert error: UNIQUE constraint failed: keyword_index.id
2025-07-30 09:52:08,301 - ERROR - DB insert error: UNIQUE constraint failed: keyword_index.id
2025-07-30 09:52:08,302 - ERROR - DB insert error: UNIQUE constraint failed: keyword_index.id
2025-07-30 09:52:08,302 - ERROR - DB insert error: UNIQUE constraint failed: keyword_index.id
2025-07-30 09:52:08,302 - ERROR - DB insert error: UNIQUE constraint failed: keyword_index.id
2025-07-30 09:52:08,302 - ERROR - DB insert error: UNIQUE constraint failed: keyword_index.id
2025-07-30 09:52:08,302 - ERROR - DB insert error: UNIQUE constraint failed: keyword_index.id
2025-07-30 09:52:08,303 - ERROR - DB insert error: UNIQUE constraint failed: keyword_index.id
2025-07-30 09:52:08,303 - ERROR - DB insert error: UNIQUE constraint failed: keyword_index.id
2025-07-30 09:52:08,303 - ERROR - DB insert error: UNIQUE constraint failed: keyword_index.id
2025-07-30 09:52:08,303 - ERROR - DB insert error: UNIQUE constraint failed: keyword_index.id
2025-07-30 09:52:08,304 - ERROR - DB insert error: UNIQUE constraint failed: keyword_index.id
2025-07-30 09:52:08,304 - ERROR - DB insert error: UNIQUE constraint failed: keyword_index.id
2025-07-30 09:52:08,304 - ERROR - DB insert error: UNIQUE constraint failed: keyword_index.id
2025-07-30 09:52:08,304 - ERROR - DB insert error: UNIQUE constraint failed: keyword_index.id
2025-07-30 09:52:08,305 - ERROR - DB insert error: UNIQUE constraint failed: keyword_index.id
2025-07-30 09:52:08,305 - ERROR - DB insert error: UNIQUE constraint failed: keyword_index.id
2025-07-30 09:52:08,305 - ERROR - DB insert error: UNIQUE constraint failed: keyword_index.id
2025-07-30 09:52:08,305 - ERROR - DB insert error: UNIQUE constraint failed: keyword_index.id
2025-07-30 09:52:08,306 - ERROR - DB insert error: UNIQUE constraint failed: keyword_index.id
2025-07-30 09:52:08,307 - ERROR - DB insert error: UNIQUE constraint failed: keyword_index.id
2025-07-30 09:52:08,307 - ERROR - DB insert error: UNIQUE constraint failed: keyword_index.id
2025-07-30 09:52:08,308 - ERROR - DB insert error: UNIQUE constraint failed: keyword_index.id
2025-07-30 09:52:08,308 - ERROR - DB insert error: UNIQUE constraint failed: keyword_index.id
2025-07-30 09:52:08,309 - ERROR - DB insert error: UNIQUE constraint failed: keyword_index.id
2025-07-30 09:52:08,309 - ERROR - DB insert error: UNIQUE constraint failed: keyword_index.id
2025-07-30 09:52:08,310 - ERROR - DB insert error: UNIQUE constraint failed: keyword_index.id
2025-07-30 09:52:08,310 - ERROR - DB insert error: UNIQUE constraint failed: keyword_index.id
2025-07-30 09:52:08,310 - ERROR - DB insert error: UNIQUE constraint failed: keyword_index.id
2025-07-30 09:52:08,311 - ERROR - DB insert error: UNIQUE constraint failed: keyword_index.id
2025-07-30 09:52:08,311 - ERROR - DB insert error: UNIQUE constraint failed: keyword_index.id
2025-07-30 09:52:08,311 - ERROR - DB insert error: UNIQUE constraint failed: keyword_index.id
2025-07-30 09:52:08,311 - ERROR - DB insert error: UNIQUE constraint failed: keyword_index.id
2025-07-30 09:52:08,311 - ERROR - DB insert error: UNIQUE constraint failed: keyword_index.id
2025-07-30 09:52:08,312 - ERROR - DB insert error: UNIQUE constraint failed: keyword_index.id
2025-07-30 09:52:08,312 - ERROR - DB insert error: UNIQUE constraint failed: keyword_index.id
2025-07-30 09:52:08,312 - ERROR - DB insert error: UNIQUE constraint failed: keyword_index.id
2025-07-30 09:52:08,312 - ERROR - DB insert error: UNIQUE constraint failed: keyword_index.id
2025-07-30 09:52:08,313 - ERROR - DB insert error: UNIQUE constraint failed: keyword_index.id
2025-07-30 09:52:08,313 - ERROR - DB insert error: UNIQUE constraint failed: keyword_index.id
2025-07-30 09:52:08,313 - ERROR - DB insert error: UNIQUE constraint failed: keyword_index.id
2025-07-30 09:52:08,313 - ERROR - DB insert error: UNIQUE constraint failed: keyword_index.id
2025-07-30 09:52:08,313 - ERROR - DB insert error: UNIQUE constraint failed: keyword_index.id
2025-07-30 09:52:08,314 - ERROR - DB insert error: UNIQUE constraint failed: keyword_index.id
2025-07-30 09:52:08,314 - ERROR - DB insert error: UNIQUE constraint failed: keyword_index.id
2025-07-30 09:52:08,314 - ERROR - DB insert error: UNIQUE constraint failed: keyword_index.id
2025-07-30 09:52:08,314 - ERROR - DB insert error: UNIQUE constraint failed: keyword_index.id
2025-07-30 09:52:08,314 - ERROR - DB insert error: UNIQUE constraint failed: keyword_index.id
2025-07-30 09:52:08,315 - ERROR - DB insert error: UNIQUE constraint failed: keyword_index.id
2025-07-30 09:52:08,315 - INFO - Indexed 888 chunks successfully
